drug,candidate_score,sasp_score,reversal_score,n_sasp_turned_off,known_class,in_drugage,drugage_best_lifespan_pct,drugage_mouse,sasp_genes_off
AS-605240,0.9987834101382487,11.997354119499333,47.54107144277605,21,,False,,,AREG;CCL20;CD55;CD9;CST4;CXCL8;DKK1;EREG;ETS2;FAS;GDF15;GEM;IGFBP1;JUN;PLAT;PLAU;PLAUR;SERPINE2;SPP1;VEGFA;VEGFC
Thalidomide,0.9976774193548387,9.993869269985307,48.238875081199005,20,,False,,,CCL20;CD55;CD9;CTSB;CXCL1;CXCL2;CXCL3;CXCL8;EREG;GDF15;GEM;IGFBP2;IGFBP5;IL32;MMP1;MMP12;MMP3;PLAUR;SERPINE2;VEGFA
PD-98059,0.996221198156682,11.956760905551816,25.69922042067015,21,,True,27.0,False,AREG;AXL;CCL20;CD55;CD9;CXCL8;DKK1;ETS2;GDF15;GEM;ICAM1;IGFBP6;IL6;IL6ST;JUN;MMP1;PLAT;PLAUR;SERPINE2;TNFRSF11B;VEGFA
Fostamatinib,0.9955944700460828,12.59045043548508,22.50839862004,22,,False,,,AREG;AXL;C3;CCL20;CD55;CD9;CXCL2;CXCL3;CXCL8;DKK1;EGFR;EREG;GEM;IL18;IL6ST;JUN;PLAT;PLAU;PLAUR;SERPINE1;SERPINE2;VEGFC
Y-27632,0.9955207373271888,9.228439424657392,35.78080696137897,18,,False,,,AXL;CCL2;CD55;CTSB;CXCL2;CXCL8;ETS2;GDF15;GEM;IGFBP2;IGFBP3;IL1B;IL32;MMP1;PLAU;PLAUR;SERPINE2;VEGFC
Erastin,0.9916866359447005,9.070715058845645,20.27046804949918,18,,False,,,C3;CCL2;CCL20;CCL4;CCL5;CCL8;CD9;CSF1;CTSB;CXCL10;CXCL8;GEM;IL15;IL18;IL32;MMP12;MMP9;PLAUR
Potassium-Dichromate,0.988626728110599,7.860449606770791,19.005609292307422,17,,False,,,AREG;BEX3;CCL4;CCL5;CSF2RB;CXCL10;CXCL2;ICAM1;IGFBP4;IGFBP5;IL1B;MMP12;MMP9;PLAT;SERPINE2;TNFRSF11B;VEGFA
Dcv-Gsh,0.9876129032258064,7.273060714026727,22.291244961767028,16,,False,,,AREG;BMP2;CD9;CTSB;CXCL1;CXCL2;CXCL3;CXCL8;HGF;ICAM1;IGFBP3;IGFBP5;MMP1;PLAT;SERPINB4;TNFRSF11B
Orteronel,0.9864516129032258,7.018000006024957,21.68885975160265,16,,False,,,ANGPT1;BMP2;CCL4;CD55;CXCL8;FGF2;GDF15;GEM;LCP1;MMP1;MMP10;MMP13;MMP3;SERPINE2;SPP1;VEGFA
Arsenic-Trioxide,0.980811059907834,7.842391667685963,12.250399049397386,17,,False,,,ANGPT1;AREG;BEX3;BMP2;C3;CCL2;CCL20;CTSB;CXCL1;CXCL2;CXCL3;EDN1;ETS2;FAS;ICAM1;IGFBP3;VEGFA
Tirasemtiv,0.9784147465437788,6.494638350738523,14.39191019549036,15,,False,,,CCL20;CD9;CXCL1;CXCL2;CXCL3;CXCL8;DKK1;GDF15;IGFBP2;MMP12;PLAT;PTGES;SERPINE2;SPP1;VEGFA
Urapidil,0.9781013824884792,5.897961727595752,20.66815494520152,14,,False,,,AXL;BMP6;CCL20;CXCL1;CXCL12;CXCL2;CXCL3;CXCL8;DKK1;GEM;IGFBP6;PLAU;SERPINE2;SPP1
Ibrutinib,0.9778986175115207,7.823212139617069,10.924978749460236,17,,False,,,AREG;CCL4;CD55;CXCL8;DKK1;EREG;GDF15;GEM;IL1A;JUN;MMP1;PLAT;PLAU;PLAUR;SERPINE1;SERPINE2;VEGFC
Isradipine,0.9778986175115207,5.96873244873229,18.52873843565014,15,,False,,,AREG;CCL20;CD55;CD9;CXCL1;CXCL2;CXCL3;CXCL8;GDF15;HGF;IL6;MMP1;PLAUR;SPP1;VEGFA
EMF-csc-9,0.9777327188940093,5.843667325346211,21.855898653323017,14,,False,,,ANG;C3;CCL20;CTNNB1;CXCL2;CXCL8;DKK1;GDF15;IGFBP6;IL6;PAPPA;PTGES;SERPINE2;TNFRSF11B
Temozolomide,0.9766451612903224,5.547414314716492,26.566372175731505,14,,False,,,AREG;CCL20;CD55;CXCL1;CXCL12;CXCL2;CXCL3;CXCL8;IGFBP4;IL1A;IL1B;IL6;SERPINE2;TNFRSF11B
ASSINEX-D328,0.975963133640553,6.020247929453508,15.313347974165492,15,,False,,,AREG;CCL20;CD55;CXCL1;CXCL2;CXCL3;CXCL8;GDF15;IGFBP3;IL18;IL1A;MMP1;MMP3;SERPINE2;VEGFA
Zaleplon,0.9757327188940093,7.295779096983143,10.65394543091564,16,,False,,,AREG;CCL20;CD9;CTNNB1;CTSB;CXCL1;CXCL2;CXCL3;CXCL8;DKK1;IL1B;MMP1;MMP12;PLAT;PLAUR;SERPINE1
OVE-238,0.9757235023041475,5.177576925425736,39.33100942812059,14,,False,,,AREG;CCL20;CD55;CXCL2;CXCL3;CXCL8;DKK1;EREG;FAS;GEM;IL6;JUN;PLAUR;VEGFA
Equol,0.9756313364055298,8.72998244329523,9.358087582585556,18,,False,,,AREG;BMP2;CCL20;CD9;CTSB;CXCL1;CXCL2;CXCL3;CXCL8;IGFBP2;IGFBP5;IGFBP6;IL7;MMP12;MMP9;SERPINE2;SPP1;TNFRSF11B
Rilmenidine,0.9750599078341013,6.478049346227889,12.47729048305499,15,,False,,,CCL20;CCL8;CD55;CXCL1;CXCL2;CXCL3;CXCL8;EREG;GDF15;MMP1;MMP13;PLAU;RPS6KA5;SPP1;VEGFA
Sildenafil,0.9733271889400921,5.860721690699848,15.277966778237476,14,,False,,,AREG;CCL20;CD55;CD9;DKK1;ETS2;GDF15;GEM;MMP1;MMP12;PLAT;PLAUR;SERPINE2;VEGFA
Bupropion,0.9730691244239631,5.458569362091895,18.702465474360892,14,,False,,,AREG;BMP2;CD55;CXCL2;CXCL3;CXCL8;DKK1;IGFBP5;IL15;IL32;MMP10;MMP12;PLAU;SPP1
SB-202190,0.971852534562212,5.1356247937674615,23.858346121130307,13,,False,,,CCL2;CCL20;CXCL8;GDF15;IGFBP4;IL32;IL6;IL6ST;MMP12;MMP9;PAPPA;PLAUR;PTGES
Saxagliptin,0.9703594470046082,5.096756018112027,23.870803824339266,13,,False,,,AREG;CCL20;CD55;CD9;CTNNB1;CXCL8;DKK1;EREG;IGFBP6;IL1B;MMP12;PLAUR;SPP1
Gliquidone,0.9695668202764978,5.173486139199307,17.329953617420447,13,,False,,,AREG;AXL;CD55;CSF2RB;DKK1;IGFBP6;IL32;LCP1;MMP1;MMP12;PLAU;TNFRSF11B;VEGFC
Aztreonam,0.9666912442396314,6.035224459389225,10.118121428835934,15,,False,,,AREG;BEX3;C3;CCL5;CST4;DKK1;GEM;IGFBP2;IGFBP4;IGFBP6;IL32;MMP9;PTGES;TIMP2;TNFRSF11B
Levothyroxine,0.9666175115207373,5.134590659795468,15.784069102126644,14,,False,,,AREG;CCL20;CXCL1;CXCL12;CXCL2;CXCL3;CXCL8;GEM;GMFG;IGFBP2;MMP3;MMP9;PTGES;TNFRSF1B
IOX2,0.9652534562211981,4.927917079099232,18.72060021093604,13,,False,,,AREG;C3;CD55;CXCL10;CXCL2;ETS2;GDF15;GEM;IGF1;IL32;MMP2;PLAT;SERPINE2
Famotidine,0.9646451612903225,6.2338597794725885,9.20489091308652,15,,False,,,CD55;CXCL1;CXCL2;CXCL3;CXCL8;IGFBP6;MMP1;MMP10;MMP12;MMP3;MMP9;PLAT;PLAU;SERPINB4;VEGFA
Semagacestat,0.9646451612903225,5.1282665012851725,14.01885978494404,13,,False,,,AREG;CCL20;CD9;CXCL1;CXCL8;DKK1;EDN1;ESM1;GDF15;MMP10;MMP12;PLAU;SPP1
Salvinorin-A,0.9642027649769584,5.69600124615409,10.617457259323643,14,,False,,,CD55;CTSB;CXCL1;CXCL2;CXCL3;CXCL8;GDF15;IL32;IL6ST;MMP12;MMP3;MMP9;PLAUR;SERPINE1
Ponatinib,0.9636497695852534,11.59491036952751,6.699430135637191,21,,False,,,ANGPTL4;AREG;BMP2;CCL20;CD9;CXCL1;CXCL3;CXCL8;GEM;IL1B;IL6;MMP1;MMP10;MMP12;MMP3;PLAT;PLAU;PLAUR;PTGES;SERPINE1;SPP1
Ondansetron,0.963483870967742,6.517807105036441,8.302663645925573,15,,False,,,AXL;C3;CD55;CST4;CXCL1;CXCL10;CXCL2;CXCL8;GDF15;IL32;IL6;MMP10;MMP14;SPP1;VEGFA
Estriol,0.9629124423963132,5.154613268258727,12.416546131568207,13,,False,,,CD55;CXCL2;CXCL3;CXCL8;FGF2;GDF15;GEM;IL6;MMP12;MMP3;SERPINE2;TNFRSF11B;VEGFC
Meprylcaine,0.9625253456221198,5.170453932170181,11.901256329629634,13,,False,,,ANGPTL4;C3;CD55;CXCL2;ETS2;GDF15;GEM;IGFBP2;IGFBP5;IGFBP6;ITGA2;LCP1;RPS6KA5
Metenkephalin,0.9624239631336405,6.4759132685147485,8.24775784905808,15,,False,,,AREG;CD55;CTSB;CXCL1;CXCL2;CXCL3;CXCL8;GDF15;GEM;IL1B;IL6;MMP12;PLAU;SPP1;VEGFA
LY-364947,0.9622488479262672,5.90336507123202,9.314566505227502,14,,False,,,AREG;CD55;CSF2RB;CXCL1;CXCL8;IGFBP3;IGFBP4;IGFBP5;IL32;MMP10;MMP3;MMP9;PLAU;SERPINE2
Terbinafine,0.9616313364055298,5.11098262555878,12.499241403745208,13,,False,,,AREG;C3;CCL20;CTSB;CXCL1;CXCL2;CXCL3;CXCL8;DKK1;MMP1;MMP9;SERPINE2;VEGFA
Lovastatin,0.9609216589861751,4.690485195037037,20.200725630760896,13,,False,,,C3;CCL2;CCL20;CXCL10;CXCL2;CXCL3;CXCL8;GEM;IGF1;IL32;IL6ST;PLAT;SERPINE1
AZD-9668,0.9587649769585254,4.758916043234968,14.612490164481796,13,,False,,,AREG;BMP2;CD55;CXCL1;CXCL2;CXCL3;CXCL8;EREG;IGFBP3;IGFBP6;IL6;MMP3;VEGFA
Calpeptin,0.9586912442396313,4.72175325461886,15.709693399267016,13,,False,,,BMP2;CXCL1;CXCL2;CXCL3;CXCL8;GDF15;GEM;IGFBP2;IGFBP5;LCP1;MMP1;MMP12;SPP1
Pasireotide,0.9564331797235023,5.075583158291353,10.553124278071833,13,,False,,,AREG;CD55;CD9;CTSB;CXCL2;CXCL3;CXCL8;EREG;IL6ST;MMP12;PLAUR;SERPINE2;SPP1
Tozasertib,0.9562211981566819,4.342272466156889,35.830583298089586,12,,False,,,BMP2;CD55;CXCL8;EREG;ETS2;JUN;MMP1;MMP12;PLAT;PLAU;PLAUR;SERPINE1
Moxisylyte,0.9556129032258064,5.56900889376439,8.487955241327036,14,,False,,,AXL;BMP2;CCL20;CXCL2;CXCL3;FGF2;IGFBP4;IGFBP6;IL1A;MMP1;PLAUR;SPP1;TNFRSF11B;VEGFC
O-Anisidinehcl,0.9551336405529953,7.524943659426931,6.340346880396897,16,,False,,,AREG;CD55;CTSB;CXCL1;CXCL2;CXCL3;CXCL8;DKK1;IGFBP1;IGFBP5;IL1A;IL1B;IL6ST;PLAUR;SERPINE2;VEGFA
Zolpidem,0.9545161290322581,4.475820309280162,14.572047423334269,12,,False,,,CCL20;CD9;CXCL1;CXCL2;CXCL3;CXCL8;IGFBP2;IL15;IL1A;IL1B;JUN;MMP1
Tolvaptan,0.9544700460829492,5.005239460626308,10.274586013704257,13,,False,,,AREG;CCL20;CTNNB1;CXCL2;CXCL3;CXCL8;ICAM3;IGFBP1;IGFBP2;IGFBP5;MMP12;PIGF;SPP1
Cabozantinib,0.9542488479262672,9.623494896014838,5.797560452351469,19,,False,,,AREG;BMP6;CCL20;CD9;CXCL1;CXCL2;CXCL3;CXCL8;DKK1;EGFR;FGF2;IGFBP3;IL1B;IL6ST;JUN;MMP1;PLAUR;PTGES;SERPINE1
Carbon-Tetrachloride,0.9532903225806452,5.18910398889788,8.530567670332582,13,,False,,,AREG;CCL8;CXCL10;CXCL12;CXCL2;CXCL3;DKK1;GDF15;GEM;IGFBP5;IL6;MMP9;VEGFA
Chrysene,0.9529585253456221,5.822613065201676,7.612577928005018,14,,False,,,CXCL1;CXCL12;CXCL2;CXCL3;CXCL8;FGF2;IGFBP5;IL15;IL6ST;MMP12;MMP3;PLAUR;PTGES;SPP1
Fenpiverinium,0.9527834101382487,5.801664179183117,7.647835178031583,14,,False,,,CCL20;CXCL1;CXCL12;CXCL8;EREG;GDF15;IGFBP5;IL1A;MMP3;PLAT;SERPINB4;SERPINE2;TNFRSF11B;VEGFA
PYM-50028,0.9525898617511521,5.80498367982269,7.603262370679997,14,,False,,,AREG;CCL5;CXCL1;CXCL10;CXCL12;CXCL2;CXCL3;CXCL8;EREG;ICAM3;MIF;MMP12;PLAT;SERPINB4
MMPX,0.9525714285714284,8.910102201891924,5.740332737299069,18,,False,,,AREG;CCL20;CD9;CSF2RB;CXCL1;CXCL12;CXCL3;CXCL8;EREG;ETS2;GDF15;GEM;IGFBP2;MMP10;MMP3;MMP9;PLAT;SERPINE2
HG-6-64-01,0.9520184331797235,6.345694660543182,6.853641191260009,15,,False,,,BMP2;CCL2;CD9;CXCL1;CXCL8;EDN1;HGF;IL6;JUN;MMP10;MMP12;MMP9;PGF;PLAUR;SERPINE1
Nemonapride,0.9512626728110598,6.679662453205129,6.316702291172054,15,,False,,,AREG;BEX3;CCL20;CD55;CSF2RB;CXCL10;CXCL8;DKK1;EREG;IGFBP2;IL6ST;MMP12;PLAUR;SERPINE2;SPP1
Ilomastat,0.9509953917050691,4.697570828653994,11.1539189134527,13,,False,,,AREG;BEX3;C3;CXCL1;CXCL2;CXCL3;DKK1;EREG;IGFBP4;IL6ST;MMP9;PLAT;PLAU
LY-2109761,0.9499723502304147,5.691747581114093,7.337735879522479,14,,False,,,CD55;CTSB;CXCL1;GEM;IGFBP3;IGFBP5;MMP1;MMP10;MMP12;MMP14;PLAT;PLAU;VEGFA;VEGFC
GZD-824,0.9495852534562212,8.077343002438294,5.668838499140476,18,,False,,,AREG;BMP2;CCL20;CXCL1;CXCL8;DKK1;EGFR;EREG;IL18;IL1A;IL1B;MMP12;MMP9;PLAT;PLAU;PLAUR;SERPINE1;VEGFC
PF-04457845,0.9495115207373271,4.846741524194258,9.462579541038314,13,,False,,,ANGPT1;AREG;CTNNB1;CTSB;CXCL2;CXCL3;CXCL8;DKK1;MMP12;MMP9;PLAUR;SPP1;TNFRSF11B
OVE-208,0.948811059907834,4.6642050657064145,10.553754406039792,13,,False,,,AREG;CTNNB1;CXCL12;CXCL3;CXCL8;DKK1;EDN1;EREG;FGF1;MMP1;PLAT;PLAUR;SERPINE2
Famciclovir,0.9480276497695852,6.6268223150442855,6.0703306956568825,15,,False,,,ANGPT1;BEX3;C3;CCL20;CTSB;CXCL1;CXCL2;CXCL3;CXCL8;DKK1;IL15;IL32;IL6ST;MIF;MMP12
Etanidazole,0.947889400921659,4.43251187417923,11.870057877564514,12,,False,,,ANGPT1;AREG;CCL20;CXCL2;CXCL3;CXCL8;IL1B;IL6;MMP1;MMP2;SERPINE2;TIMP2
Afatinib,0.9473179723502303,8.12334328984026,5.389231948036167,17,,False,,,AREG;BMP2;CCL2;CCL20;CD55;CXCL1;CXCL8;DKK1;EREG;IGFBP3;IL1A;IL1B;MMP10;MMP9;PLAT;PLAUR;SERPINE2
Adipiodone,0.9469493087557603,4.235390461823999,15.238079995838074,12,,False,,,ANGPT1;AREG;C3;CST4;CXCL10;CXCL8;ICAM1;IGFBP4;IL6;MMP9;PLAT;VEGFA
Rolipram,0.9466912442396312,3.8063928022842783,63.50848577979809,11,,False,,,AXL;CD9;CTSB;CXCL8;DKK1;GDF15;GEM;IL6ST;MMP14;PLAU;SERPINE1
Maraviroc,0.9465069124423963,4.674956502350394,9.796537760266895,13,,False,,,ANG;BEX3;CXCL8;IGFBP2;IL32;MIF;MMP1;MMP10;MMP12;MMP9;SERPINE2;SPP1;TNFRSF11B
Isonicotinohydroxamic-Acid,0.945216589861751,4.466352459317845,10.034566832787744,13,,False,,,BMP2;CCL20;CD55;CXCL1;CXCL10;CXCL2;CXCL3;CXCL8;ICAM1;IL32;MMP1;PLAUR;VEGFA
Fluconazole,0.9442764976958524,6.230384012201167,6.0317828400743245,15,,False,,,AREG;C3;CD55;CST4;CXCL1;CXCL2;CXCL3;CXCL8;GDF15;GEM;IGFBP1;IL6;MMP1;MMP3;SPP1
Metformin,0.9442580645161289,7.375243215711245,5.340820132923731,16,senomorphic,True,79.0,True,ANG;AREG;CCL20;CD9;CTSB;CXCL2;CXCL3;DKK1;EREG;GDF15;GEM;IGFBP1;IGFBP6;MMP12;SPP1;TNFRSF11B
NVP-AUY922,0.9441290322580644,6.648854562953406,5.64956585980554,15,senolytic,False,,,AREG;CCL2;CD9;CXCL2;CXCL3;CXCL8;EREG;GEM;IL1A;JUN;PLAT;PLAU;PLAUR;SERPINE1;SERPINE2
Dofequidar,0.944,4.401471975728828,10.22347756176281,12,,False,,,AREG;CCL4;CXCL1;CXCL3;EREG;FGF2;IGFBP2;MMP12;MMP3;PAPPA;SERPINE2;SPP1
Lead-Acetate,0.944,3.786932315901631,31.98943642941617,11,,False,,,BEX3;C3;CXCL2;FAS;FGF2;IGFBP3;IGFBP6;IL1B;MMP1;SERPINE2;TNFRSF11B
Picotamide,0.9434654377880184,4.467985803868351,9.43190813132542,12,,False,,,ANGPT1;AREG;CXCL12;CXCL2;CXCL3;CXCL8;EREG;IGFBP5;MMP12;MMP3;SPP1;TNFRSF11B
CT-7758,0.9432811059907833,5.327745412236717,6.77596026774815,13,,False,,,AREG;CCL4;CXCL10;CXCL12;CXCL2;CXCL3;CXCL8;IGFBP5;IL15;IL6;MMP1;SPP1;VEGFC
Naloxone,0.9419447004608295,4.305599769885563,11.437088161942777,12,,False,,,CCL20;CXCL1;CXCL2;CXCL3;CXCL8;ICAM1;IGFBP2;IGFBP5;IL6;MMP1;PLAT;VEGFA
PRIMA1,0.9414377880184333,3.704093146431101,53.85534804147657,11,,False,,,CCL20;CD55;CXCL1;CXCL8;ICAM1;IGFBP2;IL32;MMP10;PTGES;SPP1;VEGFA
Allopurinol,0.940516129032258,5.169422153534341,6.591860675117879,13,,False,,,AREG;C3;CTSB;CXCL12;DKK1;GEM;IGFBP6;IL6ST;MMP1;PLAU;PTGES;SERPINE1;VEGFC
Prednisone,0.9400921658986174,8.174559128222837,4.785393097679622,17,,False,,,BMP2;CCL2;CCL20;CXCL1;CXCL2;CXCL3;CXCL8;GDF15;GEM;IGFBP4;IL6;JUN;MMP1;PLAUR;SERPINE2;SPP1;VEGFA
Dexamethasone,0.94,14.013899525163458,4.473519311606597,24,,False,,,AXL;BMP2;CCL2;CSF1;CTSB;CXCL1;CXCL12;CXCL3;CXCL8;GDF15;GEM;IGFBP3;IGFBP5;IL6;JUN;MMP12;PLAT;PLAU;PLAUR;SERPINE2;SPP1;TNFRSF11B;VEGFA;VEGFC
Tebipenem,0.9392811059907833,4.015471750735935,13.284339673087386,12,,False,,,ANGPT1;BMP2;CSF1;CXCL1;CXCL2;CXCL3;CXCL8;DKK1;FGF1;IGFBP6;IL1B;SPP1
CV-1808,0.939179723502304,3.984190057577749,14.06463427325054,12,,False,,,AXL;BMP2;C3;CD55;CD9;CTSB;ICAM1;IGFBP6;IL18;IL32;JUN;SERPINE1
Dfcl-Cys,0.9388755760368663,7.897571659087272,4.748412661481662,17,,False,,,BMP2;C3;CCL4;CCL5;CXCL1;CXCL2;CXCL3;CXCL8;DKK1;FGF1;ICAM1;IGFBP3;MMP1;MMP10;MMP9;SERPINE1;SERPINE2
EX-527,0.9385990783410139,3.6614714330699982,46.433258542258066,11,,False,,,C3;CCL20;CD55;CD9;CTSB;CXCL8;GDF15;IGFBP6;IL32;SERPINE2;SPP1
MK-0752,0.9385437788018433,4.00705231320311,13.114127106302323,13,,False,,,CCL20;CCL5;CD55;CD9;CXCL2;CXCL3;GDF15;IL1B;IL32;PLAU;PLAUR;SERPINE1;VEGFA
UNC-1215,0.9375483870967742,4.454266177920427,8.220630663902869,12,,False,,,AREG;AXL;CCL20;CD55;CXCL10;CXCL2;EDN1;GDF15;IL6;MMP2;MMP9;PLAU
Tenoxicam,0.9375299539170506,6.772170370227875,4.99931243817367,15,,False,,,AREG;CD55;CTSB;CXCL12;GDF15;IGFBP2;IGFBP6;IL32;IL6ST;JUN;MMP3;MMP9;PLAT;PLAU;SPP1
LY-2157299,0.9372073732718893,4.458405203410197,8.144405798742138,12,,False,,,AREG;CCL20;CXCL1;CXCL2;CXCL3;CXCL8;EREG;IL15;IL1A;PLAUR;SERPINE2;SPP1
ATN-161,0.9370506912442396,4.454266177920427,8.159278812376,12,,False,,,BMP2;CCL5;CTSB;EREG;IGFBP4;IGFBP5;IL1A;IL32;MMP9;SERPINB4;SERPINE2;SPP1
LIVF001-006,0.9367373271889401,5.017606243668974,6.702302090982374,13,,False,,,C3;CCL2;CXCL10;CXCL12;DKK1;FGF1;IGFBP5;IL32;PLAT;PLAU;PLAUR;SELPLG;SPP1
Glycopyrrolate,0.936258064516129,4.22898204933643,9.78421981087547,12,,False,,,AREG;CCL4;CD9;DKK1;EREG;FGF2;IGFBP6;MMP1;MMP12;PLAUR;SPP1;VEGFC
SEP-227900,0.9360737327188939,6.434402216153571,5.144079488137024,15,,False,,,AREG;CCL20;CD9;CTSB;CXCL2;CXCL3;EREG;ICAM1;IGFBP5;IGFBP6;MMP12;MMP3;SERPINE2;TNFRSF11B;VEGFC
Naproxen,0.9354101382488479,4.397407990063862,8.174673411245955,12,,True,13.93,False,AREG;AXL;C3;CD55;CXCL2;ETS2;GDF15;IGFBP4;IL6ST;MMP10;MMP3;TIMP2
Dropropizine,0.9350783410138249,3.6334214617760514,25.092471498317025,13,,False,,,BEX3;CCL4;CD55;CTSB;CXCL8;ICAM1;IGFBP3;IL32;IL6;JUN;SERPINE1;SPP1;VEGFA
Resorcinol,0.9341566820276497,4.165120559154789,9.836517220133588,12,,False,,,AREG;CD9;CTSB;CXCL1;CXCL2;CXCL3;GEM;IGFBP2;IGFBP6;IL1B;MMP14;SERPINE2
Sodium-Gualenate,0.9339354838709677,5.926924027648273,5.246370421263483,14,,False,,,AREG;BEX3;CXCL1;CXCL2;CXCL3;CXCL8;DKK1;EREG;ETS2;GEM;MMP1;MMP12;MMP3;TNFRSF11B
HA-1004,0.9334746543778801,3.770890745449282,12.8843091832582,11,,True,18.0,False,AREG;CCL20;CCL4;CD55;CXCL1;CXCL2;CXCL3;CXCL8;ETS2;MMP10;MMP12
SKF-89976A,0.9333640552995391,3.622536030361065,21.22368802646008,13,,False,,,AREG;C3;CXCL2;CXCL3;CXCL8;DKK1;GDF15;IGFBP2;IGFBP5;IL6;IL6ST;RPS6KA5;SERPINE2
Methazolamide,0.933216589861751,4.185782724112848,9.429374097481666,12,,False,,,AREG;CCL20;CD9;CXCL3;CXCL8;DKK1;IGFBP6;MMP1;MMP12;MMP3;SPP1;VEGFA
Piroxicam,0.9328479262672811,4.315860642330013,8.464246764098451,13,,False,,,AREG;BMP6;C3;CXCL1;CXCL12;CXCL2;CXCL3;GEM;HGF;IGFBP1;IGFBP4;IL6;MMP1
SB-525334,0.9323041474654377,4.031864486727479,9.798622236706942,13,,False,,,AREG;CCL4;CD55;CSF2RB;EDN1;IGFBP3;MMP10;MMP2;MMP9;PLAU;PLAUR;SERPINE1;VEGFA
Streptozotocin,0.9322672811059908,3.723379325889431,13.74809231040975,12,,False,,,ANGPTL4;BMP2;CCL5;CD55;CXCL2;CXCL8;GDF15;IL32;MMP10;MMP3;SERPINB4;TNFRSF1A
Levamisole,0.9307649769585253,4.233272874497144,8.306790856623085,12,,False,,,AREG;CCL20;CCL5;CXCL10;CXCL2;CXCL3;DKK1;EREG;GDF15;GEM;SPP1;TNFRSF11B
SA-1456977,0.9305622119815666,3.594288753759572,17.81873655966561,11,,False,,,AREG;CCL20;CCL5;CXCL3;CXCL8;IGFBP2;IL32;MMP3;PLAUR;PTGES;VEGFA
JZL-184,0.9300829493087557,4.617901394325584,6.719995906183446,12,,False,,,BMP2;BMP6;CD55;CSF2RB;CXCL10;CXCL8;IGFBP2;IGFBP4;IL32;LCP1;PLAUR;VEGFA
949,0.9293087557603685,3.667391902334442,13.904605771256902,11,,False,,,AXL;C3;CXCL1;CXCL10;EDN1;GDF15;IGFBP4;IGFBP5;MMP2;PGF;PLAT
Ambroxol,0.929069124423963,4.350258703249597,7.510509991509342,13,,False,,,AREG;CCL20;CCL4;CD9;CXCL1;CXCL10;CXCL2;CXCL3;CXCL8;IGFBP4;IL32;MMP10;MMP12
Erlotinib,0.928552995391705,5.8418209557601015,4.956362633262131,16,,False,,,AREG;BMP2;CCL20;CD9;CXCL1;CXCL8;EREG;FAS;GEM;IL6;IL6ST;MMP9;PLAT;PLAU;PLAUR;SERPINE2
Metoprolol,0.927557603686636,4.177275037493021,8.166923359324546,12,,True,10.0,True,AREG;CXCL1;CXCL12;CXCL2;CXCL3;CXCL8;EREG;FGF2;HGF;IGFBP2;MMP1;MMP3
Acyclovir,0.9270046082949308,3.8349229717941697,9.437576322130246,14,,False,,,ANG;AREG;BEX3;CXCL1;CXCL12;CXCL2;CXCL3;CXCL8;IL18;IL32;JUN;MMP1;MMP10;MMP3
Eugenol,0.9263778801843319,3.518968284832358,16.057582760509646,11,,False,,,BMP6;CCL20;CXCL1;CXCL2;CXCL3;CXCL8;IGFBP2;IL32;IL6ST;JUN;MMP1
Paracetamol,0.9259539170506912,3.325904865462934,30.62318900047513,12,,False,,,AREG;CD55;CXCL2;CXCL8;GDF15;IGFBP4;MMP1;MMP12;MMP3;SERPINB4;SPP1;TNFRSF1B
K-02288,0.9256221198156682,9.140966042734249,3.7892922726844183,18,,False,,,BMP2;BMP6;C3;CCL2;CCL20;CD55;CD9;CXCL3;CXCL8;DKK1;EDN1;IGFBP3;MMP1;MMP14;MMP9;PLAT;PLAUR;SERPINE1
SGX-523,0.925032258064516,6.492445716976244,4.269516324057325,15,,False,,,AXL;CD55;CTSB;GDF15;IGFBP4;IGFBP5;IGFBP6;IL32;MMP1;MMP14;MMP3;MMP9;SERPINE2;TNFRSF11B;VEGFA
Retinyl,0.9246728110599078,5.973794120143134,4.491048593198024,15,,False,,,CCL2;CCL20;CD9;CXCL1;CXCL12;CXCL3;DKK1;EREG;GDF15;ICAM1;IL6;ITGA2;PLAT;PLAU;VEGFA
CC-401,0.9240276497695852,3.290025154421696,45.56234459066155,11,,False,,,AREG;C3;CD55;CXCL8;GDF15;MMP1;MMP12;MMP3;SERPINB4;SPP1;TNFRSF11B
L-23,0.9239999999999999,4.39438230240762,6.491332817521465,13,,False,,,AXL;CD55;CXCL2;DKK1;EDN1;GDF15;IGFBP1;IGFBP3;IL32;IL6;MMP2;SERPINE1;SPP1
Idalopirdine,0.9239815668202764,6.503220361947667,4.194778064767687,15,,False,,,AREG;CCL5;CXCL1;CXCL10;CXCL3;CXCL8;GEM;IL1B;IL32;MMP1;MMP10;MMP12;MMP3;PLAU;VEGFC
Medroxyprogesterone-Acetate,0.92310599078341,4.441980685433562,6.231615848067925,13,,False,,,ANG;CCL4;CD9;CST4;CTSB;CXCL8;GEM;IGFBP2;LCP1;MMP12;MMP9;PLAUR;SPP1
Fluoxetine,0.9230046082949308,6.7734971665546775,3.999600948451479,16,,False,,,CCL4;CCL8;CXCL8;DKK1;EREG;IGFBP1;IL1A;IL6;JUN;MMP1;MMP9;PLAUR;SERPINE1;TNFRSF11B;VEGFA;VEGFC
Letrozole,0.9227834101382488,4.343336746319426,6.7386845363317285,12,,False,,,CCL5;CD55;CD9;CST4;CTSB;CXCL2;GDF15;GEM;IGFBP2;IGFBP5;MMP1;VEGFA
Mestranol,0.9224976958525346,3.279437126637905,35.419884185183506,11,,False,,,AREG;CCL20;CD55;CD9;CXCL2;CXCL8;GDF15;IL6;MMP9;SERPINE1;SPP1
SD-208,0.9224516129032259,4.328285872350488,6.744093464732482,12,,False,,,CD9;GEM;IGFBP3;IGFBP5;IGFBP6;IL1B;MMP1;MMP12;MMP9;PLAU;SERPINE2;VEGFA
Nimodipine,0.9222304147465438,3.29428281382046,27.6429804893065,12,,False,,,AREG;BMP2;CCL13;CCL8;CD55;CD9;CXCL1;CXCR2;GDF15;MMP3;PLAT;TNFRSF1B
BMS-641988,0.9218801843317972,3.3242233610016094,18.61697537781677,11,,False,,,CCL8;CD55;CD9;CTSB;CXCL10;GDF15;GEM;IL6;MMP12;PLAT;VEGFA
Fasudil,0.9217511520737327,3.337624644032972,17.360947943221483,11,,False,,,CCL20;CD55;CTSB;CXCL2;CXCL3;CXCL8;ETS2;GDF15;PLAT;PLAUR;PTGES
8-M-PDOT,0.9214562211981566,4.358432536349035,6.360663582706843,12,,False,,,AREG;BEX3;BMP2;CCL20;GEM;IGFBP2;IGFBP6;IL1B;IL6ST;MMP1;MMP10;PGF
Glipizide,0.921179723502304,3.578640257199009,10.93054730902382,11,,False,,,BMP2;CD9;CTSB;CXCL2;CXCL3;CXCL8;HGF;IGFBP5;IGFBP6;SERPINE2;VEGFA
TC-S-7006,0.9209677419354838,4.81062605460194,5.351688184167085,13,,False,,,ANGPT1;AREG;C3;CCL8;CTSB;CXCL1;DKK1;FAS;IL18;MMP1;MMP9;SERPINE2;TNFRSF11B
Clobetasol,0.9208847926267281,5.907533235598179,4.304100662279559,16,,False,,,AXL;CCL2;CCL8;CXCL1;CXCL3;CXCL8;GDF15;GEM;IGFBP3;IGFBP5;MMP10;MMP12;NRG1;SERPINE2;TNFRSF11B;VEGFA
Hydrocortisone,0.9202764976958525,9.423756047883437,3.538578951469434,19,,False,,,CCL2;CTSB;CXCL1;CXCL8;GDF15;GEM;IGFBP5;IL6;JUN;MMP1;MMP12;MMP9;PGF;PLAU;PLAUR;SERPINB4;SERPINE2;VEGFA;VEGFC
Efavirenz,0.9198341013824884,4.194421732060056,6.886384443270193,12,,False,,,AREG;C3;CXCL1;CXCL2;CXCL3;CXCL8;GDF15;IGFBP4;IGFBP5;MMP1;MMP3;SERPINE2
DM-161,0.9196497695852532,3.7419548329516936,8.345081137528942,11,,False,,,ANG;CCL20;CCL8;CTNNB1;CXCL10;ETS2;GDF15;IGFBP2;IL32;MMP14;PLAT
Scopolamine,0.9194377880184332,4.305599769885563,6.371778662642613,12,,False,,,AREG;CCL20;CCL5;CSF1;CXCL12;CXCL8;IGFBP4;IL1A;IL32;MIF;SERPINE2;TNFRSF11B
Lobelanidine,0.9192995391705068,3.805392473441536,7.851382206028855,11,,False,,,AREG;AXL;CD9;CXCL12;CXCL3;ICAM1;IL6;IL6ST;MMP3;PLAT;PTGES
Resveratrol,0.9191336405529953,3.673800314822011,9.252534698931903,11,senomorphic,True,70.0,False,BMP2;CD55;CXCL1;CXCL3;CXCL8;GEM;IL1B;MMP12;MMP3;SPP1;VEGFA
SB-239063,0.9175668202764977,3.1818112160026355,19.39240862804127,11,,False,,,CCL20;CD55;CXCL2;CXCL8;GEM;MMP12;MMP3;MMP9;PGF;SERPINB4;VEGFA
NSC-4644,0.9175483870967741,5.715044174634455,4.239959164714226,14,,False,,,AREG;CSF2RB;CXCL1;CXCL10;CXCL2;CXCL8;DKK1;IL6ST;LCP1;MMP12;PLAT;PLAU;SPP1;TNFRSF11B
Isoflupredone-Acetate,0.9170138248847927,6.674055195437706,3.729253988979416,15,,False,,,BMP2;CXCL1;CXCL3;CXCL8;GEM;IGFBP2;IGFBP3;IGFBP5;MMP10;MMP12;MMP3;PLAT;PTGES;SERPINE2;VEGFA
TWS-119,0.9167465437788018,3.523607759948713,10.140810247185277,11,,False,,,AREG;BMP2;CD55;CXCL8;EDN1;GDF15;GEM;IL6;SERPINE1;TNFRSF11B;VEGFA
EMF-sumo1-6,0.9166728110599077,3.290025154421696,16.21025227076889,11,,False,,,ACVR1B;C3;CCL2;CD55;CTSB;CXCL8;GDF15;IGFBP6;IL32;IL6;VEGFA
Gly-Gly-PALO,0.9164700460829492,3.0783123109517385,41.51049395196624,10,,False,,,C3;CD55;CXCL1;GDF15;GEM;IGFBP2;IGFBP5;IL6;PLAT;VEGFA
Tetramethylsilane,0.9152258064516129,8.11235773688511,3.4152771055185713,17,,False,,,C3;CCL20;CXCL1;CXCL10;CXCL8;DKK1;GEM;ICAM1;IGFBP6;IL1A;IL32;IL6;MMP10;MMP9;NRG1;PLAU;SERPINE2
Cinaciguat,0.9150599078341014,3.34966180518955,11.621959585304824,11,,False,,,BEX3;CCL5;CD9;CXCL8;DKK1;MMP1;MMP12;MMP9;SPP1;TNFRSF11B;VEGFC
Tyrphostin-1,0.9149493087557603,4.523957356368153,5.2331975256131065,12,,False,,,BEX3;CD55;CST4;DKK1;ETS2;GDF15;GEM;IGFBP1;IL6;SPP1;VEGFA;VEGFC
Moracizine,0.9149032258064516,3.3851619947875253,10.623810669544284,12,,False,,,AREG;CCL20;CSF2RB;CXCL8;ICAM1;IGFBP1;IGFBP2;IGFBP3;IL1B;MMP12;SPP1;VEGFC
CGS-20625,0.9147188940092166,3.080344189138122,24.405830128459858,10,,False,,,CTSB;CXCL1;CXCL2;CXCL3;CXCL8;IL6ST;MMP1;MMP12;PLAUR;VEGFC
Clindamycin,0.913594470046083,3.348294006753771,10.880320016187854,11,,False,,,AREG;CXCL1;CXCL2;CXCL3;CXCL8;EREG;IL32;MMP10;SELPLG;SERPINB4;SERPINE2
TL-AA09,0.91310599078341,3.0282982096656967,36.3600781995852,10,,False,,,AREG;CD55;CD9;FAS;GDF15;IGFBP2;IGFBP5;IL1B;SERPINE2;TNFRSF11B
Flavanone,0.9127926267281106,4.912699315059287,4.576041731773319,13,,False,,,CCL20;CD9;CTSB;CXCL1;CXCL8;HGF;IGF1;IGFBP6;MMP12;PLAT;SERPINB4;VEGFA;VEGFC
FG-7142,0.9126912442396312,4.906714426949582,4.591936171506237,13,,False,,,BMP2;C3;CD55;CST4;CXCL1;CXCL8;DKK1;GEM;HGF;IL6;SERPINE2;TNFRSF11B;VEGFC
Valsartan,0.9125161290322581,3.3018435207126196,12.456414029298582,11,,False,,,AREG;BEX3;CCL20;CXCL1;CXCL2;CXCL8;IGFBP2;IGFBP4;IL32;MMP1;MMP12
Rifabutin,0.9120921658986174,4.03287975860235,6.225535080636994,12,,False,,,AREG;CXCL12;CXCL2;CXCL3;CXCL8;FGF1;IGF1;IGFBP4;MMP1;MMP10;MMP3;PLAT
ST-1859,0.9111152073732718,3.977049956337754,6.342908254266653,12,,False,,,AREG;CSF1;CXCL1;CXCL2;CXCL3;CXCL8;EREG;IGFBP5;MMP12;PLAT;TNFRSF11B;VEGFA
Dazoxiben,0.9110967741935483,3.418370917359515,9.006498597830543,11,,False,,,BEX3;C3;CCL20;CSF2RB;CXCL12;CXCL8;IGFBP4;IL32;IQGAP2;SELPLG;SPP1
CG-930,0.9110783410138248,2.978287218483789,43.714328259607136,10,,False,,,AREG;CCL20;CXCL12;CXCL8;DKK1;GEM;IGFBP6;JUN;MMP1;PLAUR
Linsidomine,0.9109677419354838,3.28176750773865,12.205114105821096,10,,False,,,AREG;CCL20;CXCL12;CXCL2;CXCL3;CXCL8;DKK1;MMP1;MMP12;TNFRSF11B
EMF-BCA1-60,0.9107834101382488,5.0574984223113,4.3288245590639995,13,,False,,,C3;CCL20;CD55;CXCL1;FAS;GDF15;IGFBP2;MMP10;MMP12;MMP3;MMP9;PLAT;SPP1
EI-247,0.9106912442396313,3.206003085740392,12.680165459663044,10,,False,,,CD9;CTSB;CXCL3;CXCL8;ETS2;GDF15;IGFBP1;MMP12;SERPINE2;SPP1
ICI-63197,0.9098248847926267,3.311429508387495,10.460057502694475,12,,False,,,BMP2;BMP6;CD9;CSF2RB;CXCL1;HGF;IL15;MMP1;PLAUR;SERPINE2;TNFRSF11B;VEGFA
Mestinon,0.9093271889400921,5.139548388122179,4.074758412113647,14,,False,,,BEX3;CCL2;CCL5;CCL8;CD55;CXCL1;CXCL2;CXCL3;CXCL8;GDF15;IGFBP3;IL32;MMP2;SPP1
Tofacitinib,0.909142857142857,3.1497722612943315,12.889368409997244,10,,False,,,AREG;BMP6;CCL20;CD55;CXCL12;CXCL2;CXCL8;DKK1;IL15;SERPINE2
Felbamate,0.9088294930875576,3.625837418051351,7.554834500140776,11,,False,,,BMP2;CCL2;CST4;CXCL1;CXCL2;CXCL3;GEM;IGFBP2;IGFBP5;IL32;IQGAP2
Roquinimex,0.9078894009216589,3.928661257133007,6.154007358932447,14,,False,,,CCL20;CTNNB1;CTSB;CXCL1;CXCL2;CXCL3;CXCL8;GDF15;IGFBP3;MMP1;MMP12;MMP9;RPS6KA5;SPP1
Aminopentamide,0.9077695852534561,6.6268223150442855,3.3186790994984876,15,,False,,,BEX3;C3;CCL4;CSF2RB;CXCL1;CXCL10;CXCL8;GEM;MMP1;MMP12;MMP3;MMP9;PTGES;SERPINB4;SERPINE2
AT1-SHH-09,0.9073087557603685,3.649195536765213,7.219088055028195,12,,False,,,AREG;BEX3;BMP2;BMP6;CD55;CD9;CXCL8;IGFBP6;IL1A;MMP3;PLAU;PTGES
Trovafloxacin,0.90726267281106,4.005044211378761,5.921154822523639,12,,False,,,ANGPT1;CTSB;CXCL2;CXCL3;CXCL8;IGFBP5;IL18;JUN;MIF;MMP1;SERPINE2;SPP1
DL-PDMP,0.9070230414746543,3.8170152748883095,6.16672007210793,11,,False,,,CCL20;CCL5;CXCL1;CXCL8;IGFBP2;IL32;JUN;LCP1;MMP10;MMP12;SERPINB4
Betamethasone,0.9059907834101382,4.022459317248726,5.658012681352306,12,,False,,,CCL2;CCL5;CXCL10;GDF15;GEM;IL6;JUN;MMP12;PLAT;SERPINE2;VEGFA;VEGFC
Racephedrine,0.9059170506912442,3.4148951500880935,7.995035855046819,11,,False,,,ANGPT1;BMP2;CCL20;CCL5;CD9;CXCL10;GEM;IGFBP2;IL1A;IL32;MMP10
Gefitinib,0.9056774193548387,5.479729877899115,3.704472832475877,14,,False,,,ANGPTL4;AREG;CD55;CXCL8;DKK1;FAS;GDF15;GEM;IGFBP1;IL6;MMP1;PGF;PLAT;PLAUR
FR-180204,0.903290322580645,2.905431869552678,23.58415999524323,10,,False,,,ANG;AREG;CD55;CST4;CXCL1;DKK1;GDF15;MMP1;RPS6KA5;TNFRSF11B
Praziquantel,0.902995391705069,3.038675200981897,12.773097890495407,11,,False,,,AREG;C3;CD55;CXCL2;CXCL8;FGF1;GDF15;GEM;MMP9;PLAU;SPP1
Finasteride,0.9029032258064515,3.695805625288426,6.310625134199691,12,,False,,,AREG;CXCL1;CXCL12;CXCL2;CXCL3;CXCL8;DKK1;EREG;GMFG;IL6ST;MMP12;SERPINE2
L-citrulline,0.9021751152073731,3.3525992352419385,7.761269070622765,12,,False,,,AREG;C3;CD9;CXCL2;CXCL8;GDF15;IGFBP5;IGFBP6;MMP1;MMP12;PLAT;SPP1
Telbivudine,0.9016036866359447,3.1197410093500975,9.93581686117801,10,,False,,,CD55;CXCL3;DKK1;EREG;ETS2;GEM;IGFBP2;MMP12;SPP1;VEGFA
Nadifloxacin,0.901447004608295,4.69404156717319,4.176119764071141,13,,False,,,AREG;CCL2;CCL20;CCL5;CXCL10;CXCL3;CXCL8;ETS2;GEM;MMP12;MMP9;SERPINB4;TNFRSF1B
Fluticasone,0.9012534562211981,7.274240282978661,2.946241878252052,16,,False,,,CCL2;CSF2RB;CST4;CXCL1;CXCL12;CXCL8;GDF15;GEM;IGFBP3;IGFBP5;JUN;MMP12;PLAT;PLAU;SERPINE2;VEGFC
Etofylline,0.901032258064516,5.738429426086902,3.388652768633714,14,,False,,,CCL2;CD9;CSF2RB;CST4;CXCL1;CXCL2;CXCL3;DKK1;IGFBP4;IGFBP6;IL6;MMP3;TIMP2;TNFRSF11B
KU-C104236N,0.9010046082949308,3.1694272171744156,9.12814878657958,10,,False,,,CCL13;CCL8;CTSB;CXCL10;CXCL12;DKK1;IL15;LCP1;VEGFA;VEGFC
Avagacestat,0.9004608294930875,8.848500938823396,2.730021259995598,18,,False,,,C3;CXCL1;CXCL12;CXCL2;CXCL3;CXCL8;EREG;FGF1;IL1A;IL6;JUN;MMP1;MMP3;PAPPA;PLAT;PLAUR;SERPINE2;SPP1
Moxifloxacin,0.8999262672811059,3.355272168192026,7.363998153248255,11,,False,,,CCL20;CD9;CXCL1;CXCL12;CXCL2;CXCL8;IGFBP2;IGFBP3;IL32;SPP1;VEGFA
Celecoxib,0.8999078341013825,11.615734261981244,2.6421866741797784,21,,True,19.0,False,AXL;BMP2;CCL2;CCL8;CTSB;CXCL1;CXCL2;CXCL3;CXCL8;GDF15;GEM;IL6;JUN;MMP10;MMP12;MMP2;MMP3;PGF;PLAT;PLAU;VEGFA
PT-630,0.8996958525345622,2.719568619309813,28.72341424061549,10,,False,,,AREG;CD55;CSF1;CXCL8;MMP14;MMP9;PTGES;SPP1;TIMP2;VEGFA
Carbimazole,0.8994562211981567,4.697570828653994,4.034654026111367,13,,False,,,BMP2;CCL20;CD9;CTSB;CXCL8;IGFBP2;IGFBP5;IL6ST;MMP9;PLAT;PLAUR;SERPINE2;SPP1
Taladegib,0.8994470046082949,4.51092419339553,4.119316808421186,12,,False,,,ANGPT1;AREG;CCL20;CCL5;CSF1;CXCL12;CXCL8;GEM;IGFBP5;IL1B;MMP12;MMP3
Vernakalant,0.8994285714285714,4.739536346910477,3.947394472690972,13,,False,,,BMP2;CCL20;CCL5;CD55;CXCL1;CXCL2;CXCL3;CXCL8;GDF15;ICAM1;IL1B;MMP3;SPP1
Mafenide,0.8990599078341013,3.932749245961357,5.293554253083551,12,,False,,,CD9;CXCL3;CXCL8;ICAM1;IGF1;IL1B;IL32;IL6;IL6ST;MMP3;PLAU;VEGFC
Fluocinolone-Acetonide,0.8985253456221198,6.496919935372787,2.972174333036955,16,,False,,,CCL2;CXCL1;CXCL3;CXCL8;GDF15;IGFBP2;IGFBP3;IL6;JUN;MMP1;MMP10;MMP12;PLAT;PLAU;PLAUR;SERPINE2
KU-C104220,0.8981751152073731,3.5634224931590635,6.3166350088186025,11,,False,,,ANGPT1;CCL2;CCL20;CD55;CXCL12;CXCL8;DKK1;EREG;FGF1;IGFBP1;PLAT
Pelitinib,0.897142857142857,4.630418062331483,3.9503430963280937,13,,False,,,AREG;BMP2;C3;CCL20;CTNNB1;CXCL8;EREG;IGFBP2;JUN;MMP9;PLAT;SERPINB4;SERPINE2
SA-417716,0.8967373271889401,2.9108269545855263,13.658354022390917,12,,False,,,C3;CCL20;CD55;CXCL1;CXCL8;GDF15;ICAM1;IL6;MMP1;MMP10;MMP13;MMP9
Methimazole,0.8958986175115207,3.523607759948713,6.25769790454311,11,,False,,,AREG;C3;CCL20;CXCL1;CXCL12;CXCL2;CXCL8;HGF;IGFBP5;IL6;MMP3
Serotonin,0.8952995391705069,2.778738093095227,14.560348656881349,10,,False,,,ANGPTL4;CXCL10;CXCL3;GDF15;GEM;IGFBP2;IQGAP2;MMP12;MMP9;VEGFA
Pemoline,0.8949308755760368,3.770890745449282,5.160364745722713,11,,False,,,CCL13;CXCL1;EREG;IGFBP2;IL6;MMP1;MMP10;MMP12;MMP3;PTGES;SEMA3F
Z160,0.8946820276497696,4.458405203410197,3.9310028355012743,12,,False,,,CCL20;CD55;CD9;CXCL1;ETS2;GDF15;IGFBP2;IGFBP5;IL18;IL32;IL6;MMP9
Coumarin,0.8943410138248847,4.3778970635958,4.101141529549002,12,,False,,,BMP2;CD55;CD9;CXCL1;CXCL2;CXCL3;CXCL8;GDF15;IGFBP2;IL32;MMP9;VEGFA
Halcinonide,0.8941566820276499,4.051046945227785,4.574645596251587,13,,False,,,CCL2;CXCL1;CXCL3;CXCL8;GDF15;GEM;IGFBP3;JUN;MMP10;MMP12;PLAUR;SERPINE2;SPP1
BMS-299897,0.8939539170506913,5.8830318484568,3.0155491877452087,14,,False,,,CXCL1;CXCL2;CXCL3;CXCL8;DKK1;GEM;MMP1;MMP10;MMP12;PGF;PLAU;PLAUR;SERPINB4;SPP1
Nefopam,0.8939539170506912,2.971989221017504,10.20818547584892,10,,False,,,CD55;CTSB;EGF;GDF15;IL1B;IL6;MMP9;SPP1;TNFRSF11B;VEGFC
SA-419050,0.8937142857142856,3.946251565918395,4.814803470404979,12,,False,,,AREG;BMP2;CSF2RB;CXCL10;GDF15;ICAM1;IL32;MMP12;MMP3;SERPINB4;VEGFA;VEGFC
Levonorgestrel,0.8935483870967742,2.7298755813128643,14.091024415130164,10,,False,,,CCL20;CD9;CXCL1;CXCL2;CXCL3;CXCL8;HGF;PLAT;PLAUR;SPP1
Picrotoxin,0.8934009216589861,3.718317654478587,5.28134154533256,12,,False,,,CTSB;CXCL1;CXCL8;IGFBP2;IGFBP6;IL32;MMP1;MMP3;PLAUR;SERPINE2;TNFRSF11B;VEGFA
Tcv-Cys,0.8931981566820276,3.1137581365839586,8.003286222342949,10,,False,,,ANGPT1;C3;CCL2;CSF2RB;CXCL10;CXCL2;EDN1;IGFBP3;MMP9;SERPINE2
Benzylpenicillin,0.893069124423963,3.693666051748472,5.369868428796015,12,,False,,,AREG;C3;CCL20;CD55;CXCL1;CXCL2;CXCL3;GDF15;IGFBP5;IL6ST;SERPINE1;SERPINE2
EVP-6124,0.892995391705069,3.733398127498437,5.13680918556035,12,,False,,,AREG;BMP6;CCL13;CCL20;CXCL1;CXCL2;CXCL3;CXCL8;IGFBP2;MMP12;MMP3;VEGFA
Relcovaptan,0.8921290322580645,4.057698901439408,4.464144640219523,13,,False,,,BEX3;BMP2;CCL20;CXCL1;CXCL12;CXCL2;CXCL3;CXCL8;IL6;MMP3;PTGES;SERPINB4;VEGFA
Fillalbin,0.8917050691244239,3.336230862458812,6.465989545183087,11,,False,,,C3;CD55;GDF15;IGF1;IGFBP5;MMP1;MMP12;PLAT;PLAU;SERPINE2;VEGFA
SA-427543,0.8916313364055299,3.102058456462804,7.807700949272628,10,,False,,,AREG;CD9;CXCL1;CXCL3;CXCL8;IGFBP6;IL1A;IL32;MMP10;PTGES
Caprolactam,0.8915391705069124,4.454266177920427,3.7844635646384663,12,,False,,,AXL;C3;CCL8;CD9;CXCL10;DKK1;IGFBP6;IL15;IQGAP2;MMP1;PLAU;VEGFC
Spectinomycin,0.8912442396313364,4.0060845572546295,4.527160764578745,13,,False,,,C3;CCL20;CD55;CD9;CXCL1;CXCL8;GDF15;IGFBP1;IGFBP5;MMP12;MMP3;SERPINE2;TNFRSF11B
Josamycin,0.8910967741935484,3.705964220019466,5.145067850571665,12,,False,,,BMP2;BMP6;CCL20;CD55;CD9;CSF1;CXCL2;ETS2;IGFBP1;IGFBP2;IL18;SPP1
Rebamipide,0.8909124423963133,3.023489882201643,8.7341928886995,11,,False,,,AREG;BEX3;CXCL8;DKK1;EREG;FGF2;GDF15;IL15;LCP1;MMP3;PTGES
Morphothebaine,0.8908387096774193,5.12931982825191,3.219611230733431,13,,False,,,CD55;CXCL1;CXCL10;ETS2;GDF15;GEM;ICAM1;IGFBP5;MMP10;MMP12;MMP3;MMP9;VEGFA
FK-866,0.8896774193548387,2.707273448415907,13.260681926509928,11,,False,,,CD55;CD9;CTSB;CXCL2;CXCL3;GEM;IGFBP6;IL18;IL32;SPP1;VEGFA
Propofol,0.8891612903225806,2.9240960987368556,9.653112732726276,10,,False,,,AREG;CCL20;CD55;CTNNB1;CXCL2;CXCL3;EREG;ETS2;IL18;SERPINE2
BI-2536,0.8890691244239631,3.1808239072464985,6.926673317904793,10,,False,,,ANG;CCL2;CXCL10;CXCL8;EREG;ICAM3;IGFBP3;IL1B;PTGES;TNFRSF11B
BMS-707035,0.889032258064516,3.681422704352098,5.084864956933964,12,,False,,,CCL20;CCL5;CD9;CXCL10;CXCL8;DKK1;EREG;IGFBP5;IL32;MMP1;MMP12;TNFRSF11B
Canertinib,0.888847926267281,5.051338616048237,3.2425297613253403,13,,False,,,AREG;AXL;CCL20;CD9;DKK1;EREG;GEM;IL6ST;MMP9;PLAT;PLAUR;SERPINE2;VEGFC
Salirasib,0.8884331797235023,2.9169005254141744,9.662697766805286,10,,False,,,CCL13;CXCL1;CXCL2;DKK1;EREG;IL32;IQGAP2;JUN;MMP1;SPP1
Ro-15-4513,0.8883686635944701,2.695849030616948,13.347894292791342,11,,False,,,CCL4;CCL5;CCL8;CXCL10;CXCL12;IGFBP4;IL15;MMP12;PTGES;SERPINB4;SERPINE2
Hydroflumethiazide,0.8881105990783409,2.8770935314647383,10.186384235557933,12,,False,,,BEX3;BMP2;CCL5;CXCL1;CXCL2;CXCL3;CXCL8;GDF15;IL32;MMP1;MMP3;VEGFC
Oxiracetam,0.8880552995391705,2.669154660837944,15.68928677346358,11,,False,,,CCL20;CD55;CTSB;CXCL1;CXCL8;DKK1;GDF15;GEM;IGFBP6;SPP1;VEGFA
Ceftazidime,0.8879999999999999,9.342677272301554,2.3345741987633484,19,,False,,,ANGPT1;AREG;CCL4;CCL5;CXCL1;CXCL12;CXCL8;ETS2;GMFG;IGFBP6;IL1B;IL32;MMP3;MMP9;PLAU;PLAUR;SELPLG;SERPINB4;TNFRSF11B
Quetiapine,0.8879907834101382,2.4937712124674336,43.37846603744719,9,,False,,,AREG;CD55;CXCL2;GMFG;IL6;IQGAP2;MMP3;SERPINB4;SPP1
Tianeptine,0.8878341013824884,3.0495714337103466,7.779494126592758,11,,False,,,AREG;BMP2;CD55;CXCL8;DKK1;GEM;ICAM1;IL6;MMP9;PLAUR;SPP1
ST-014366,0.8872626728110597,4.423844886133823,3.646216354540648,12,,False,,,C3;CCL4;CCL8;CTSB;CXCL12;GDF15;IGFBP1;IGFBP5;IL32;IQGAP2;MMP9;PLAT
Tozadenant,0.8871889400921658,6.25332307727634,2.6567520845577546,15,,False,,,C3;CCL20;CD9;CXCL2;CXCL3;CXCL8;GDF15;ICAM3;IGFBP3;IGFBP5;IQGAP2;JUN;MMP1;MMP12;SERPINB4
Tolazamide,0.8867281105990783,2.678002499574992,13.740621490232684,10,,False,,,CXCL1;CXCL12;CXCL2;CXCL3;CXCL8;ICAM1;IL6;JUN;PLAT;SERPINE2
Tipifarnib,0.8866728110599078,5.047014554288419,3.164161230437025,13,,False,,,AREG;C3;CCL20;CCL4;CXCL10;CXCL8;DKK1;EREG;MMP1;MMP13;MMP9;PLAT;PLAUR
Doxylamine,0.8865345622119816,4.346464345553364,3.7762971559002794,12,,False,,,AREG;C3;CD55;CTSB;CXCL10;CXCL8;IGFBP6;IL6ST;PLAUR;TNFRSF11B;VEGFA;VEGFC
Triamcinolone,0.8863686635944701,3.3851619947875253,5.665010096967131,12,,False,,,CTSB;CXCL1;CXCL2;CXCL3;CXCL8;GEM;IGFBP3;IQGAP2;JUN;MMP1;MMP12;SPP1
Ellagic-Acid,0.8855852534562212,2.6551101361326803,14.308893281571343,10,,False,,,AREG;CD55;CSF2RB;CXCL2;ETS2;GEM;MMP12;MMP9;PTGES;SPP1
SA-1472548,0.8855760368663594,3.0636205351109274,7.3115907580352495,10,,False,,,C3;CXCL10;ICAM1;IGFBP2;IGFBP5;IGFBP6;IL6;MMP12;PTGES;SERPINE2
SGC-CBP30,0.8852718894009216,6.55629146019733,2.514613644031012,15,,False,,,AREG;CCL5;CST4;CXCL10;DKK1;EDN1;ETS2;ICAM3;IGFBP3;IGFBP6;IL18;IL1B;LCP1;PTGES;VEGFA
Sulbactam,0.8852718894009215,3.1658489948392905,6.508089921731134,13,,False,,,AXL;CD9;CSF2RB;CXCL2;CXCL3;CXCL8;DKK1;ETS2;IGFBP6;IL1B;PLAU;RPS6KA5;SERPINE1
Ebelactone-B,0.8852073732718893,3.3639425033143344,5.62698385296118,11,,False,,,BMP2;CCL20;CD55;CD9;GDF15;IGFBP3;IGFBP5;IL6;MMP13;PLAT;SERPINE2
AZD-1480,0.8848940092165898,2.6468073375771684,14.11095758533937,11,,False,,,CCL20;CD55;CD9;CXCL1;CXCL2;CXCL3;GDF15;IGFBP2;IL1A;MMP10;PLAT
Gossypetin,0.8848202764976958,2.4947819101700146,21.91022110975953,9,,False,,,CCL2;CD55;CTSB;CXCL1;CXCL8;IGFBP2;IL6;PLAUR;VEGFA
Rosiglitazone,0.8846451612903226,3.565173992869474,5.047343080185818,11,,False,,,ANGPT1;CXCL10;DKK1;GEM;IL7;MMP1;MMP12;SERPINE2;SPP1;TNFRSF11B;VEGFA
Linoleic-Acid,0.8845069124423963,2.9581042444312473,7.993353529309989,10,,False,,,CCL20;CD9;CXCL1;CXCL10;CXCL3;GEM;IGFBP2;MMP1;MMP12;MMP9
Cilastatin,0.884258064516129,4.2836557867693354,3.741180985694792,12,,False,,,BEX3;CXCL12;DKK1;GDF15;GEM;IGFBP4;MMP1;MMP10;MMP9;PGF;PTGES;SERPINB4
SA-94315,0.8839170506912442,2.9284244449060033,8.247684031768804,10,,False,,,CCL5;CCL8;CD55;CTSB;CXCL10;GDF15;ICAM1;IL32;MMP12;SERPINE1
Fludrocortisone-Acetate,0.8837050691244239,5.815313952854798,2.674886670037561,14,,False,,,BMP2;C3;CCL20;CCL4;CCL5;CXCL10;CXCL2;CXCL8;GEM;IGFBP3;IGFBP5;IL1B;MMP12;TNFRSF11B
RG-14620,0.8832073732718894,3.9877193190585536,4.074314892110265,12,,False,,,AXL;C3;CCL2;CCL8;CD9;CXCL10;GEM;ICAM1;IL1B;IL6ST;SERPINE2;VEGFC
Cloxacillin,0.8825253456221198,5.800653481480537,2.6598345921737288,14,,False,,,BMP2;CCL20;CCL5;CXCL12;IGFBP5;IGFBP6;IL32;MMP1;MMP9;PLAUR;SERPINE2;TIMP2;VEGFA;VEGFC
Cerulenin,0.8822304147465437,4.384432496521117,3.4741427651288377,13,,False,,,AREG;BMP2;CCL2;CCL20;CXCL1;CXCL10;CXCL2;CXCL3;EREG;ETS2;ICAM1;IL32;PLAU
Tiapride,0.8817511520737327,3.196833329473096,6.034397827767899,10,,False,,,ANGPT1;AREG;BEX3;CCL20;CXCL1;CXCL2;CXCL3;CXCL8;PLAT;SPP1
Budesonide,0.8815299539170506,5.163947865310517,2.7709167563324164,15,,False,,,BEX3;CCL2;CSF2RB;CXCL1;CXCL8;GDF15;IGFBP3;JUN;MMP12;PLAU;PLAUR;RPS6KA5;SERPINB4;SERPINE2;TNFRSF11B
Flumetasone,0.8814009216589861,7.569925600941514,2.260329467814284,17,,False,,,AXL;CCL2;CCL20;CCL4;CD55;CTSB;CXCL1;CXCL8;GDF15;ICAM1;IL6;MMP1;PLAT;PLAU;PLAUR;SERPINE2;VEGFC
Pilocarpine,0.8813640552995391,5.9354496135055195,2.5467656314024505,15,,False,,,BEX3;BMP2;BMP6;CCL20;CXCL1;CXCL2;CXCL3;CXCL8;DKK1;IGFBP4;IL1A;IL32;MMP10;PLAU;SPP1
Ditolylguanidine,0.8811336405529953,4.461360381758053,3.2709189537241334,13,,False,,,AREG;CCL20;CD55;CXCL2;CXCL3;CXCL8;GDF15;HGF;IGFBP2;IL6;MMP12;SPP1;TIMP2
Mozavaptan,0.8809769585253456,3.0188451919849073,7.0186406002938675,10,,False,,,AREG;CD55;CXCL2;CXCL8;IL15;MMP1;MMP12;MMP3;SERPINB4;SPP1
Fluticasone-Propionate,0.8808847926267281,8.025633831605852,2.1925943661684584,17,,False,,,CCL2;CXCL1;CXCL2;CXCL3;CXCL8;GDF15;GEM;IGFBP3;IL6;MMP1;MMP12;PLAT;PLAU;SERPINE2;SPP1;TNFRSF11B;VEGFC
SPP-301,0.8805806451612903,3.5411830375210234,4.76372756011919,11,,False,,,AXL;CCL4;CD55;CTSB;CXCL2;IL6;MMP1;MMP12;MMP13;MMP9;TNF
Olanzapine,0.8800921658986175,3.299325307331707,5.63624382881817,11,,False,,,BEX3;CCL20;CCL5;CTNNB1;CXCL1;CXCL12;CXCL2;CXCL3;CXCL8;GEM;MMP1
Methoxsalen,0.8798801843317973,2.695650023734046,9.56117752908132,10,,False,,,CCL20;CD55;CTSB;CXCL2;CXCL3;CXCL8;MMP1;SERPINB4;SPP1;VEGFA
FTI-276,0.8790599078341013,2.4052997492433703,23.533686100566808,9,,False,,,AREG;CXCL8;IGFBP4;IL1B;MMP10;SERPINB4;SERPINE1;TNFRSF1A;VEGFA
WZ-7043,0.8785714285714286,3.560957131410362,4.590768992116036,11,,False,,,AREG;AXL;CCL20;CD55;EREG;GDF15;IL7;JUN;PLAT;SERPINE2;SPP1
Dipyrocetyl,0.8777419354838709,4.388332242563658,3.247446495617952,13,,False,,,CCL20;CD55;CXCL1;CXCL2;CXCL8;ETS2;GDF15;GEM;IGFBP1;IGFBP5;MMP9;SPP1;VEGFA
Fananserin,0.8776129032258064,3.0636205351109274,6.262115571916831,10,,False,,,C3;CTNNB1;CXCL1;CXCL8;DKK1;IL32;MMP1;MMP9;PLAU;SERPINE2
Ephedrine,0.8773917050691245,3.142032854327227,5.802560774879666,10,,False,,,C3;CD55;CSF2RB;CTSB;GDF15;IL18;IL32;MMP1;MMP9;PLAU
Olmesartan,0.876626728110599,3.5390094387994484,4.515243336011777,11,,False,,,AREG;BEX3;C3;CXCL2;CXCL8;IGFBP1;IGFBP2;IL18;IL6ST;SEMA3F;SERPINE2
KW-2478,0.876442396313364,10.13033889139895,1.9580822797041664,19,,False,,,AREG;CCL2;CCL20;CD55;CXCL2;CXCL3;CXCL8;EREG;ETS2;GEM;IL1A;JUN;MMP1;PLAT;PLAUR;SERPINB4;SERPINE1;SERPINE2;SPP1
CP-724714,0.8762764976958525,2.537727248484637,11.412833994588103,9,,False,,,CCL20;CCL5;CD55;CTSB;CXCL10;GEM;MMP1;MMP12;VEGFC
Gestrinone,0.8753917050691244,3.7933727039908822,3.809283779696772,11,,False,,,CCL13;CCL2;CXCL3;DKK1;ETS2;IGFBP2;LCP1;MMP1;MMP12;MMP3;SPP1
Regorafenib,0.8753732718894008,4.250572356891334,3.3510984206147754,12,,False,,,ANGPTL4;BMP6;CCL20;CD9;CST4;CXCL1;CXCL8;DKK1;IGFBP6;IL6ST;MMP1;MMP9
Alpidem,0.8751981566820276,2.658190813848462,9.322415574873837,11,,False,,,CCL20;CCL5;CXCL12;CXCL8;FGF7;GMFG;IGFBP4;IL32;IL6;PLAT;SERPINE2
WAY-362450,0.8751244239631336,3.508286999490956,4.526126206909596,11,,False,,,AXL;C3;CD55;CD9;IGFBP2;MMP1;PLAU;SEMA3F;SERPINB4;SERPINE2;SPP1
Phenprocoumon,0.8748387096774193,6.449016100044561,2.2493543101989832,17,,False,,,AXL;CCL20;CD9;CXCL1;CXCL2;CXCL3;CXCL8;EREG;IGFBP1;IL6;IL7;MMP1;MMP10;MMP3;PTGES;VEGFA;VEGFC
Garcinol,0.8744331797235023,3.051066070558417,6.029712031382343,10,,False,,,C3;CD55;CD9;CXCL1;CXCL8;IQGAP2;MMP1;MMP12;MMP2;RPS6KA5
Brimonidine,0.8743225806451613,2.4032518681414663,16.00564142029151,10,,False,,,BEX3;CD55;CTSB;GDF15;IGFBP2;LCP1;MMP1;MMP12;PLAT;VEGFA
Reboxetine,0.8740368663594469,2.910436101531885,6.968477567018983,10,,False,,,CCL4;CXCL12;CXCL2;CXCL8;IGF1;IGFBP4;IGFBP5;MMP1;MMP10;TNFRSF1B
Thiazovivin,0.8740184331797234,3.5475914500085923,4.319433299662725,11,,False,,,BEX3;BMP2;BMP6;CCL8;CD55;CD9;CSF2RB;IGFBP5;IGFBP6;MMP1;MMP9
Dacomitinib,0.8738617511520738,5.631968168208045,2.425073638013171,14,,False,,,AREG;AXL;CD55;DKK1;FGF1;IL6;ITGA2;MMP1;PLAT;PLAU;PLAUR;SERPINE1;SERPINE2;SPP1
UPF-1069,0.8738064516129032,2.393093273410426,17.06901958031548,10,,False,,,CCL20;CXCL10;GDF15;IL15;IL1A;IL1B;IL32;PGF;PLAT;TNFRSF1A
RU-58841,0.8737142857142857,2.455700546220618,12.894948446286842,12,,False,,,CCL20;CD9;CTSB;CXCL2;CXCL3;CXCL8;GDF15;IGFBP5;IQGAP2;MMP12;SPP1;VEGFA
Glibenclamide,0.873179723502304,2.4918223614820465,11.165835707623456,10,,False,,,CCL20;CD55;CXCL8;GDF15;GEM;IGFBP2;IGFBP4;MMP12;SPP1;VEGFA
I-OMe-AG-538,0.8729032258064515,2.9977018579424795,6.192846808732858,11,,False,,,CCL20;CCL4;CXCL2;CXCL3;CXCL8;GEM;IGF1;IL1B;IL6;PLAT;PLAU
Enoxacin,0.872774193548387,2.6892396210388787,8.12198742365846,11,,True,18.0,False,AXL;CCL4;CXCL1;CXCL3;GDF15;GEM;IGFBP1;MMP10;MMP3;PTGES;VEGFA
Eplerenone,0.8725345622119816,2.3810323517973586,16.83693661744754,10,,False,,,AREG;CXCL1;CXCL2;CXCL3;CXCL8;DKK1;ETS2;IGFBP2;MMP12;SPP1
Viomycin,0.8716866359447004,7.284910184505321,1.9917693426502117,16,,False,,,C3;CCL2;CCL20;CXCL1;CXCL3;CXCL8;DKK1;ETS2;IGFBP5;IGFBP6;IL15;MMP12;PLAUR;RPS6KA5;SERPINE2;TNFRSF1B
Amineptine,0.8713548387096774,3.730726806128972,3.7270214452666073,12,,False,,,BMP2;C3;CD9;CXCL1;CXCL2;CXCL8;ICAM1;IGFBP2;IGFBP3;MMP12;SERPINE2;SPP1
Lersivirine,0.8711152073732717,2.5853673423347123,8.879149774416257,13,,False,,,CCL20;CTSB;CXCL1;CXCL2;CXCL3;CXCL8;GDF15;IGFBP3;JUN;MMP1;MMP12;MMP9;SPP1
NALOXONAZINE-2HCL,0.8710230414746543,4.038516442939102,3.3640267545363973,13,,False,,,AXL;BEX3;CD9;CTSB;CXCL8;DKK1;IGFBP5;IL6;MMP1;SERPINE2;SPP1;VEGFA;VEGFC
Climbazole,0.8709861751152074,4.813210019572029,2.6640035752380795,14,,False,,,ANG;AREG;CXCL2;CXCL3;CXCL8;DKK1;EREG;GEM;IL1A;MMP1;MMP12;PLAUR;SPP1;TNFRSF11B
Methyldopa,0.8709861751152073,4.226808450614856,3.2173269954970154,12,,False,,,CXCL1;CXCL2;CXCL3;CXCL8;DKK1;GDF15;MMP10;PLAT;PTGES;SERPINB4;SPP1;VEGFA
Vandetanib,0.8708571428571428,3.694246831498133,3.849123364417038,11,,False,,,AREG;AXL;BMP2;CCL5;DKK1;EGFR;MMP12;PLAT;PLAU;SERPINE1;SERPINE2
Zafirlukast,0.8707188940092165,2.495782239012757,9.914300918588353,9,,False,,,CCL20;CXCL2;CXCL8;DKK1;GMFG;IL6ST;MMP1;SERPINE2;SPP1
Tazobactam,0.8703410138248848,2.349236807583538,18.84154420720622,11,,False,,,BMP2;CCL20;CXCL2;CXCL8;EREG;IGFBP2;IL1A;MMP1;SERPINE2;SPP1;TNFRSF11B
Ricinine,0.8703041474654377,2.5692459259240144,8.93859042898915,9,,False,,,C3;CD9;CTNNB1;GEM;GMFG;IGFBP5;IL6;MMP3;TNFRSF11B
Y-27152,0.870147465437788,3.320747593730188,4.601042564685519,11,,False,,,AREG;CCL20;CD55;CXCL12;CXCL2;CXCL3;ETS2;GEM;IGFBP5;RPS6KA5;VEGFA
Cupferron,0.8694930875576036,5.441071474083512,2.3443555005719356,14,,False,,,AXL;BEX3;C3;CXCL10;CXCL12;EREG;ETS2;ICAM1;IGFBP3;IGFBP4;IGFBP6;IL6ST;MMP3;SEMA3F
Simazine,0.8692995391705068,4.476104863134654,2.762026850191502,12,,False,,,AREG;BMP2;CCL20;CXCL1;CXCL8;GDF15;IL15;IL1B;MMP3;PIGF;SERPINE2;TNFRSF11B
Ganglioside,0.868663594470046,2.6615725230590073,7.847724724671555,10,,False,,,ANG;C3;CD9;CTSB;CXCL8;IGFBP4;IGFBP6;IL32;IQGAP2;SERPINE2
BMS-927711,0.868663594470046,3.028586805521839,5.57558992536078,11,,False,,,CD9;CSF2RB;CTSB;CXCL10;IGFBP5;MMP12;MMP9;PLAU;SERPINE2;SPP1;TNFRSF11B
GP-2a,0.8686451612903225,3.433982745338323,4.183572079031166,12,,False,,,AREG;BEX3;BMP2;CXCL1;CXCL2;CXCL3;CXCL8;EREG;IGFBP3;IGFBP5;MMP1;MMP12
Fiacitabine,0.8679999999999999,6.703466228995434,1.9644043267105864,15,,False,,,ACVR1B;AREG;AXL;CD9;CSF2RB;CXCL1;CXCL2;CXCL3;EREG;GDF15;GEM;IGFBP6;IL1B;MMP9;SPP1
MW-A1-2,0.8678341013824884,5.167276086122341,2.3621083019483526,14,,False,,,ANGPT1;AREG;CCL20;CD55;CXCL1;CXCL8;CXCR2;GDF15;ICAM1;IL32;IL6;MMP1;MMP14;SERPINE2
Tandutinib,0.8670599078341013,2.3255199381222704,17.282085751406832,11,,False,,,AXL;CCL8;CD55;CXCL12;FGF2;IL6;MMP1;SERPINE1;TNFRSF11B;VEGFA;VEGFC
R-112,0.8668202764976958,4.297280860752824,2.9659992048901875,13,,False,,,ANGPTL4;C3;CXCL12;CXCL2;CXCL3;CXCL8;FAS;GEM;IGF1;IGFBP5;JUN;PGF;PLAT
Butalbital,0.8660092165898617,5.960864010812459,2.0809219251836337,14,,False,,,AREG;C3;CD9;CTNNB1;CXCL1;CXCL2;CXCL3;CXCL8;IGFBP2;IGFBP6;IL6ST;IQGAP2;PTGES;TIMP2
Fluocinonide,0.8658894009216589,4.196576479507629,3.031845976444589,12,,False,,,BEX3;CCL2;CXCL12;CXCL8;GDF15;IL6;IL7;JUN;MMP9;PLAU;SERPINE2;VEGFA
GW-9662,0.8658156682027649,2.135672795948102,77.2887294378665,9,,False,,,C3;CCL2;CD55;ETS2;GDF15;GEM;IGFBP5;IL6ST;PLAT
SA-422830,0.8657142857142857,3.312271060069793,4.353017856719582,11,,False,,,CCL20;CD55;CTNNB1;CXCL1;CXCL12;CXCL8;GMFG;IGFBP5;IL6ST;MMP3;PLAT
Brinzolamide,0.8655483870967742,3.6614714330699982,3.683550593131814,11,,False,,,BMP2;CCL5;CCL8;CD55;CXCL10;CXCL12;FGF2;GDF15;IL32;SERPINE2;VEGFA
Lacosamide,0.8654654377880184,2.594332290705864,7.700854247014779,9,,False,,,CD9;CXCL1;CXCL2;CXCL3;CXCL8;GEM;IL18;IL6ST;SPP1
Meglumine,0.8654562211981567,4.985759899513372,2.4269121285193607,13,,False,,,ACVR1B;AXL;CCL4;CCL5;CD55;CD9;ETS2;GDF15;IL32;IL6;IL6ST;PLAT;PTGES
Sulmazole,0.8643870967741936,2.3701062257920684,12.053633203650556,9,,False,,,CCL20;CXCL1;CXCL2;CXCL3;CXCL8;IGFBP1;MMP12;MMP9;SPP1
Ornidazole,0.864,2.682063780545695,6.863880530684417,10,,False,,,ACVR1B;ANG;HGF;IGF1;IGFBP5;MMP1;MMP3;PLAU;SERPINE2;TNFRSF11B
Styrene,0.8639447004608295,5.106747170034126,2.310743358027642,13,,False,,,BMP2;CXCL1;EREG;IL15;IL1A;IL1B;MMP10;MMP3;PLAT;PLAU;PLAUR;SERPINE2;TNFRSF1A
Dimercaptosuccinic-Acid,0.8638248847926266,2.9581042444312473,5.391273473027107,10,,False,,,CCL5;CTNNB1;CXCL1;CXCL12;EDN1;GDF15;IGFBP3;IL32;MMP9;TNFRSF11B
Cyanopindolol,0.863778801843318,3.6614714330699982,3.6031147290413226,11,,False,,,CCL13;CCL4;CSF2RB;CXCL8;GDF15;IGFBP5;IL32;MMP3;PTGES;TNFRSF11B;VEGFA
Guaifenesin,0.8634193548387097,2.658190813848462,7.1337592547713085,11,,False,,,ANGPT1;CCL13;CCL5;CCL8;CXCL10;CXCL12;IGFBP2;IL32;MMP1;MMP12;MMP9
Axitinib,0.8632258064516128,6.1750487677739345,1.954049981648689,15,,False,,,CCL2;CCL20;CD9;CXCL1;CXCL2;CXCL3;CXCL8;IL1B;IL6;MMP1;MMP9;PLAUR;PTGES;RPS6KA5;SPP1
Exalamide,0.8630046082949308,2.6061074671829423,7.300191972062108,9,,False,,,AREG;CD55;CXCL2;CXCL8;FGF7;IGFBP4;IL18;IL6;SERPINE1
CI-1040,0.8626912442396313,2.8698962139305193,5.844491032672368,10,,False,,,CCL13;CCL2;CCL20;CCL5;CCL8;CXCL1;GDF15;IGFBP2;IGFBP5;MMP1
Acrylonitrile,0.8624884792626728,3.3029645014385705,4.252064013182813,11,,False,,,BEX3;CTSB;CXCL10;CXCL8;DKK1;GEM;IGFBP6;IL1A;MMP9;PLAU;VEGFC
Stiripentol,0.8622119815668202,4.962126538148885,2.3429673233283888,13,,False,,,AREG;BEX3;CD55;CTSB;CXCL2;CXCL8;DKK1;IGFBP5;MMP1;PLAUR;SERPINE2;VEGFA;VEGFC
BTS-54505,0.8618801843317971,3.341208373136814,4.016628994520852,11,,False,,,AREG;CCL20;CCL4;CD9;CTSB;EREG;IGFBP6;IL32;SERPINE2;SPP1;VEGFA
Amcinonide,0.8617880184331798,2.7048881175994417,6.267697659875023,11,,False,,,CCL2;CTSB;CXCL1;CXCL8;GDF15;GEM;IGFBP5;MMP9;SERPINE2;SPP1;VEGFA
Lopinavir,0.8616589861751152,2.37758789009658,10.247695273259849,10,,False,,,ANGPT1;BEX3;CCL5;CD9;EDN1;IL32;MMP10;MMP9;NAP1L4;SPP1
Vemurafenib,0.8615115207373272,2.6640967102549293,6.80427180952258,10,,False,,,BMP2;C3;CCL2;CCL20;CD9;CXCL8;GEM;IL32;JUN;TNF
Propafenone,0.8611797235023042,2.592897084960183,7.120923111462077,9,,False,,,C3;CCL4;CD55;CXCL1;CXCL8;MMP12;PLAT;PLAU;PLAUR
Trapidil,0.8609677419354838,3.080344189138122,4.635791750481515,10,,False,,,BEX3;BMP6;CD55;CD9;CSF2RB;CXCL8;IGFBP2;MMP3;SPP1;TNFRSF11B
Dasatinib,0.8607926267281105,4.720255681321134,2.422454190089873,13,senolytic,False,,,AREG;AXL;DKK1;EDN1;EGFR;EREG;IL18;IL32;JUN;PLAU;SERPINE1;SERPINE2;VEGFC
Gabexate,0.8606912442396313,2.3675192557489253,10.336893350335442,10,,False,,,AREG;C3;FGF1;GDF15;IGFBP5;IL1B;MMP10;MMP12;MMP3;PLAT
SA-102607,0.8603870967741934,4.80660060999396,2.355789791496889,14,,False,,,CCL2;CTNNB1;CTSB;CXCL1;CXCL12;CXCL8;FGF1;ICAM1;IGFBP2;IL32;IL6;MMP3;PLAT;PLAU
Methapyrilene,0.8602488479262673,2.359040884955085,10.527970546706584,9,,False,,,CCL2;CXCL8;EGF;GDF15;GEM;IGFBP2;IGFBP5;IL15;TNFRSF11B
Enalapril,0.8602027649769586,2.31488266073258,12.827675620456924,9,,True,21.36,False,CCL20;CD55;CXCL1;CXCL2;CXCL3;CXCL8;EDN1;JUN;SERPINE2
Neratinib,0.8600184331797235,4.891712250066285,2.306640783204723,13,,False,,,ANGPTL4;BMP2;CCL2;CCL20;CXCL1;CXCL10;CXCL8;GEM;MMP12;MMP9;PLAT;PLAUR;SPP1
Methylprednisolone,0.8599631336405529,6.753653273831199,1.705911822872804,16,,False,,,AXL;CCL2;CXCL1;CXCL12;CXCL8;GDF15;GEM;IGFBP3;JUN;MMP1;MMP9;PLAT;PLAU;SERPINE2;SPP1;TNFRSF11B
SD-6-035-A8,0.859852534562212,5.113035584678423,2.164271280810862,13,,False,,,AREG;BEX3;C3;CXCL1;CXCL8;DKK1;IGF1;IGFBP2;IGFBP4;IGFBP5;MMP9;PLAT;SERPINE1
Quiflapon,0.8597788018433179,2.807191387368345,5.63447939923552,12,,False,,,AREG;BMP2;C3;CCL20;CCL4;CST4;MMP1;MMP12;MMP9;PLAUR;SPP1;TNFRSF1A
Carbinoxamine,0.8597050691244239,6.015186258042664,1.866978749457972,15,,False,,,ANGPTL4;BMP2;CCL20;CCL4;CD9;CXCL3;GEM;IGFBP6;IL32;MMP13;MMP14;MMP2;MMP3;MMP9;VEGFA
Icariin,0.8597050691244239,2.217582052361243,14.7346166675418,9,,True,20.7,True,ANGPT1;ANGPTL4;CD55;CXCL2;DKK1;GDF15;IGFBP2;IGFBP5;MMP9
CAY-10577,0.8596129032258064,2.3323951152483957,11.302597764700112,11,,False,,,AXL;CD55;CXCL12;HGF;IGFBP1;IGFBP2;IGFBP5;IL15;MMP10;MMP3;PLAU
Estradiol-Cypionate,0.8595391705069124,2.3009628288671284,13.03861126670749,9,,False,,,CD55;CD9;CXCL1;CXCL12;CXCL8;EDN1;IL1A;IL1B;MMP10
Naphazoline,0.8594838709677419,3.3048222405922028,4.065485604059092,10,,False,,,BEX3;CD9;CST4;DKK1;GDF15;IL32;IL6;IQGAP2;MMP10;SERPINB4
AG-370,0.8593548387096773,2.4299017837111108,8.380274535816481,9,,False,,,ANGPT1;CCL20;CXCL12;CXCL3;DKK1;GDF15;MMP3;TNFRSF11B;VEGFA
Dazmegrel,0.8592995391705068,2.867871403134795,5.532476791494077,12,,False,,,AREG;BMP6;CCL20;CCL4;CCL5;CXCL3;IGFBP1;MMP1;MMP12;PTGER2;SPP1;VEGFA
Depomedrol,0.8592442396313363,5.828770228828104,1.9400672325533996,14,,False,,,CCL2;CD9;CTSB;CXCL3;CXCL8;EDN1;GDF15;HGF;IGFBP3;MMP10;MMP12;PLAT;PLAU;VEGFA
CGS-21680,0.8592350230414747,2.135672795948102,18.034116743674073,9,,False,,,AREG;CCL20;CD55;CXCL1;CXCL3;CXCL8;ICAM1;MMP12;PLAU
Ambenonium,0.8590506912442396,4.346464345553364,2.6443583327539155,12,,False,,,AXL;CD9;CSF2RB;CTSB;CXCL2;EREG;IGFBP4;IGFBP5;IL18;IL6ST;MMP9;PGF
ME-0328,0.8590230414746544,2.712536963662175,5.904947439687714,10,,False,,,CCL4;CCL5;CCL8;CXCL1;CXCL2;CXCL3;IGFBP2;IL32;MMP12;PLAT
Lupanine,0.8589861751152074,5.0927337386052765,2.1684995399038387,13,,False,,,CCL20;CSF2RB;CXCL1;CXCL2;CXCL3;CXCL8;GEM;IGFBP2;MMP10;PLAT;PTGES;SERPINE2;TNFRSF1A
SB-206553,0.8589400921658985,3.0625780414795667,4.626076632600893,10,,False,,,C3;CCL20;CTNNB1;CXCL1;CXCL8;HGF;IL1A;IL6;MMP3;SERPINE2
Lafutidine,0.8589308755760369,2.352632472467516,10.207383571150002,9,,False,,,ANGPT1;BMP2;CCL4;ICAM3;MIF;MMP1;MMP12;MMP3;SPP1
Sulfacetamide,0.858921658986175,3.1425983440641696,4.319433299662725,10,,False,,,AREG;BEX3;CCL13;CSF2RB;CXCL12;ETS2;GEM;IGFBP2;IL32;SERPINE2
Isocarboxazid,0.8589124423963134,2.45222050626324,8.03585029862553,10,,False,,,ANGPT1;ANGPTL4;BMP6;CD9;CXCL2;CXCL8;ESM1;PLAU;SERPINE2;TNFRSF11B
PHCCC,0.8587188940092165,3.028184009813065,4.736927238262174,11,,False,,,AREG;CCL2;CCL20;CXCL2;CXCL8;DKK1;GDF15;GMFG;IGFBP2;PLAUR;SERPINE2
FU-JMBII113B,0.8584516129032258,2.983814378125182,4.951334664001021,10,,False,,,AREG;BEX3;CXCL12;ETS2;GDF15;GEM;IGF1;PLAT;SERPINE2;VEGFA
Tolbutamide,0.8579907834101382,2.9262696974584306,5.146125077236021,10,,False,,,CD9;CXCL1;CXCL12;CXCL2;CXCL3;IGFBP6;IL6;PLAUR;PTGES;SPP1
U-74389F,0.8578617511520736,7.373143941578988,1.6013825206456365,16,,False,,,CCL20;CCL4;CCL5;CD55;CXCL1;CXCL10;CXCL2;CXCL3;GEM;IL18;IL6;IL7;JUN;MMP10;MMP12;PLAT
Acamprosate,0.8577327188940091,2.9282420604554913,5.129829458710034,12,,False,,,AREG;BMP2;C3;CXCL10;CXCL12;DKK1;EGF;GDF15;GMFG;IL32;IL6ST;SERPINE1
Thiazolidinecarboxylic-Acid,0.8575299539170507,3.0813445179808636,4.3817189922979605,10,,False,,,AREG;CCL20;CCL8;CXCL10;EREG;GDF15;IGFBP5;IGFBP6;IL18;MMP9
SID-7969543,0.8574377880184332,2.393093273410426,8.525327247292793,10,,False,,,C3;CCL20;CXCL8;GDF15;IGFBP5;IL1A;MMP12;MMP14;SERPINE2;VEGFA
DMP-777,0.8571797235023041,2.4701200534312653,7.398825039276675,9,,False,,,AXL;CCL20;CD55;CXCL1;CXCL2;CXCL3;IGFBP3;MMP2;SPP1
PD-168077,0.8560460829493087,3.275853397534063,3.9698284746504022,11,,False,,,CXCL3;CXCL8;ETS2;GDF15;IGFBP2;IGFBP5;IGFBP6;IL6;JUN;PLAT;SERPINE2
AQ-RA741,0.856036866359447,5.095765945634402,2.0879298315571937,13,,False,,,CD9;CTSB;GDF15;IGFBP5;IGFBP6;IL32;IL6;IL6ST;IQGAP2;MMP3;SERPINE2;TNFRSF11B;TNFRSF1A
Clocortolone-Pivalate,0.856036866359447,7.049692625019744,1.590424657415238,16,,False,,,AXL;CCL2;CXCL1;CXCL12;CXCL3;CXCL8;GDF15;GEM;IGFBP3;IGFBP5;IL6;JUN;MMP10;PLAU;SERPINE2;VEGFA
GNF-2,0.8559447004608294,2.0737107001143498,34.703486155250566,8,,False,,,CCL20;CD9;CXCL1;CXCL8;GDF15;GEM;IL6ST;MMP1
SD-6-035-B2,0.8556958525345622,4.044352080577731,2.706062516784184,13,,False,,,C3;CCL13;CCL4;CXCL1;CXCL8;GDF15;IGFBP2;IGFBP5;IL32;IL6;MMP10;MMP3;MMP9
Hydrochlorothiazide,0.8552811059907833,3.786374014177906,2.9366136010741037,11,,False,,,AREG;CTSB;CXCL12;CXCL8;EGF;MMP3;PLAT;PLAU;PLAUR;SERPINE2;TNFRSF11B
Dyphylline,0.8549861751152072,5.582965694602368,1.8676100399184743,14,,False,,,AREG;BEX3;CD55;CXCL1;CXCL8;DKK1;IGFBP4;IGFBP6;MMP1;MMP3;PLAT;SERPINE2;TNFRSF11B;VEGFA
Cordycepin,0.8548202764976958,3.740944135249113,2.9760853983199036,11,,False,,,AREG;CD55;CD9;CSF2RB;DKK1;EREG;GDF15;IGF1;MMP1;MMP13;SPP1
SA-85901,0.8547649769585253,5.2099194666545126,1.9282696511561732,14,,False,,,BEX3;BMP6;CD55;CXCL12;EREG;IL15;IL1A;IL32;IL6;MMP1;MMP10;MMP3;PLAT;TNFRSF11B
MW-SHH-250,0.8544516129032258,2.9356378306167943,4.711158770527564,10,,False,,,ACVR1B;CD55;CD9;CTNNB1;EREG;ETS2;ICAM1;PTGES;RPS6KA5;SPP1
AR-C133057XX,0.8542672811059907,2.033899609160727,41.54887976583025,8,,False,,,ANG;CXCL10;EREG;GDF15;GEM;IGFBP2;PTGES;VEGFA
NSC60043,0.8542488479262672,5.124571858186463,1.9848878976037572,14,,False,,,CCL20;CCL4;CD9;CST4;CXCL12;CXCL8;EREG;ESM1;IGFBP4;MMP9;PLAT;PTGER2;SERPINB4;VEGFA
Methylparaben,0.8541566820276497,2.678002499574992,5.804828471520199,10,,False,,,BEX3;BMP2;CXCL2;CXCL8;IL18;MMP12;MMP9;SERPINB4;SERPINE1;SERPINE2
Methantheline,0.8541198156682028,5.6706933209695585,1.819975631108878,14,,False,,,ANGPTL4;BMP2;CCL20;CXCL12;IGFBP4;IGFBP5;MMP12;MMP13;MMP3;PLAT;PLAU;PTGES;SERPINE2;VEGFA
Rolitetracycline,0.8539170506912441,3.091014897958116,4.133417213684155,10,,False,,,AREG;C3;EREG;ETS2;GDF15;IGFBP2;IGFBP5;IL6ST;MMP9;RPS6KA5
PU-H71,0.8539170506912441,10.046892784773808,1.349678086558593,19,,False,,,AREG;BMP2;CCL2;CCL20;CD9;CXCL1;CXCL2;CXCL3;EREG;ETS2;ICAM1;IGFBP2;JUN;PLAT;PLAU;PLAUR;SERPINE1;SERPINE2;VEGFA
646 0226 7557,0.8533271889400921,4.132389817727148,2.6293481783022616,12,,False,,,AREG;BEX3;BMP2;CCL20;CCL5;CCL8;CXCL10;GEM;IGFBP2;IL32;LCP1;MMP3
Triclabendazole,0.8531612903225807,3.3653939568676914,3.5236117093231094,11,,False,,,AREG;BEX3;CD9;CXCL10;DKK1;IGFBP4;MMP1;MMP12;MMP9;SPP1;VEGFC
Acrivastine,0.8528479262672811,3.023191932253273,4.37037778638853,11,,False,,,CCL5;CXCL12;CXCL8;FGF1;GDF15;IGFBP2;IGFBP5;IQGAP2;MMP12;PLAUR;SPP1
WH-4025,0.8527188940092165,5.1455207442050215,1.925822990802351,14,,False,,,AREG;BMP2;DKK1;EDN1;EGFR;EREG;GEM;IL18;JUN;MMP10;NRG1;PLAU;PLAUR;SERPINE1
JQ-1-R,0.8524700460829493,2.108413420324264,14.544355235908109,9,,False,,,AREG;CCL8;CD9;CXCL12;CXCL2;GDF15;IGFBP6;IL15;IL32
VX-702,0.8521935483870967,3.984190057577749,2.693188799540378,12,,False,,,CCL8;CD55;CXCL10;GDF15;IGFBP4;LCP1;MMP12;MMP13;PLAT;SERPINE2;SPP1;TNFRSF1A
Harmine,0.8521751152073732,3.038675200981897,4.247841864703654,11,,False,,,CD55;CD9;CTSB;CXCL8;HGF;PLAT;PTGES;SELPLG;TNFRSF1A;TNFRSF1B;VEGFA
Pifithrin-Mu,0.8521566820276497,3.3053459148794526,3.674675776711904,11,,False,,,AREG;C3;CCL2;CCL20;CXCL1;CXCL2;ICAM1;IGFBP5;IL1A;IL32;PLAT
SA-245650,0.8514470046082949,2.1753019356247725,10.70139476841516,9,,False,,,CCL5;CD9;CXCL8;GDF15;ICAM1;IGFBP2;IL32;PLAT;PLAUR
Hydrocortisone-Hemisuccinate,0.8513179723502304,2.7058342536675952,5.263038016094441,10,,False,,,BMP2;CCL2;CCL20;CXCL8;GDF15;IGFBP3;IL6ST;ITGA2;JUN;MMP3
Saracatinib,0.8511336405529953,7.553389376318275,1.4125315881619545,17,,False,,,ANGPTL4;AXL;BMP2;BMP6;CD55;DKK1;EDN1;EGFR;EREG;FGF2;IGFBP3;IL18;JUN;PLAU;PLAUR;SERPINE1;SERPINE2
Bifemelane,0.8508294930875576,2.934777384078257,4.501133062086247,10,,False,,,BEX3;CCL4;CXCL8;DKK1;GDF15;IGFBP2;IQGAP2;MMP12;MMP3;MMP9
Canagliflozin,0.8506635944700461,3.5411830375210234,3.187768012228866,11,,True,14.0,True,AXL;CCL20;CCL4;CXCL2;DKK1;GDF15;IL6;SERPINE1;TNFRSF11B;VEGFA;VEGFC
Chlortalidone,0.8504239631336405,2.702331859500762,5.234466014671299,10,,False,,,AREG;CD55;DKK1;IGFBP5;IL15;MMP12;MMP3;SERPINE2;TNFRSF11B;VEGFC
Iobenguane,0.8503963133640553,3.727306665233873,2.840895286591829,11,,False,,,AXL;BMP2;BMP6;CD55;CXCL1;CXCL3;CXCL8;GDF15;IL6;MMP3;MMP9
IND-125,0.8496129032258064,4.813210019572029,2.0188129070059975,14,,False,,,AREG;CCL20;CCL4;CCL5;CD55;CD9;CSF2RB;EREG;GEM;IL32;MMP12;MMP9;RPS6KA5;VEGFA
Selinidin,0.8495483870967742,4.292613270080888,2.3996390993462997,12,,False,,,AREG;CCL20;CCL5;CXCL8;EREG;GEM;GMFG;IL18;IL1B;MMP1;MMP9;PLAUR
Oxprenolol,0.848884792626728,2.3879607898967743,7.17886250131308,10,,False,,,ANG;CXCL12;ETS2;GEM;IGFBP2;IGFBP5;IL1A;PLAUR;TNFRSF1A;VEGFA
Methscopolamine,0.8485345622119815,4.192248133338481,2.454934271671285,12,,False,,,C3;CCL20;CXCL1;CXCL2;CXCL3;CXCL8;IGFBP1;IGFBP5;MMP12;SERPINE1;SPP1;VEGFA
Homatropine,0.8482764976958526,2.662372876038961,5.372625761169323,11,,False,,,BEX3;CD55;CXCL1;CXCL12;CXCR2;EREG;GEM;IGFBP4;IGFBP6;MMP3;SERPINE2
SA-96835,0.8480552995391705,3.677823972163596,2.8781263263195433,11,,False,,,AREG;BMP2;CCL20;CD9;CXCL10;GDF15;IGFBP1;IGFBP5;IL15;PLAT;SERPINE2
Lapatinib,0.8479262672811059,2.350458873745941,7.695118206776197,9,,False,,,AREG;AXL;BMP2;CD55;FAS;IL1B;IL32;PLAU;SERPINE1
AMG-837,0.8477788018433179,5.543165272233535,1.6728319725698892,16,,False,,,CCL20;CCL5;CD55;CD9;CSF2RB;CXCL1;CXCL10;CXCL2;CXCL3;CXCL8;IGFBP5;MMP1;MMP9;PTGES;TIMP2;VEGFA
Dictamnine,0.8477050691244239,2.4896224327496936,6.101772471911682,9,,False,,,CD55;CXCL2;CXCL3;GDF15;IGF1;IL6;PLAT;PLAU;VEGFA
TUL,0.8472534562211981,2.3888122342252673,6.9313571723825245,9,,False,,,CCL2;CD55;GDF15;IGFBP5;IL1B;IL6ST;JUN;PLAT;SERPINE2
SA-1922975,0.8468479262672811,3.3517964009206045,3.2467998413041186,11,,False,,,AXL;CTSB;CXCL10;CXCL3;EGF;ETS2;IL6ST;MMP10;MMP12;PLAT;VEGFC
RS-127445,0.8465990783410138,5.203941512871524,1.6931355243682162,14,,False,,,CCL20;CD9;CXCL1;CXCL2;CXCL3;CXCL8;IL15;IL32;IL6;IL6ST;MMP1;MMP12;MMP3;TNFRSF1B
JMV-2959,0.846589861751152,2.8423766147873386,4.529263286500162,12,,False,,,AXL;BMP6;CD55;CD9;CXCL10;CXCL12;EDN1;IGF1;IGFBP5;IL6ST;PLAT;SERPINE2
Halopemide,0.8461382488479262,5.984210680069192,1.5004638927833434,14,,False,,,BEX3;CCL2;CCL20;CD55;CXCL1;CXCL12;CXCL2;CXCL8;DKK1;FGF1;IGFBP2;IL15;IL6ST;MMP1
Allantoxanamide,0.8458617511520736,3.643070826992958,2.8645627328559424,11,,False,,,AREG;CCL20;DKK1;EDN1;GDF15;GEM;HGF;LCP1;PLAT;SPP1;VEGFA
Synephrine,0.8457511520737326,2.6381058536475273,5.339934996352292,11,,False,,,AREG;AXL;BMP2;C3;CCL20;CTSB;IGFBP6;IL18;MMP3;PLAU;SPP1
CAM-9-021,0.8454930875576037,2.3213470846148696,7.727156834888508,9,,False,,,AXL;C3;CD55;CTSB;CXCL8;GDF15;IGFBP1;IL32;IL6ST
NNC-711,0.8452903225806452,2.4032518681414663,6.406123634593478,10,,False,,,BEX3;C3;CCL13;CCL2;CD55;CXCL8;GDF15;IL15;IL18;IL32
Ursodeoxycholyltaurine,0.8451981566820276,4.744512503629931,1.93420134786128,14,,False,,,BEX3;BMP2;CCL5;CD55;CXCL1;GDF15;GEM;IGFBP2;IL18;IL32;MMP12;MMP13;MMP14;SERPINE2
Teroxirone,0.8449585253456221,2.5355876135580804,5.555118107953774,9,,False,,,BMP2;C3;CXCL3;GEM;ICAM1;MMP10;MMP12;MMP3;SPP1
Fluoropyruvate,0.8449032258064515,1.865113350370189,37.10426409935642,8,,False,,,ANG;AREG;CD55;GDF15;IGFBP4;IGFBP5;IL32;MMP12
Oxaprozin,0.8449032258064515,1.9512104905631589,20.304295012556945,8,,False,,,BMP2;CXCL12;CXCL8;ETS2;GEM;JUN;MMP1;SERPINE2
Phenelzine,0.8446359447004608,2.22302794277012,8.40316106996317,11,,False,,,CD55;CXCL1;CXCL10;CXCL3;GEM;IL32;MMP1;MMP10;MMP12;MMP9;SPP1
Oglemilast,0.8444147465437788,4.944981950272684,1.808298074541765,13,,False,,,AREG;CCL20;CTSB;CXCL1;CXCL2;CXCL3;CXCL8;EGF;IL32;PLAU;PLAUR;SELPLG;TNFRSF1B
Benzamil,0.844331797235023,2.6707519700641433,5.017443966921626,10,,False,,,AREG;CCL20;CD55;CXCL8;DKK1;GDF15;IL6ST;MMP1;MMP10;MMP3
3-Deazaadenosine,0.8442764976958526,2.6493985445757957,5.164740909672046,11,,False,,,CD55;CTSB;CXCL10;CXCL12;CXCL2;CXCL3;CXCL8;GDF15;IL18;IL32;PLAU
Diminazene-Aceturate,0.8440552995391705,3.317245199563355,3.2439492696692778,11,,False,,,CCL20;CCL5;CXCL1;CXCL2;CXCL3;IL1B;IL32;MMP9;PLAT;SERPINE2;TNFRSF11B
Zatebradine,0.844,3.7557700024809977,2.590300066643756,11,,False,,,BEX3;DKK1;EREG;ETS2;IGFBP1;IGFBP2;IGFBP5;IL7;PLAT;SERPINE2;VEGFA
4-IBP,0.8438525345622119,5.98381292175214,1.435337028924923,15,,False,,,CCL2;CCL20;CCL5;CTNNB1;CXCL2;DKK1;EREG;IGFBP2;IGFBP6;IL18;JUN;MMP1;MMP12;MMP9;PTGES
CTEP,0.8433917050691244,5.119856766160135,1.675828102489915,14,,False,,,CCL2;CCL20;CXCL12;CXCL2;CXCL8;DKK1;GMFG;IGF1;IGFBP3;IGFBP4;IGFBP5;IL6;MMP1;MMP3
Anagrelide,0.842626728110599,2.338533819768749,7.082332964900284,9,,False,,,AREG;CCL5;CD9;CTSB;CXCL2;IGFBP6;IL32;SPP1;TIMP2
7-Aminocephalosporanic-Acid,0.8422672811059907,3.54969072414085,2.8036874405348646,11,,False,,,AREG;C3;CXCL1;DKK1;IGFBP2;IGFBP5;IGFBP6;MMP3;PLAT;PLAUR;SERPINE2
Seneciphylline,0.8422119815668203,2.334129331173217,7.014902777882703,9,,False,,,CCL20;CD55;CD9;CTSB;HGF;IGFBP2;MMP10;MMP9;PLAU
Cyclizine,0.8420829493087558,5.270600985146733,1.5771106714837853,13,,False,,,ANG;AREG;CXCL2;CXCL3;CXCL8;DKK1;EREG;GDF15;ICAM3;MMP1;MMP12;PLAT;SPP1
SD-6-035-A11,0.8419723502304146,4.018930055767922,2.347314978196158,12,,False,,,AREG;AXL;CCL20;CD55;CXCL8;GEM;MMP1;MMP12;MMP9;PLAT;SPP1;VEGFA
IPI-145,0.8416589861751151,7.33495075825372,1.2248058774805066,16,,False,,,BEX3;CCL20;CXCL1;CXCL3;CXCL8;DKK1;EDN1;GDF15;GEM;JUN;MMP1;MMP12;MMP9;PLAU;PTGES;SERPINE2
Talnetant,0.8415115207373272,3.310159565946398,3.185848184128047,11,,False,,,AREG;C3;CXCL1;CXCL2;CXCL8;IGFBP2;IL32;IL6ST;MMP10;SERPINB4;SPP1
NPPB,0.8412903225806452,3.661245308012052,2.6774203688647367,12,,False,,,AREG;AXL;CCL5;CXCL12;CXCL2;EREG;IGFBP6;IL18;IL6ST;ITGA2;PLAT;SERPINE2
Splitomycin,0.8405714285714285,3.155692851532198,3.3404693608852383,10,,False,,,CCL4;CD9;CXCL10;CXCL3;GDF15;IGFBP2;IGFBP5;SERPINE2;SPP1;VEGFA
PSI-6130,0.840552995391705,3.6308804693553105,2.6805355753143663,13,,False,,,ANG;CCL20;CTSB;CXCL1;CXCL2;CXCL3;CXCL8;EREG;MMP12;MMP9;PLAUR;SPP1;TNFRSF11B
4-AMINOPHENOL,0.840331797235023,4.3797821779098625,2.0176007136616527,14,,False,,,AREG;CCL20;CD9;CTSB;CXCL2;CXCL3;EDN1;EREG;ETS2;ICAM1;JUN;MMP12;MMP9;PLAU
Idelalisib,0.8401843317972351,1.870821128957517,18.103377722184156,9,,False,,,AREG;CCL20;CXCL8;GDF15;GEM;IGFBP5;IL6ST;JUN;SERPINE1
Clidinium,0.8401105990783411,5.2867204177900025,1.5187789319720142,13,,False,,,BMP2;CCL20;CXCL1;CXCL2;CXCL3;CXCL8;ICAM1;IL1B;IQGAP2;MMP12;MMP9;SPP1;VEGFA
Oxiconazole,0.8400552995391704,7.26880704898673,1.2028892450755415,16,,False,,,ANGPT1;AREG;CCL5;CXCL1;CXCL2;CXCL3;CXCL8;DKK1;IGFBP2;IGFBP4;IL15;IL18;IL32;IL6ST;SERPINB4;SERPINE2
Met-Leu-Phe,0.8396682027649769,3.1628772607269067,3.277168766225157,10,,False,,,C3;CCL5;CD55;CXCL1;CXCL2;CXCL8;IL32;MMP12;SERPINE2;VEGFA
Lomofungin,0.8396221198156681,4.69404156717319,1.816844391132837,13,,False,,,ANG;C3;CCL20;CCL4;CTSB;CXCL12;DKK1;EGF;IGFBP2;IGFBP3;IGFBP4;LCP1;SERPINB4
LJH-685,0.8395207373271889,2.109683946915698,8.778867311000692,9,,False,,,AXL;GDF15;GEM;IGFBP5;IGFBP6;IL6;RPS6KA5;SERPINE2;VEGFC
Omeprazole,0.8393364055299539,2.3244826316312452,6.778290315613686,9,,False,,,ANGPT1;AREG;CTSB;CXCL2;EREG;FGF1;IL32;MMP12;MMP9
Urethane,0.8392903225806452,4.196576479507629,2.163063240227279,12,,False,,,CD9;CSF2RB;CXCL3;EREG;HMGB1;IGFBP5;IL7;MMP10;MMP12;MMP9;PLAU;VEGFA
Bosentan,0.8388940092165897,2.930560522619145,3.8330182461101847,10,,False,,,AREG;CCL20;CD55;CXCL1;CXCL2;CXCL3;CXCL8;IGFBP4;PLAUR;TNFRSF1A
SA-1457103,0.8388387096774194,2.149217213670702,7.8345906364160305,9,,False,,,CCL20;CCL5;CSF2RB;CXCL1;CXCL8;GDF15;IGFBP6;IL15;MMP12
Emodin,0.8388018433179723,2.093118421496486,9.074455914174198,9,,True,19.74,False,C3;CCL20;CCL8;CSF1;CXCL10;IL18;IL32;IL6;TNFRSF11B
Mizolastine,0.8385253456221197,3.8870489804434505,2.3337857740997237,14,,False,,,AREG;BMP6;CD55;CXCL1;CXCL2;CXCL3;CXCL8;MMP1;MMP10;MMP3;PAPPA;PLAU;PTGES;WNT2
Enzastaurin,0.8382304147465438,2.073422479656889,9.676239834569344,8,,False,,,BMP6;CD55;CD9;CXCL12;CXCL2;DKK1;IGFBP5;IL6ST
Tetrahydropalmatine,0.8381382488479262,3.013103536793215,3.6300517875138527,11,,False,,,ANGPTL4;AREG;C3;CCL20;CXCL1;CXCL8;DKK1;EREG;HGF;IL6;PAPPA
Prima-1-Met,0.8377142857142856,1.8199109046740816,29.74993520688893,8,,False,,,CD55;CD9;CXCL1;CXCL3;CXCL8;IGFBP4;IL32;IL6ST
EMF-sumo1-12,0.8373640552995391,2.159724636589761,7.4557242133947375,9,,False,,,ANG;AREG;CCL20;CD55;GDF15;GEM;MMP1;MMP3;VEGFA
Malotilate,0.8371981566820277,4.205079069699115,2.092861094841766,12,,False,,,C3;CTNNB1;CXCL10;CXCL2;CXCL3;CXCL8;DKK1;EREG;ICAM1;IL1A;IL6;LCP1
SD-6-035-A6,0.8367649769585253,3.6014388942285693,2.5908181937240338,11,,False,,,AREG;CCL20;CCL4;CCL5;CXCL1;IL32;IL6;IQGAP2;MMP3;MMP9;VEGFA
SB-334867,0.836221198156682,3.1417446338697665,3.2159619327313513,10,,False,,,AREG;BEX3;CTNNB1;EGF;GMFG;IGFBP5;IL6ST;MMP1;MMP12;SELPLG
SA-1459167,0.8358894009216589,2.65153885763684,4.506221281311096,11,,False,,,AREG;AXL;C3;CCL20;CD55;DKK1;GDF15;IGFBP5;IGFBP6;PLAU;PTGES
Repsox,0.8349861751152073,4.444880184389159,1.7979862660578383,12,,False,,,ANGPTL4;AXL;CCL4;CD55;DKK1;FGF1;GEM;IGFBP3;IGFBP6;IL1B;PLAU;VEGFC
SA-84512,0.8347649769585253,3.715983021628472,2.3730997961434,12,,False,,,BEX3;C3;CCL20;CD55;CXCL12;GDF15;IGFBP2;IGFBP5;IL6;PLAT;PTGES;SERPINE2
Oncrasin-1,0.8345437788018433,2.0844984690874555,8.451150310826792,9,,False,,,CCL2;CCL20;CD9;CXCL8;IGFBP3;IL32;IL6ST;MMP9;SPP1
ARG-CSC-18,0.834258064516129,4.400471646886086,1.80390564760757,12,,False,,,AREG;CD9;CXCL1;CXCL8;GDF15;GEM;IGFBP2;IGFBP4;IL15;MMP10;MMP3;SERPINE2
OG-L002,0.8342119815668203,5.90694105689658,1.25782128887711,16,,False,,,AREG;C3;CCL20;CD9;CXCL1;CXCL2;CXCL3;CXCL8;IGFBP1;IGFBP2;MMP1;MMP10;MMP12;MMP3;SPP1;VEGFA
Met-Enkephalinrgl,0.834147465437788,4.704548990092249,1.6533794426013984,13,,False,,,CCL20;CXCL1;CXCL2;CXCL3;CXCL8;GDF15;GEM;IL32;IL6;PLAT;SERPINE2;SPP1;TNFRSF11B
ZM-226600,0.8335852534562211,2.8919187735042446,3.720273681564502,10,,False,,,C3;CCL2;CCL20;CXCL8;EDN1;ICAM1;IL6;MMP10;SERPINE1;SPP1
Beclomethasone-Dipropionate,0.8332995391705069,4.723731448592555,1.6156513163824442,13,,False,,,CCL2;CCL8;CXCL1;CXCL10;DKK1;ESM1;GDF15;GEM;IGFBP3;IGFBP5;MMP1;MMP12;SERPINE2
Hydrocortisone-Phosphate,0.8330967741935482,4.031864486727479,2.068436809591192,13,,False,,,AXL;CD55;CTSB;CXCL8;DKK1;IGFBP2;IGFBP3;IGFBP6;IL18;IL32;JUN;SERPINE2;TNFRSF11B
Levosulpiride,0.8328847926267281,1.8118674430861528,20.002903114740363,8,,False,,,BEX3;IGFBP2;IGFBP6;IL1B;IL32;SERPINE2;VEGFA;VEGFC
Fmk,0.8327926267281105,1.8503036293884976,12.920663235093306,8,,False,,,AREG;CXCL1;CXCL2;CXCL3;CXCL8;DKK1;EREG;GDF15
Guanabenz,0.8327834101382489,2.4307955899535685,5.116130847455183,10,,False,,,AREG;BEX3;CXCL12;CXCL3;EREG;FGF2;IL1B;MMP1;PLAUR;PTGER2
OCO-1112,0.8327557603686635,1.86971284209722,12.090809456529378,12,,False,,,BMP6;CCL4;CCL5;CXCL10;CXCL3;CXCR2;DKK1;IGFBP1;IGFBP6;IL15;IL18;MMP1
Cresol,0.8326820276497695,6.424844071273968,1.1319498161772148,16,,False,,,AREG;CCL20;CXCL1;CXCL8;EREG;GDF15;GEM;IGFBP1;IGFBP4;IL1A;IL1B;IL32;MMP9;PLAT;SERPINE1;VEGFA
Pirenzepine,0.8326175115207373,2.2301159773243855,6.510565300243627,11,,False,,,C3;CD55;CXCL1;CXCL8;ETS2;GEM;IGF1;IL6;PLAT;PLAU;SERPINB4
Cabergoline,0.8322119815668202,2.7093100209390166,3.8974246805177786,10,,False,,,AREG;BMP2;CXCL2;CXCL3;CXCL8;DKK1;IL6ST;MMP12;PLAUR;PTGES
Palonosetron,0.8321935483870968,2.0839978255519016,8.069094892998192,10,,False,,,AREG;CCL20;CD9;CST4;CXCL2;EREG;IL32;MMP12;MMP9;SPP1
Prilocaine,0.8321198156682027,4.3641146942272115,1.7993447035853014,13,,False,,,AXL;BMP2;CCL20;CCL5;CD9;CXCL10;CXCL2;CXCL8;DKK1;IL6;MMP13;MMP2;VEGFA
Tiratricol,0.8313179723502304,4.070875531393337,1.974473806477044,13,,False,,,CD9;CSF2RB;EDN1;EREG;GDF15;HGF;IGFBP2;IGFBP4;IGFBP5;IL6;MMP1;MMP3;VEGFA
Troxipide,0.83110599078341,2.5464794135279223,4.420838677264188,9,,False,,,BMP2;CCL2;CCL20;CD55;CXCL1;CXCL3;GDF15;IGFBP5;SERPINE2
CITCO,0.8306359447004609,4.384432496521117,1.7111600928447204,13,,False,,,BEX3;C3;CCL20;CSF1;CXCL1;CXCL10;EREG;ESM1;GDF15;MMP9;PLAT;PLAU;RPS6KA5
Sparfloxacin,0.8306175115207374,1.87990936069757,10.675573344773763,8,,False,,,CXCL12;CXCL8;DKK1;IL15;IL6ST;MMP12;MMP3;VEGFC
PP-242,0.8304516129032258,2.5677179064662896,4.330042701499359,9,,False,,,CCL4;CD9;GDF15;IGFBP3;IGFBP5;IL32;IQGAP2;MMP12;MMP3
Cefozopran,0.8303410138248848,6.8084054759681,0.978695426495714,16,,False,,,C3;CCL20;CCL4;CCL5;CD55;CXCL1;CXCL2;CXCL3;CXCL8;GDF15;IGFBP4;IL32;MMP1;PLAT;PTGES;VEGFA
LFM-A12,0.8302672811059907,4.211657157016222,1.8832438021369649,12,,False,,,AREG;CD9;CXCL2;CXCL3;CXCL8;DKK1;FGF2;IGFBP2;IL1A;MMP10;MMP12;MMP3
Apixaban,0.8302396313364054,3.3639425033143344,2.6013126271902047,11,,False,,,CCL5;CTNNB1;CXCL1;CXCL12;CXCL2;CXCL3;EREG;ETS2;IGFBP2;MIF;MMP12
VU-0403126,0.8300092165898617,3.271282254938457,2.8246232619616545,11,,False,,,BEX3;CCL20;CCL4;CCL5;CXCL1;IGF1;IL1B;IL32;IL6;MMP3;SERPINE2
Cefixime,0.829963133640553,1.805831034798135,17.98331285635289,9,,False,,,BEX3;CCL20;CXCL1;CXCL2;CXCL3;CXCL8;ETS2;ICAM1;LCP1
AM-24,0.8296405529953916,2.045465336041082,8.011497467994479,8,,False,,,CD55;CXCL12;FGF1;FGF2;IGFBP4;MMP10;MMP3;SPP1
ML-89-9,0.8294101382488479,1.791102070849648,26.7545075119826,8,,False,,,BEX3;CXCL8;FAS;GEM;JUN;MMP1;PLAUR;VEGFA
Ginsenoside,0.8291152073732718,9.245304975107274,0.825712909401996,18,,False,,,AREG;CXCL1;CXCL2;CXCL8;EREG;FGF1;GDF15;IGFBP4;IGFBP6;MMP1;MMP12;MMP3;PLAU;PTGES;SERPINB4;SERPINE2;SPP1;VEGFA
Benzyl-Alcohol,0.8286728110599079,3.320747593730188,2.6439653868939135,11,,False,,,AREG;AXL;CTSB;DKK1;GDF15;IGFBP6;IL18;IL32;PGF;PLAU;SERPINE1
Iproniazid,0.828663594470046,3.4148951500880935,2.489742390717411,11,,False,,,CCL4;CD55;CXCL1;CXCL12;CXCL2;CXCL3;IGFBP2;IGFBP4;MMP3;SERPINB4;VEGFA
KU-C104250,0.828589861751152,2.6988025980199577,3.7768647152432737,10,,False,,,CCL2;CXCL1;CXCL12;CXCL2;CXCL3;CXCL8;ETS2;GEM;IL6;MMP9
Thenoyltrifluoroacetone,0.828589861751152,2.9219034649745765,3.386351687628959,10,,False,,,AREG;CCL4;CXCL12;DKK1;GDF15;IGFBP1;IGFBP4;SERPINE2;SPP1;VEGFA
Diloxanide,0.8280368663594468,3.210502627890736,2.7463974943726206,10,,False,,,CCL20;CCL5;CD9;CTSB;CXCL3;CXCL8;FGF1;IGFBP2;PLAUR;TNF
Piperidolate,0.8278894009216589,2.361140159087342,5.264601420305,9,,False,,,CD55;CD9;CXCL10;DKK1;IL1B;LCP1;MMP12;PLAUR;SPP1
EMF-BCA1-64,0.827852534562212,2.3213470846148696,5.588092061757705,9,,False,,,AREG;CD9;CTSB;CXCL1;CXCL8;EREG;ICAM1;IGFBP2;PLAUR
6-Aminochrysene,0.8278156682027649,4.029296029498508,1.9145256775332944,12,,False,,,ANGPTL4;BMP2;CCL20;CXCL1;CXCL8;GDF15;GEM;IGFBP2;IL6ST;MMP9;PGF;VEGFA
SA-1921867,0.8266912442396314,4.778894393637802,1.4164725540586391,14,,False,,,BMP2;CXCL10;CXCL3;EDN1;EREG;FAS;IGFBP3;IL18;JUN;MMP12;MMP3;MMP9;SERPINE1;SPP1
Bepotastine,0.8266175115207373,5.190237800353296,1.2248107156129546,13,,False,,,AREG;CCL20;CTSB;CXCL1;CXCL2;CXCL3;CXCL8;DKK1;EREG;GEM;IGFBP2;IGFBP4;IL32
S-111,0.8265806451612903,2.244385437914101,5.835026684154379,11,,False,,,AREG;C3;CCL20;CCL5;CD9;CSF2RB;CXCL1;EREG;MMP12;SERPINE2;TNFRSF11B
PP-1,0.8264884792626728,3.506094365728677,2.393710040991486,11,,False,,,AREG;DKK1;GEM;IGFBP2;JUN;MMP9;PLAU;PLAUR;SERPINE1;SERPINE2;VEGFA
Racecadotril,0.8263870967741935,1.8017833561910497,15.393002816245,8,,False,,,ANG;CCL5;CD9;CXCL10;GDF15;IGFBP1;MMP3;PTGES
Tagatose,0.826331797235023,1.8758132065173088,9.368198768745351,9,,False,,,CXCL10;DKK1;EREG;IGFBP2;LCP1;MMP1;MMP12;VEGFA;VEGFC
Trichloroethylene,0.826,3.0783123109517385,2.9147374049523567,10,,False,,,CCL13;CD9;CTSB;GDF15;GEM;IGFBP1;MMP12;MMP9;SERPINE2;VEGFA
Etazolate,0.825926267281106,3.71099094406868,2.1151856004045717,12,,False,,,AREG;AXL;CCL20;CXCL1;CXCL2;CXCL3;CXCL8;IL6ST;MMP1;MMP10;MMP3;SPP1
Androstanol,0.8254193548387097,2.9538134192705328,3.151573770286374,10,,False,,,ACVR1B;CCL2;CXCL10;GDF15;IL32;MMP13;MMP3;MMP9;PLAU;TNFRSF1A
TAK-285,0.8252350230414747,5.090659466338076,1.2711426759401538,13,,False,,,AREG;CCL20;CXCL10;CXCL3;CXCL8;DKK1;EREG;IGFBP2;IL32;LCP1;MMP12;PLAUR;SPP1
Levocetirizine,0.8252165898617512,2.104911026157431,6.528052898980685,9,,False,,,BEX3;C3;CSF1;CXCL1;CXCL3;CXCL8;DKK1;MMP10;MMP12
Pinacidil,0.825069124423963,2.1300173820991373,6.177941612058474,9,,False,,,AREG;BMP6;CXCL12;CXCL2;CXCL3;CXCL8;IL6ST;PAPPA;SPP1
Heliotrine,0.8248755760368663,3.6014388942285693,2.237601472131326,11,,False,,,AREG;C3;CD55;CTSB;CXCL12;ETS2;IL6ST;MMP12;MMP3;MMP9;RPS6KA5
Isoxicam,0.8248663594470046,2.1321970286766807,6.14574317192051,9,,False,,,AREG;CD55;CXCL3;IGFBP2;IGFBP4;IQGAP2;PLAT;PTGER2;VEGFA
Pheniramine,0.8248663594470046,2.492750031983632,4.230207131851217,9,,False,,,BMP2;CD55;IGFBP2;IGFBP3;IGFBP5;PLAUR;SERPINE2;VEGFA;VEGFC
MRS-3777,0.824479262672811,2.393093273410426,4.669509926105513,10,,False,,,CCL4;CD9;CXCL2;CXCL8;EDN1;IGFBP4;IGFBP5;IL6ST;MMP12;PLAT
Evoxine,0.8240921658986174,4.233272874497144,1.673434571802629,12,,False,,,BMP2;CCL8;CD55;CSF2RB;CXCL10;EREG;GDF15;IGFBP3;IGFBP6;IL32;VEGFA;VEGFC
MPEP,0.824073732718894,4.4075410471450045,1.5274111379279205,12,,False,,,AREG;BEX3;CCL2;CCL20;CXCL1;CXCL2;CXCL3;CXCL8;EREG;IGFBP2;IL7;MMP12
Formestane,0.823926267281106,2.478817205341206,4.234496727914373,9,,False,,,AREG;CCL5;CSF1;CXCL8;MMP12;MMP3;PLAU;SPP1;VEGFC
Simvastatin,0.8237972350230415,5.508083175641664,1.097923228716959,14,senomorphic,True,25.0,False,AXL;BEX3;BMP2;CD55;CTSB;CXCL1;CXCL10;CXCL8;DKK1;EDN1;IGFBP3;MMP13;PLAU;SERPINE1
Ethylbenzene,0.8236866359447004,3.3901021943496494,2.3645171147223008,11,,False,,,ANGPT1;ANGPTL4;BEX3;BMP2;CCL20;IGFBP1;IGFBP5;IL1B;SERPINE1;SERPINE2;TNFRSF11B
2-NITROPROPANE,0.8234377880184331,5.075583158291353,1.2472670181263257,13,,False,,,BEX3;CCL20;CXCL10;CXCL2;CXCL8;DKK1;IL1A;IL1B;MMP13;PLAU;SERPINE2;TNFRSF1A;VEGFA
Asymmetrical-Dimethylarginine,0.8234285714285714,2.4552974025770893,4.312554378665233,9,,False,,,CD9;CTNNB1;CXCL1;CXCL2;CXCL3;CXCL8;IGFBP5;MMP12;SERPINB4
Salicyl-Alcohol,0.8224147465437788,1.9522747707256956,7.839957053244148,8,,False,,,C3;CD55;CSF2RB;GDF15;GEM;IGFBP3;PGF;PLAT
BIBX-1382,0.8219447004608295,5.801664179183117,0.999980427661355,14,,False,,,ANGPTL4;AREG;AXL;CCL20;CXCL8;DKK1;EREG;FGF2;GDF15;MMP9;PLAT;PLAUR;SERPINE1;TNFRSF1B
Tropisetron,0.8215299539170506,4.367021985154543,1.5092747872744967,14,,False,,,CD55;CXCL1;CXCL2;CXCL8;GDF15;IGFBP4;IGFBP5;MMP12;MMP9;PLAU;SERPINE2;SPP1;VEGFA;VEGFC
BIIE-0246,0.8210691244239631,7.1105053739962,0.7719608790664463,16,,False,,,BEX3;CCL20;CD55;CSF2RB;CXCL1;CXCL2;CXCL3;CXCL8;CXCR2;IL32;MMP12;MMP9;PGF;PTGES;RPS6KA5;SPP1
CAY-10578,0.8210691244239631,2.3946185949857095,4.3897465565572285,10,,False,,,C3;CCL20;CD55;CTSB;CXCL8;GDF15;IGFBP2;IL32;IL6;PGF
BRL-37344,0.8200184331797233,2.323464671941724,4.868478402812005,9,,False,,,AREG;BMP2;CXCL12;CXCL2;HMGB1;IGFBP6;IL1A;MMP9;PLAT
Ammonium-Perfluorocaprylate,0.8199631336405531,1.9432440107973297,7.580934800260073,8,,False,,,CST4;GEM;MMP1;MMP12;MMP3;MMP9;SPP1;TNFRSF11B
Ro-28-1675,0.8197972350230414,2.3566081175767724,4.639839800915027,10,,False,,,C3;CCL2;CCL20;CD9;CXCL1;GEM;IL32;MMP10;MMP9;PLAT
SA-1459213,0.8196774193548386,2.594332290705864,3.668126397866624,9,,False,,,C3;CST4;DKK1;GDF15;GEM;IGFBP5;IGFBP6;VEGFA;VEGFC
Methocarbamol,0.8195576036866359,1.974715203887758,7.132561313623376,8,,False,,,AREG;CD9;CXCL1;CXCL2;CXCL3;CXCL8;GEM;PLAUR
Captopril,0.8192165898617512,4.616853570564792,1.3058654005753167,15,,True,34.0,True,ANG;BEX3;CXCL1;CXCL12;CXCL8;DKK1;IGFBP2;IGFBP4;IL6;MMP1;MMP10;PLAU;PTGES;SERPINE1;SERPINE2
KU-C104145,0.8191428571428572,1.8758132065173088,7.839234112193591,9,,False,,,CCL20;CXCL8;DKK1;FGF2;GDF15;IL1A;MMP12;MMP3;TNFRSF11B
Clomifene,0.8189953917050691,3.3866528164307304,2.2414231782748733,11,,False,,,AREG;AXL;C3;CCL8;CXCL1;CXCL10;CXCL12;CXCL2;CXCL8;IGFBP3;SERPINE1
G-Butyrolactone,0.8187649769585252,7.6721398338014595,0.6616714491856525,17,,False,,,AREG;C3;CCL20;CST4;CXCL1;CXCL2;CXCL8;DKK1;IGFBP1;IL1A;IL1B;MMP12;MMP13;MMP9;SERPINE1;SERPINE2;VEGFA
Atenolol,0.8184516129032258,2.448483206629605,4.048791349858393,10,,False,,,AREG;CD55;CXCL2;CXCL8;DKK1;IGFBP4;IGFBP6;IL32;SERPINE2;TNFRSF1B
SA-1920080,0.8181566820276497,4.190055499576202,1.583620812262401,12,,False,,,C3;CCL20;CCL4;CXCL8;DKK1;GDF15;IGFBP1;IGFBP2;IGFBP4;IL32;PTGES;TNFRSF1B
Elacridar,0.8180829493087557,2.3946185949857095,4.232032119660567,10,,False,,,CD55;CXCL8;DKK1;EDN1;IGFBP2;IGFBP5;MMP1;PLAT;SERPINE1;SPP1
PD-173074,0.8180829493087557,8.419341741256915,0.6072660080638476,17,,False,,,ANGPT1;ANGPTL4;AREG;BMP2;C3;CCL20;CCL4;CCL5;CCL8;CXCL1;CXCL8;GEM;MMP1;MMP10;MMP9;PLAUR;PTGER2
Dimethadione,0.8180645161290322,2.618800878035977,3.5801123801333827,9,,False,,,CCL5;CXCL10;CXCL8;GEM;IGF1;IGFBP5;IL6ST;MMP14;PLAU
NU-1025,0.817852534562212,1.576315993051809,33.48761544584703,8,,False,,,BMP2;CCL20;CXCL10;ETS2;GEM;IGFBP6;IL32;VEGFA
LY-2365109,0.8177511520737326,1.5693378316135544,59.97627037232131,8,,False,,,CD9;CTSB;CXCL8;DKK1;EDN1;GDF15;IL6ST;SPP1
Amitifadine,0.8175483870967741,2.5166671962709133,3.71741691886247,9,,False,,,BEX3;BMP2;CD55;CD9;EREG;IL32;MMP2;SERPINE2;SPP1
Roxarsone,0.8174470046082949,3.018165208204059,2.7240277216193483,11,,False,,,C3;CD55;CXCL1;CXCL12;GEM;IGFBP6;IL1B;IL6ST;MMP3;PLAT;PTGER2
2-METHYLANILINE,0.8173548387096774,3.695805625288426,1.8928269182171569,12,,False,,,AREG;BMP2;CCL20;CD55;CXCL2;CXCL8;GDF15;GEM;GMFG;IL1B;IL6;PLAT
Sulforaphane,0.8170599078341013,1.9373242369128112,7.189600072031393,8,,True,18.2,False,AREG;BMP2;C3;CCL20;CXCL10;CXCL2;IL1A;IL32
Procarbazine,0.8167557603686635,1.597506868697667,16.537903136781033,10,,False,,,AREG;CCL20;CCL4;CD9;CXCL1;CXCL2;CXCL3;GMFG;IGFBP4;MMP9
TUL-XVIII076,0.8167188940092165,2.6886718622957915,3.285126039849756,10,,False,,,CD55;CSF2RB;GDF15;IGFBP2;IGFBP6;IL15;IL32;MMP12;SERPINE2;VEGFC
Sulfanitran,0.816663594470046,2.5589730141174316,3.612230610871342,11,,False,,,CCL2;CD55;CXCL2;CXCL8;GDF15;GEM;IGF1;IL32;MMP2;PLAT;SERPINE1
Cytisine,0.8166082949308755,2.084893617560147,5.925200042656701,9,,False,,,CD9;CXCL2;CXCL3;CXCL8;MMP12;MMP3;MMP9;PLAUR;SPP1
Reichstein,0.8157050691244239,4.012022372817016,1.6048948162968135,12,,False,,,CCL8;CXCL1;CXCL12;CXCL3;EREG;IGF1;IGFBP5;IL6;MMP10;PLAT;PLAU;PTGER2
Bicuculline,0.8156866359447004,4.233272874497144,1.453085466311786,12,,False,,,BMP2;CCL4;CD9;CXCL1;GEM;IGFBP4;IGFBP5;IGFBP6;MMP10;MMP12;PLAU;PTGES
IBC-293,0.8156313364055299,2.3053290613509825,4.705477724129676,9,,False,,,BEX3;CCL20;CCL5;CD55;CXCL8;IL1B;PLAUR;SEMA3F;VEGFA
Fenbufen,0.8156313364055299,2.1718525577058534,5.071510547898923,9,,False,,,CD9;CSF2RB;CXCL1;CXCL8;GDF15;IL18;LCP1;MMP9;PIGF
Gaboxadol,0.8155483870967741,1.7954304170187956,10.168483531137156,8,,False,,,BEX3;CXCL10;CXCL2;IGFBP6;IL32;MMP1;MMP12;SPP1
Valproic-Acid,0.8155023041474654,1.623852102249747,13.406621707466408,8,,False,,,CCL2;CD55;CXCL2;DKK1;EDN1;GDF15;IL6;MMP13
Primidone,0.8154377880184331,2.4937712124674336,3.6996853346990295,9,,False,,,AREG;CD9;CXCL2;CXCL3;CXCL8;IGFBP6;MMP12;PLAU;PLAUR
JNJ-10191584,0.8153548387096774,1.7917574318529472,10.287885408393304,8,,False,,,BMP2;CCL20;CCL4;CCL5;CD55;CD9;CXCL3;GDF15
Cilostamide,0.8150322580645161,3.3137159380825505,2.2566373020796795,11,,False,,,AREG;BMP2;BMP6;CD55;CST4;CXCL2;IGFBP6;IL6ST;MMP9;RPS6KA5;TNFRSF11B
Vinyl-Acetate,0.8146912442396312,2.643540977605616,3.395765121564498,9,,False,,,AXL;CCL20;CD9;CXCL1;CXCL8;EREG;IGFBP5;MMP9;PLAU
Cisapride,0.8146543778801842,2.016031233392548,6.258014065705637,10,,False,,,ANGPT1;AREG;CXCL2;CXCL3;CXCL8;DKK1;IL18;JUN;MMP10;SPP1
NXY-059,0.8138433179723502,1.829614643150552,7.718382884387605,9,,False,,,ANG;BMP2;BMP6;CXCL2;CXCL8;IGFBP2;IL6ST;MMP1;SPP1
W-13,0.8138433179723501,5.90440756486338,0.8001558434782644,14,,False,,,BEX3;C3;GMFG;IGFBP2;IGFBP5;IGFBP6;LCP1;MMP1;MMP10;MMP12;MMP9;PTGER2;SERPINE2;VEGFA
Propentofylline,0.8135115207373271,2.698236161387819,3.124649977825136,11,,False,,,AREG;BMP2;CD55;CXCL1;CXCL2;CXCL3;CXCL8;EDN1;GEM;IGFBP6;SERPINE2
Lenalidomide,0.8128294930875577,1.5478628026791623,38.17149971513206,7,,False,,,CXCL1;CXCL8;GEM;HGF;IGFBP2;PLAT;SERPINB4
Methylhydrazine-Sulfate,0.8126820276497695,9.16562389142384,0.4529190268715202,18,,False,,,AXL;C3;CXCL2;CXCL3;CXCL8;DKK1;GDF15;GEM;IGFBP1;IGFBP5;IL1B;IL6;MMP12;PLAT;SERPINE1;SERPINE2;SPP1;VEGFA
Alfuzosin,0.8123502304147464,2.9400040631006483,2.665717806743585,10,,False,,,CCL4;CD55;CXCL1;CXCL12;CXCL2;CXCL8;GDF15;MMP3;PLAU;TNF
SKF-86002,0.8120737327188939,4.908832014276436,1.024968906702986,13,,False,,,CXCL1;CXCL10;IGFBP2;IGFBP5;IL1A;IL7;MMP12;MMP9;PLAT;PLAU;SERPINE2;TNFRSF11B;VEGFA
SA-1463785,0.8116589861751151,2.495782239012757,3.492117292503912,9,,False,,,CTSB;CXCL1;CXCL8;DKK1;IGFBP2;MMP9;PLAU;PTGES;TNFRSF11B
Brazilin,0.8114285714285714,6.336182328615445,0.6593149110820767,16,,False,,,AREG;AXL;C3;CCL20;CCL5;CSF2RB;CXCL1;CXCL12;CXCL2;CXCL3;CXCL8;IL32;IL7;MMP12;MMP9;SERPINE2
KU-C104227,0.8112534562211982,2.3222707767979927,4.281719139978329,9,,False,,,C3;CST4;CXCL8;IGFBP2;IGFBP5;IL6;PLAT;RPS6KA5;SERPINB4
Prometon,0.8112350230414747,4.723731448592555,1.0747554086947302,13,,False,,,AXL;BMP2;CCL20;CTNNB1;CXCL1;CXCL3;CXCL8;DKK1;GEM;IL1B;IL6ST;LCP1;SERPINE2
Valproxam,0.8111889400921659,2.5706960623010335,3.2955113959237408,9,,False,,,CXCL1;CXCL12;CXCL3;GDF15;GEM;IGFBP5;IL6;PLAT;PLAU
BL-050,0.8109677419354837,2.3851919997290016,3.887164489429362,9,,False,,,CCL20;CD9;GDF15;GEM;GMFG;IGFBP5;IL6;TNFRSF11B;TNFRSF1A
Huperzine-A,0.810958525345622,1.5563218265963985,19.792147297771397,8,,False,,,ANGPTL4;CXCL2;CXCL3;DKK1;IL6;MMP1;MMP10;VEGFA
PSB-11,0.810811059907834,2.469098872947463,3.5730580893919823,9,,False,,,CCL13;CCL8;CSF2RB;CXCL1;CXCL2;CXCL3;CXCL8;IGFBP1;IL6ST
Acrylamide,0.8105345622119815,5.643597889663524,0.7873758911290376,15,,False,,,BEX3;CCL20;CCL8;CXCL1;CXCL10;DKK1;EREG;GDF15;IGFBP1;IGFBP2;IL1B;IL6;IQGAP2;SERPINE2;VEGFC
CHK-2-INHIBITOR,0.8105069124423963,3.8088559727195066,1.5585024005945485,11,,False,,,C3;CCL20;CD55;CSF2RB;GEM;IGFBP1;IGFBP3;IL6;MMP1;MMP9;SERPINE2
Meloxicam,0.8101105990783409,1.562814301442285,17.42005516888007,8,,False,,,CCL20;CD55;CXCL1;CXCL12;CXCL8;IGFBP2;IGFBP4;IGFBP5
SC-9,0.8100460829493088,2.372318080625321,3.93098036705215,9,,False,,,ANGPTL4;C3;CD9;CTSB;CXCL8;IGFBP6;IL32;IL6;SERPINE2
Cyclophosphamide,0.8099631336405528,1.8636852854012165,6.568624519318102,9,,True,-9.37,False,CCL13;CD9;CTSB;DKK1;GDF15;IGFBP5;IL6ST;MMP1;MMP9
Rutin,0.8097327188940092,1.795672440067095,8.497927221702714,9,,True,43.33,False,AREG;CD55;CXCL12;CXCL2;CXCL8;FGF1;GDF15;IGFBP4;SPP1
Pemirolast,0.8096036866359447,3.521049420839531,1.865903551252639,11,,False,,,CD55;CD9;CSF1;CXCL2;EDN1;IGFBP4;IL18;PLAUR;SPP1;VEGFA;VEGFC
NBQX,0.8093456221198156,1.8586932078414249,6.561731573423896,9,,False,,,CSF2RB;CXCL1;DKK1;IGFBP4;IL6;MMP1;SELPLG;SERPINE2;VEGFA
Cefepime,0.8090138248847925,1.803359756466326,8.0873642103275,8,,False,,,AREG;BMP6;GDF15;IGFBP5;IGFBP6;JUN;SERPINB4;SPP1
GYKI-52466,0.8089953917050691,6.048447415853087,0.6417922670226797,14,,False,,,AXL;BMP2;CD55;CXCL1;CXCL8;DKK1;EGF;FAS;GDF15;IGFBP6;PLAU;PTGES;SERPINE2;VEGFC
Betamethasone-Dipropionate,0.8087188940092165,9.393162658401394,0.3574871326351916,19,,False,,,BEX3;CCL20;CCL4;CD9;CXCL1;CXCL2;CXCL3;CXCL8;EREG;ETS2;GDF15;IGFBP3;IL1A;IL1B;JUN;MMP1;MMP12;MMP3;TNFRSF11B
Norethindrone,0.8087096774193547,1.8176895891733595,7.356961269182932,9,,False,,,ANGPT1;CD55;CD9;HGF;IGFBP2;IGFBP3;IGFBP5;SERPINE2;TIMP2
SA-1456220,0.8081935483870968,4.215947982176937,1.2870355691659474,12,,False,,,AREG;CXCL1;CXCL12;CXCL8;EREG;IGF1;IGFBP5;IGFBP6;IL6;MMP3;SERPINE2;TNFRSF11B
Taxifolin,0.8081474654377879,2.3745107143876,3.824684558303063,9,,True,51.0,False,BMP2;CXCL2;CXCL3;IGFBP3;IGFBP4;IGFBP5;IL15;SERPINE2;SPP1
Taltirelin,0.8080092165898617,2.3709439563373005,3.851479686316903,10,,False,,,AREG;BMP2;CCL2;CST4;CXCL2;EREG;GDF15;IGFBP5;IGFBP6;MMP9
Tangeritin,0.808,2.7470524299991412,2.707733330458989,10,,False,,,CD9;CSF2RB;CXCL1;CXCL8;GDF15;GEM;IL6;IL6ST;MMP3;PGF
Alpelisib,0.8079078341013824,3.4518604451089008,1.85996421721963,12,,True,11.0,True,C3;CXCL2;CXCL8;FGF1;GDF15;GEM;ICAM1;IGFBP5;IL32;IL6;PLAU;SPP1
Necrosulfonamide,0.8078341013824883,2.109683946915698,4.831396593307051,9,,False,,,AREG;CXCL12;EDN1;EREG;GMFG;IGFBP2;IGFBP5;IQGAP2;SERPINE2
Mead-Acid,0.8072442396313364,3.332728468291979,1.968215376578286,11,,False,,,ACVR1B;AREG;BEX3;BMP2;CCL4;CCL5;CXCL10;IGFBP6;IL6;PLAT;SERPINE2
VGX-1027,0.8070599078341013,2.093118421496486,4.956576278268525,9,,False,,,AREG;CSF2RB;CXCL2;CXCL3;CXCL8;MMP12;PLAT;PLAUR;TNFRSF1B
SR-2640,0.8069677419354838,2.197688134163122,4.344447311981273,11,,False,,,AXL;CCL5;CXCL2;CXCL3;CXCL8;DKK1;GEM;ICAM1;MMP1;PLAUR;SPP1
Ajmaline,0.8065253456221199,9.680768513991806,0.2874942814189483,19,,False,,,AREG;BEX3;CCL20;CCL4;CXCL1;CXCL2;CXCL3;CXCL8;DKK1;GDF15;GEM;IGFBP6;IL1B;IL6;MMP1;MMP10;MMP3;MMP9;SERPINE2
4-HQN,0.8065253456221197,1.99529838089805,5.579573867567923,8,,False,,,AREG;CD55;CXCL10;ESM1;GDF15;IGFBP6;IL15;IL32
Flunisolide,0.8063594470046083,4.701073222820828,0.9783821037763658,13,,False,,,AXL;CCL2;CXCL1;CXCL8;GDF15;IGFBP3;IGFBP4;JUN;PLAT;PLAU;SERPINE2;SPP1;VEGFA
MK-0812,0.8061935483870968,1.5824790206118868,10.983295746991908,8,,False,,,AREG;CD9;CXCL8;DKK1;IGFBP6;PLAT;PLAU;SPP1
CCT-031374,0.8061198156682028,2.9011782045126817,2.6007162560090036,10,,False,,,AREG;AXL;C3;CCL20;CCL4;CCL5;DKK1;EREG;MMP9;PLAUR
Aminogenistein,0.8060276497695853,3.6352209885368625,1.6603689672854818,12,,False,,,CCL20;CXCL1;CXCL8;EREG;ESM1;IGFBP4;IGFBP5;IL6;MMP3;PGF;PTGES;VEGFA
Cetirizine,0.8059354838709676,2.0503598832164647,5.171280581142773,10,,False,,,AXL;BMP2;CCL2;CD9;CXCL1;CXCL8;FGF2;ICAM1;MMP3;MMP9
SD-6-035-A4,0.805889400921659,3.018165208204059,2.3833204164475372,11,,False,,,AXL;BMP6;CSF2RB;CXCL1;CXCL10;CXCL8;IL18;IL6ST;MMP12;MMP3;SERPINE2
Nalbuphine,0.8055115207373271,1.586400079946912,10.391930776734974,8,,False,,,AREG;CCL20;CD55;CXCL1;DKK1;EREG;ETS2;GDF15
EMF-sumo1-4,0.8054377880184331,1.4722295864305943,23.555235142778063,7,,False,,,BEX3;CD55;CXCL8;MMP1;PLAT;SERPINE2;VEGFC
Lirimilast,0.8050875576036867,2.269725246521099,4.089400112349255,11,,False,,,BMP2;C3;CXCL2;CXCL3;CXCL8;DKK1;IGFBP6;IQGAP2;MMP1;SPP1;TNFRSF11B
Sotalol,0.8050691244239632,4.881261528576028,0.88845786023747,13,,False,,,BMP2;BMP6;C3;CCL20;CSF2RB;CXCL1;CXCL8;JUN;MMP1;MMP10;MMP9;PLAT;PLAU
Leucodin,0.8050046082949309,2.1013817646766264,4.684021877830197,9,,False,,,C3;CD55;CXCL8;IGFBP6;IL32;IL6;MMP10;PLAU;SERPINB4
Acexamic-Acid,0.8049953917050691,2.331003611562672,3.8778978972372418,9,,False,,,C3;CXCL10;CXCL2;ETS2;GDF15;IL1B;IL6;IL6ST;NRG1
Darinaparsin,0.8048294930875575,2.1134744222155595,4.53093835495813,10,,False,,,CCL4;CCL5;CD55;CXCL12;CXCL8;ETS2;IGFBP4;IL32;MMP14;SERPINB4
Mevalonic-Acid,0.8047188940092166,1.928938572224285,5.81765267562267,8,,False,,,ANG;CCL20;CCL4;CD9;CXCL10;EDN1;TIMP2;TNFRSF1B
KUC105208,0.8046451612903226,3.803425223151796,1.4160649264379344,14,,False,,,AREG;CCL5;CXCL1;CXCL12;CXCL2;CXCL8;CXCR2;GDF15;IGFBP2;IGFBP4;IL6;PLAT;SERPINB4;VGF
LY-2090314,0.8045714285714285,1.81432356490586,6.911549548558383,9,,False,,,AXL;CCL5;CD55;CD9;IGFBP3;MMP9;PLAT;SPP1;TNFRSF1A
KU-C104256,0.8045529953917051,3.370920664752589,1.8090672819213536,11,,False,,,AREG;C3;CCL13;CTSB;DKK1;HMGB1;IGFBP2;PLAT;PLAU;SERPINE2;VEGFC
Gallic-Acid,0.804331797235023,1.4577151948177625,31.160584492984803,9,,False,,,BMP2;GDF15;GEM;IGFBP5;IL6;MMP3;PLAT;PLAU;SERPINB4
Scopoline,0.804221198156682,3.8476767811310655,1.3943716862929405,11,,False,,,AREG;C3;CXCL1;CXCL12;GDF15;IGF1;IGFBP2;IGFBP4;IGFBP6;SERPINE2;TNFRSF1B
SA-244466,0.8040368663594469,4.082146273841882,1.2629546495809247,13,,False,,,CCL20;CXCL1;CXCL10;CXCL8;ICAM1;IGFBP2;MMP1;MMP10;MMP13;MMP3;PGF;PTGES;SERPINB4
EI-231,0.8039723502304147,3.3137159380825505,1.9180219995419,11,,False,,,AXL;CD55;CD9;CXCL12;DKK1;FGF2;HGF;MMP1;PLAT;SPP1;TNFRSF1A
Doxofylline,0.8038617511520737,2.3428621659378965,3.75201908803677,9,,False,,,AXL;CCL2;CCL5;CXCL12;CXCL2;GDF15;IGFBP1;IL32;SERPINE2
Diazepam,0.8037972350230415,2.691541296737765,2.745297558271639,11,,False,,,AREG;BMP6;CD55;CD9;CXCL12;GDF15;GEM;IGFBP6;IL32;SERPINE2;TNFRSF11B
Oleamide,0.8037050691244239,3.3875204160824843,1.7879838803542691,12,,False,,,CSF2RB;CTSB;CXCL1;CXCL2;CXCL3;CXCL8;IGFBP2;IL32;IL6ST;IQGAP2;MMP9;TNFRSF11B
Tedizolid,0.8033548387096774,2.9147644477010326,2.480089051983878,10,,False,,,BMP2;CCL20;CCL4;CD55;IGFBP6;LCP1;MMP12;MMP3;SPP1;VEGFA
Halometasone,0.8033087557603685,3.728406049938645,1.4404039179863355,12,,False,,,CCL2;CCL20;CTSB;CXCL1;CXCL2;CXCL8;IGFBP3;IGFBP4;IL6ST;MMP10;MMP12;PLAU
PNU-282987,0.8032258064516128,3.087854797197481,2.139833002574838,10,,False,,,CCL5;CD9;CXCL12;GEM;HGF;IGFBP4;IL6;PTGES;SERPINB4;SERPINE1
ST-059620,0.8030599078341013,1.531423772926496,14.054446302783386,8,,False,,,C3;CD55;CXCL8;DKK1;IGFBP5;IL6;MMP9;VEGFA
Memantine,0.8027373271889401,3.002419298831284,2.3115148237341065,11,,False,,,C3;CCL20;CXCL8;IGF1;IL32;MMP2;MMP3;MMP9;PLAT;TNF;TNFRSF11B
ONX-0914,0.8026451612903225,3.0625780414795667,2.189695366141179,10,,False,,,AREG;CTSB;DKK1;ICAM3;IGFBP2;IGFBP3;IL32;PLAT;VEGFA;VEGFC
Cyclopentolate,0.8026359447004607,1.9533280976924328,5.414800654771693,8,,False,,,CCL13;CXCL1;CXCL8;IGFBP5;IGFBP6;MMP10;PLAU;SERPINB4
Pentoxifylline,0.8022672811059908,1.4880605810631564,15.3362166303912,7,,False,,,AREG;BMP2;CCL20;CD55;CXCL2;MMP1;VEGFA
Ischemin,0.8021658986175115,1.5658085701327498,11.058975768004546,8,,False,,,C3;CCL20;CD9;CTSB;CXCL1;CXCL8;IGFBP1;SERPINE2
2-BFI,0.8020645161290322,3.724274458204748,1.4240753358342215,11,,False,,,ANG;BEX3;GMFG;ICAM1;IGFBP3;IGFBP6;IL6ST;MMP1;MMP10;MMP3;PTGES
NPK76-II-72-1,0.8019447004608296,1.5550976237229202,12.177617999974716,7,,False,,,BMP2;CXCL8;GDF15;IL1A;PLAT;SPP1;TNFRSF1A
H-89,0.8014009216589861,2.9326781099459995,2.3609922611989873,10,,False,,,CCL4;CCL5;CXCL1;ETS2;IGFBP3;JUN;MMP10;MMP12;MMP9;SERPINB4
Foretinib,0.8011981566820277,6.401844091938244,0.4210695227785892,16,,False,,,AREG;CCL20;CCL5;CXCL1;CXCL2;CXCL3;CXCL8;DKK1;EREG;GEM;JUN;MMP1;MMP12;MMP9;PLAU;PLAUR
Nateglinide,0.8011428571428572,3.345989825663869,1.7853740454287133,12,,False,,,BEX3;CCL5;CSF1;CXCL2;CXCL8;IGFBP5;IL32;JUN;MMP12;MMP9;SPP1;VEGFA
GDC-834,0.8010138248847926,5.9175372216373585,0.5109825855799941,14,,False,,,BEX3;CCL20;CCL4;CCL5;CD9;CSF2RB;CXCL8;EDN1;GDF15;IGFBP2;JUN;MMP14;MMP9;SERPINE2
Stavudine,0.8008755760368663,7.295779096983143,0.2932848617056942,16,,False,,,ANGPTL4;AREG;BMP2;CD55;CTSB;CXCL1;CXCL2;CXCL3;ETS2;GEM;IL32;MMP10;MMP3;VEGFA;VEGFC;VGF
4-Chlorophenylguanidine,0.8008755760368662,3.728406049938645,1.3971788551717614,12,,False,,,CCL20;CD9;CXCL1;CXCL3;CXCL8;GDF15;MMP1;MMP10;MMP12;MMP13;MMP3;PLAT
Chloroquine,0.8007188940092166,1.444283309011547,22.18759126282189,7,,True,11.0,True,CD9;CTSB;CXCL3;GDF15;IL1A;SPP1;VEGFA
SGC-707,0.8005437788018432,1.620455586826716,8.158683252221877,8,,False,,,ANGPT1;CCL20;CD55;CXCL2;CXCL8;DKK1;FGF1;GMFG
GW-788388,0.8003041474654378,2.3675192557489253,3.529863967863362,10,,False,,,CD9;IGFBP3;IGFBP5;IGFBP6;IL32;MMP1;MMP12;MMP9;SERPINE2;SPP1
Lacidipine,0.7997603686635943,3.086802194298831,2.0542098124014805,11,,False,,,AREG;CCL5;CST4;CXCL1;CXCL3;CXCL8;IL32;MMP1;MMP12;MMP3;MMP9
Wnt-C59,0.7995391705069124,3.645739924698206,1.4693601653853223,12,,False,,,C3;CD9;CXCL1;CXCL2;CXCL3;ETS2;IL15;MMP10;MMP2;PTGER2;SPP1;TNFRSF1A
Amifostine,0.7992995391705069,1.5756997052600172,9.492223186907198,10,,False,,,BEX3;C3;CTSB;CXCL10;CXCL2;CXCL8;IL1A;MMP10;PLAT;PLAUR
SC-68376,0.7988479262672811,2.1202719746994885,4.121749196405387,9,,False,,,AREG;BMP2;C3;CXCL8;EREG;ETS2;IGFBP4;IL6;SERPINB4
Sertraline,0.7986359447004607,5.420122588064953,0.5574624202783234,14,,False,,,ANGPTL4;AREG;AXL;C3;CCL20;CXCL1;CXCL2;CXCL8;EREG;FAS;IGFBP2;IL18;JUN;MMP9
WZ-811,0.7985806451612902,3.6215837530113553,1.469002763049878,11,,False,,,AXL;CSF2RB;ESM1;IGFBP2;IGFBP3;IGFBP6;MMP13;MMP9;PLAT;PLAU;SPP1
ST-003833,0.7985622119815667,2.3895918709364956,3.2624168878216557,10,,False,,,CCL13;CCL4;CCL5;CTNNB1;CXCL8;IGFBP5;MMP12;MMP14;MMP9;VEGFA
Mephentermine,0.7985437788018432,1.5820337610834274,8.702190345874143,7,,False,,,AXL;BMP6;CTSB;IGFBP5;IL15;IL6ST;VEGFC
Cevimeline,0.7983410138248848,3.971521657688639,1.225670126282444,14,,False,,,ANGPTL4;AXL;BMP2;CCL20;CD55;CXCL1;CXCL10;GEM;ICAM1;IL6;MMP1;PTGES;SEMA3F;TNFRSF1A
Homatropine-Methylbromide,0.798294930875576,4.3636997705095295,0.9649706814445717,12,,False,,,CCL20;CXCL1;CXCL2;CXCL3;CXCL8;DKK1;ICAM1;IL1A;IL1B;MMP1;MMP3;VEGFA
Polydatin,0.7981935483870968,2.930560522619145,2.280695871666725,10,,True,30.0,False,BEX3;CXCL1;CXCL2;CXCL3;CXCL8;IL6;IL6ST;LCP1;MMP3;PTBP1
Formononetin,0.7980921658986175,3.6784807329682176,1.4070393076985137,12,,False,,,AREG;BEX3;C3;CCL20;CD55;CXCL2;CXCL8;ETS2;GEM;IGF1;IL32;MMP9
LY-3000328,0.798073732718894,4.441980685433562,0.8989008854671998,13,,False,,,ACVR1B;AREG;CCL2;CD9;CXCL2;CXCL3;CXCL8;DKK1;GDF15;HGF;SERPINE1;SPP1;TNFRSF1B
BG-1019,0.7978709677419353,1.827995194191005,5.740059860885945,8,,False,,,AXL;CCL4;GDF15;IGFBP4;IL6ST;IQGAP2;MMP9;PTGES
D-4476,0.7978156682027648,2.3222707767979927,3.5779626585546644,9,,False,,,AREG;AXL;BMP6;C3;EDN1;EREG;FGF1;IGF1;SERPINE1
SA-419021,0.7977788018433178,2.2301159773243855,3.7742522444627857,11,,False,,,ANGPT1;C3;CCL20;CXCL1;CXCL8;DKK1;GDF15;ICAM1;IL6;SERPINB4;SPP1
Fenoldopam,0.7975760368663594,2.0324946900826326,4.630061324697743,8,,False,,,AREG;CXCL2;CXCL8;GMFG;IGFBP2;IL18;PLAT;SPP1
Kep,0.7975483870967741,3.164799366723319,1.8845112739158991,10,,False,,,AREG;CXCL1;CXCL10;CXCL2;CXCL3;IGFBP2;IGFBP3;PLAT;RPS6KA5;VEGFA
Lisinopril,0.7970599078341014,1.799065154186405,6.371543398672007,9,,False,,,CSF2RB;CTNNB1;CTSB;CXCL3;CXCL8;IGFBP2;IL6ST;MMP12;MMP9
CMAP-ERG-AZD2281,0.7967557603686636,2.3794332762054555,3.2487862080325254,10,,False,,,BEX3;C3;CD55;CXCL8;DKK1;ESM1;IL32;LCP1;MMP13;MMP9
MW-STK33-4A,0.7967281105990783,3.5147514233732458,1.526922020795516,11,,False,,,BMP2;CCL20;CXCL8;FGF1;ICAM1;IGFBP2;IGFBP3;IGFBP4;IL1A;MMP3;PTGES
Umbelliferone,0.7965622119815667,2.052839302646597,4.465284961207254,8,,False,,,CCL4;CXCL1;CXCL12;CXCL8;IGFBP2;MMP3;MMP9;SERPINE2
1-NITROPYRENE,0.796331797235023,5.1703988330402275,0.5521782530037957,13,,False,,,C3;CD9;CTNNB1;CTSB;CXCL1;CXCL8;EREG;IGFBP5;IL32;MMP1;MMP14;MMP9;PTGES
Citalopram,0.7963133640552995,1.829614643150552,5.585891930076401,9,,False,,,CCL13;CD9;ETS2;IGFBP2;IGFBP4;IGFBP5;IGFBP6;MMP3;SERPINE2
Dicloxacillin,0.796294930875576,1.437630234616828,16.084223800337533,9,,False,,,BMP2;BMP6;CCL5;CXCL2;CXCL3;DKK1;FGF1;IGFBP6;SPP1
BIX-02188,0.7962396313364055,4.352885282919515,0.9252409201564868,12,,False,,,AREG;C3;CCL20;CCL5;CD9;CXCL10;HMGB1;IGFBP2;IGFBP5;IL32;MMP1;SERPINE2
Caffeine,0.7961198156682027,1.4089900168167449,18.96784377987833,9,,True,86.0,False,AXL;CST4;EREG;GDF15;IGFBP6;MMP1;SEMA3F;SPP1;TIMP2
BMS-599626,0.796110599078341,8.199448488279138,0.0769593942186539,17,,False,,,CCL20;CCL4;CD55;CXCL1;CXCL2;CXCL3;CXCL8;FAS;GDF15;ICAM1;IGFBP5;MMP1;MMP10;MMP12;MMP3;SERPINE2;VEGFA
Dioxybenzone,0.7960368663594469,2.9464124755882173,2.161003752187096,10,,False,,,CD9;CSF2RB;CTSB;CXCL2;CXCL8;EREG;IL6;MMP12;PLAU;VEGFA
KU-C104248,0.7957603686635945,2.2372350576253934,3.679449404191712,11,,False,,,AREG;AXL;BMP6;CCL20;CXCL2;DKK1;GDF15;GEM;IGFBP5;MMP3;PLAU
Parthenolide,0.795741935483871,4.9193350678900885,0.653960817335053,13,,False,,,AREG;C3;CCL2;CCL20;CD9;CXCL10;CXCL2;EREG;ETS2;IGFBP5;IL1A;MMP9;PLAT
S-206352,0.7957142857142857,2.6736740825770857,2.5759540881735545,11,,False,,,AXL;CCL13;CXCL8;ETS2;GDF15;GEM;IGFBP5;IGFBP6;MMP3;PLAT;SERPINE2
VT-464,0.7956313364055299,4.48117171580629,0.8151162844180391,12,,False,,,CCL20;CCL8;CD55;CD9;CXCL10;CXCL2;CXCL8;IGFBP2;MMP1;PLAT;PLAU;SPP1
Bromoethane,0.7955760368663594,3.175991730559477,1.8077399026886785,13,,False,,,AREG;CCL20;CCL4;CD55;CXCL1;CXCL2;CXCL3;CXCL8;IGF1;IL1B;IL6;PLAU;VEGFC
Tribenoside,0.7954101382488479,4.7921557594274935,0.6992249819841888,14,,False,,,C3;CCL20;CCL5;CXCL1;CXCL3;CXCL8;IGFBP2;IGFBP4;IGFBP5;IL15;IL32;MMP9;PLAUR;VEGFA
CNQX,0.7953087557603686,2.0839978255519016,4.238410847604145,10,,False,,,CD55;CXCL2;CXCL3;EREG;ETS2;IGFBP3;MMP1;MMP13;SPP1;VEGFA
Strychnine,0.7952442396313364,2.084935871524335,4.205840232057623,8,,False,,,CCL20;CD55;GDF15;IGFBP5;IL6;IL7;PTGES;RPS6KA5
Isobutyraldehyde,0.7951797235023041,3.723379325889431,1.275310946274167,12,,False,,,CCL20;CD55;CXCL1;CXCL8;DKK1;GEM;IGFBP5;IL1B;MMP3;SERPINE1;SERPINE2;SPP1
Nitrarine,0.7951705069124423,2.5245350472060077,2.736852460756624,9,,False,,,ACVR1B;AREG;C3;CD9;CXCL10;GEM;IL32;IL6ST;RPS6KA5
Letermovir,0.7951152073732718,4.008178619123942,1.102426043515397,12,,False,,,BMP2;CCL20;CD55;CXCL2;EREG;GEM;IGFBP5;MMP2;MMP9;NRG1;SERPINE2;SPP1
Fosfosal,0.7950783410138249,3.156535707110414,1.8089976431558803,10,,False,,,AREG;CCL20;CCL5;CD9;CXCL10;FAS;IGFBP1;IGFBP2;IL32;SERPINE2
Kifunensine,0.7946820276497696,2.719568619309813,2.3821094800492744,10,,False,,,AXL;CSF2RB;CXCL12;DKK1;EDN1;GEM;IGFBP5;IL18;SPP1;TNFRSF11B
Fipronil,0.7946543778801842,4.485832020430781,0.7845919957605767,13,,False,,,CD9;CSF2RB;CTNNB1;CXCL10;GDF15;IGFBP5;IL18;MIF;MMP1;MMP12;MMP3;PLAU;SPP1
Farnesol,0.794405529953917,2.4947819101700146,2.762200570999489,9,,False,,,AREG;CCL13;CCL2;CCL8;GDF15;GEM;LCP1;MMP3;PLAU
Dabigatran,0.7943410138248848,3.849417649374492,1.1508985034487882,11,,False,,,BMP6;CCL2;DKK1;GDF15;GEM;IGF1;IGFBP4;MMP3;SERPINE2;TNFRSF11B;VEGFA
ML-347,0.7936958525345621,2.306233483533034,3.4829548963062433,9,,False,,,CCL5;CXCL8;DKK1;FGF1;IGFBP3;MMP1;PLAUR;SPP1;VEGFA
SA-1457769,0.7936774193548386,3.6681798936648216,1.29833685410516,12,,False,,,CCL20;CCL4;CXCL1;ICAM1;IGF1;IGFBP2;IL32;MMP10;MMP12;MMP3;MMP9;PTGER2
3-Fluorobenzylspiperone,0.7934746543778801,2.121315589022411,3.803854407897871,11,,False,,,AXL;CCL2;CCL8;CD9;EDN1;HMGB1;JUN;MMP12;PLAT;PTGER2;SERPINE1
Rimexolone,0.793069124423963,4.798722979803355,0.6456583399404324,14,,False,,,AXL;BMP6;CCL2;CXCL1;GDF15;GEM;IGFBP3;IL15;MMP1;MMP12;MMP3;PAPPA;PLAUR;SERPINE2
Trimebutine,0.7930414746543779,3.398993561772947,1.4669649387862478,11,,False,,,C3;CD9;CXCL8;IGFBP1;IGFBP2;IGFBP5;IL1B;MMP10;MMP12;MMP3;PLAUR
CAY-10594,0.7929677419354838,2.3709439563373005,3.1743740404087273,10,,False,,,AREG;AXL;BEX3;C3;CCL4;CXCL8;DKK1;IL18;IL6ST;TNFRSF11B
GNE-477,0.7929585253456221,1.9173187646865009,4.803325466946045,9,,False,,,CCL20;CCL4;CXCL1;CXCL2;CXCL8;IL1B;IL32;IL6;PLAUR
Piperlongumine,0.792184331797235,3.115549129953622,1.7916917561345462,10,senolytic,False,,,AREG;CCL2;CCL20;CD9;EREG;ETS2;PLAT;PLAU;PTGES;VEGFC
Physostigmine,0.7918156682027649,1.4736071292356792,10.218227867228856,9,,False,,,AREG;CXCL2;CXCL8;DKK1;IQGAP2;JUN;MMP12;PLAUR;TNFRSF1B
L-655708,0.7918156682027648,2.416986233783684,2.912649530665725,10,,False,,,AREG;BMP2;CD55;CXCL3;EREG;IGFBP5;IGFBP6;MMP1;SERPINE2;VEGFA
SA-1458571,0.7917327188940091,3.3866528164307304,1.4564767696121574,11,,False,,,CCL13;CCL20;CCL8;CD9;CSF2RB;CXCL8;DKK1;ICAM1;IQGAP2;MMP12;MMP9
Favipiravir,0.7916958525345622,3.3085799731427263,1.6053167031449798,12,,False,,,ACVR1B;ANGPT1;BEX3;CXCL1;CXCL2;CXCL8;DKK1;IGFBP2;MMP12;SERPINB4;SERPINE2;SPP1
Nafcillin,0.7915391705069124,2.667999985490483,2.4617533411090236,10,,False,,,AREG;CCL4;CXCL1;CXCL12;GDF15;GEM;IGFBP6;MMP3;RPS6KA5;SERPINE2
Erythromycin-Ethylsuccinate,0.7912626728110599,1.330841154085976,20.1249978690772,7,,False,,,CD9;CTSB;CXCL2;DKK1;GEM;IGFBP6;SPP1
L-stepholidine,0.7912442396313364,4.3636997705095295,0.825712909401996,12,,False,,,CXCL12;CXCL8;GDF15;IGF1;IGFBP4;IGFBP6;MMP12;MMP3;PLAT;SERPINB4;TNFRSF11B;VEGFA
Paraquat,0.7908755760368664,1.4681234359770106,10.25523170968107,7,,True,58.0,False,CXCL2;HGF;IGFBP3;MMP1;MMP10;SERPINB4;TNFRSF1A
Apafant,0.7905622119815667,1.8506959585281515,4.861794108280775,8,,False,,,AREG;CXCL12;CXCL2;CXCL3;CXCL8;EREG;GMFG;TIMP2
Delapril,0.7903225806451613,3.7398837522862984,1.1373337465264808,11,,False,,,AREG;BMP2;CCL20;CXCL8;GEM;MMP1;MMP12;MMP3;PLAT;SERPINB4;SPP1
Levopropoxyphene,0.7902119815668203,4.398490837294699,0.7578767791376435,13,,False,,,C3;CCL2;CD9;CSF2RB;CTSB;IGFBP2;IL1A;IL32;MMP9;PLAT;PLAU;VEGFA;VEGFC
Xylazine,0.7901751152073732,2.3523339369686713,3.1173521177201096,10,,False,,,AXL;BMP6;CTSB;CXCL8;DKK1;GDF15;IGFBP2;IL6;PLAT;TNFRSF11B
KUC104547N,0.7898801843317972,2.435843897430503,2.7568468759374354,9,,False,,,AREG;CCL4;CCL5;CXCL8;EDN1;IGFBP2;JUN;MMP12;SERPINE2
Buphenine,0.789741935483871,1.8176895891733595,5.265862082580031,9,,False,,,BEX3;C3;CXCL10;EDN1;ETS2;IGF1;PLAT;SERPINB4;TIMP2
Nifekalant,0.7896129032258065,2.72634631983206,2.2150011751238283,10,,False,,,CCL2;CD9;CTNNB1;CXCL12;GMFG;IGFBP2;MMP14;PLAT;PLAU;SEMA3F
TUL XIX003,0.7895668202764976,2.139122173867021,3.5623050374719503,9,,False,,,CCL2;CST4;CXCL1;CXCL8;GDF15;IGFBP4;IGFBP6;SERPINE2;VEGFA
Opipramol,0.789142857142857,4.422210357842674,0.709025374883784,14,,False,,,AREG;CD55;CD9;CXCL2;CXCL3;CXCL8;DKK1;IL1B;IL6;MMP1;MMP3;PLAT;PTGES;RPS6KA5
ST-014147,0.7885253456221197,2.3888122342252673,2.874410798835714,9,,False,,,AXL;BMP6;CXCL12;EREG;ETS2;FGF2;GDF15;IL6ST;PLAT
Iohexol,0.7884147465437787,1.8277083907823652,4.9833490810770344,9,,False,,,BMP2;CD9;CTSB;ICAM1;IGFBP2;MMP9;PLAT;TIMP2;VEGFA
Tricresyl-Phosphate,0.7879815668202765,2.078054215972606,3.855995299356827,10,,False,,,AREG;BMP2;CCL20;DKK1;EDN1;EREG;GEM;JUN;LCP1;SERPINE1
Cromakalim,0.7878617511520737,2.113240319051851,3.622245326604493,9,,False,,,CD55;CD9;CXCL8;ETS2;IGFBP2;MMP10;PLAUR;SERPINB4;VEGFA
Parachlorophenol,0.7877142857142857,1.8177933173472272,5.061711497353814,8,,False,,,CD9;CTNNB1;CXCL8;GDF15;IGFBP5;MMP12;MMP9;SERPINE2
UGISS-186,0.7874193548387096,2.8423766147873386,2.081595103786811,12,,False,,,AREG;CST4;ETS2;GEM;IGFBP2;IGFBP5;IL1B;IL6ST;MMP12;PLAT;SERPINB4;VEGFA
Desmethylclozapine,0.7870414746543778,3.329712380909538,1.4199051419263522,12,,False,,,AREG;CCL4;CXCL1;CXCL2;CXCL8;EREG;IGFBP4;MMP10;PLAT;PLAU;PLAUR;SERPINE1
Carbenoxolone,0.7868663594470046,1.4325098195808617,10.610679741871854,9,,False,,,CCL20;CXCL2;CXCL3;CXCL8;IGFBP2;IGFBP4;IL6;IL6ST;SPP1
VX-745,0.7866175115207372,1.312924324156235,18.389414025545953,10,,False,,,AREG;CCL20;CCL8;CD55;CXCL1;CXCL2;ETS2;GDF15;IL6;MMP9
Glutaraldehyde,0.7865253456221198,3.094078554780339,1.6556472717801338,10,,False,,,BEX3;C3;CCL20;CXCL1;CXCL2;IGFBP5;IL1B;IL6;MMP9;TNFRSF1A
Carglumic-Acid,0.7864147465437787,2.930560522619145,1.9183818236175616,10,,False,,,CD9;CXCL1;CXCL2;CXCL3;CXCR2;DKK1;FGF2;MMP12;MMP3;SPP1
Aminolevulinic-Acid,0.7862488479262671,1.7989935239824717,5.353468137374839,8,,False,,,ANGPT1;EDN1;IGFBP1;IGFBP3;IGFBP4;IGFBP6;MMP9;PLAT
Alpha-Tocopherol,0.7860460829493087,1.3162190682442274,17.17655574401149,7,,False,,,AREG;CD55;CD9;GDF15;JUN;MMP1;SERPINE2
Camostat-Mesilate,0.7859539170506913,2.622704174796792,2.3645112781507964,11,,False,,,AREG;BMP6;CCL4;CD55;CXCL2;CXCL3;DKK1;MMP1;MMP12;MMP9;SPP1
Capsaicin,0.7856497695852535,3.275853397534063,1.5122175272186626,11,,True,6.22,False,C3;CCL20;CD9;CXCL2;CXCL3;CXCL8;ICAM3;MMP1;MMP9;PLAT;VEGFA
SA-440772,0.7855391705069124,2.4808914776084072,2.5487077051657385,9,,False,,,AREG;CXCL3;CXCL8;DKK1;ICAM1;IGFBP2;IL32;SERPINE2;VEGFA
Doconexent,0.7853824884792626,2.086032787879529,3.6620851628783617,9,,False,,,ACVR1B;AREG;CCL20;CXCL12;DKK1;EDN1;IL1A;IL1B;PLAT
SA-419172,0.7850967741935484,1.3349967870860464,12.845474378069817,7,,False,,,C3;CCL20;ICAM1;IGFBP5;IGFBP6;SERPINE2;TNFRSF1A
YS-035,0.7849677419354839,2.135672795948102,3.3528059485896136,9,,False,,,AREG;ETS2;IGFBP2;IL18;IL6ST;MMP12;MMP14;MMP9;PLAT
Estramustine-Phosphate,0.7843963133640552,1.836179260330662,4.506341596555807,11,,False,,,CXCL1;CXCL2;CXCL3;CXCL8;EREG;IGFBP2;IGFBP5;IQGAP2;JUN;MMP12;SERPINE2
JW-55,0.7842304147465438,1.331288518332624,12.7646359920059,8,,False,,,AREG;AXL;CD55;CXCL2;GDF15;IL6;MMP2;VEGFC
RU-28318,0.7838801843317972,5.973794120143134,0.0579911247150356,15,,False,,,AREG;C3;CD55;CXCL12;CXCL8;DKK1;GDF15;GEM;HGF;IGFBP5;IL32;IL6ST;PLAT;SERPINE2;VGF
Aminoguanidine,0.7838156682027648,1.7058522897540784,5.695692277313745,10,,False,,,AREG;BEX3;CCL20;CXCL1;CXCL12;CXCL2;CXCL3;CXCL8;SERPINB4;SPP1
Cefotetan,0.7837972350230413,1.4443683739560862,9.117369244544944,9,,False,,,CST4;CXCL10;DKK1;GEM;IGFBP6;IL18;MMP12;PTGES;SPP1
Agomelatine,0.7837327188940091,1.2955113869187622,18.66804553588888,8,,False,,,BMP2;CCL20;CXCL1;CXCL3;CXCL8;IGFBP6;MMP3;SPP1
Cefadroxil,0.7835391705069124,6.426802595465164,0.0041968076081152,16,,False,,,AREG;BEX3;CD55;CXCL2;CXCL3;CXCL8;ETS2;ICAM1;IGF1;IL18;IL32;IL6;MMP9;PLAU;SPP1;VEGFA
MK-2461,0.7834193548387096,3.398993561772947,1.2619888303381224,11,,False,,,AREG;C3;CCL20;CCL5;CXCL1;CXCL2;CXCL3;CXCL8;IGFBP1;IGFBP4;PGF
BADGE,0.7819170506912441,1.803359756466326,4.95551178624577,8,,False,,,AREG;AXL;ICAM3;IGF1;IGFBP4;IGFBP5;IL6ST;MMP12
Tiaprofenic-Acid,0.7818341013824884,2.378839060556748,2.681620836914574,9,,False,,,ANG;BEX3;CD9;EGFR;ETS2;GDF15;IGFBP6;MMP1;MMP3
Phenylephrine,0.7815483870967741,1.821147319426205,4.530488359196751,9,,False,,,CCL4;CCL5;CCL8;DKK1;GEM;MMP1;MMP12;SERPINB4;SPP1
943,0.7812626728110599,1.2600992455232185,40.380084638334175,8,,False,,,ANGPT1;CCL8;DKK1;FGF1;MMP12;SERPINE1;SPP1;VEGFA
Carnosol,0.7811428571428571,3.051066070558417,1.602693700264584,10,,True,19.02,False,C3;CCL8;CD55;CD9;CST4;CXCL10;EREG;IGFBP5;IL6;PLAU
Rifamycin-Sv,0.7807188940092166,3.155112694671557,1.4322232973379208,10,,False,,,BEX3;CCL2;CXCL1;CXCL8;ETS2;IGFBP2;IGFBP5;IL32;MMP3;SPP1
Rivaroxaban,0.7800921658986175,1.5962372695918174,5.7317792214817915,8,,False,,,ACVR1B;AREG;AXL;CD9;CST4;EREG;GDF15;MMP3
Flunarizine,0.779926267281106,2.753840039425324,1.8849733270049729,10,,False,,,ANGPTL4;AREG;CD9;EREG;IGFBP2;IGFBP3;IL1B;PLAT;RPS6KA5;SERPINE2
Pirfenidone,0.7799170506912442,2.089589160015682,3.382765007469314,9,,False,,,AXL;C3;CD55;CD9;CSF2RB;CXCL10;GDF15;MMP2;SPP1
Sonidegib,0.7798064516129031,1.8403742979147797,4.215837704853092,8,,False,,,ANG;BEX3;CCL20;FAS;IGFBP2;IL32;IL6ST;MMP12
Chenodiol,0.7797603686635943,1.4443683739560862,8.204978714273489,9,,False,,,ANG;CCL20;CXCL1;CXCL2;CXCL3;CXCL8;GEM;MIF;MMP1
Oseltamivir-Carboxylate,0.7797235023041474,3.0027635293533237,1.638117176493986,11,,False,,,BMP2;CCL20;CXCL1;CXCL2;CXCL3;CXCL8;GMFG;PLAT;PLAUR;PTGES;TNF
Dimethoxane,0.7794654377880184,2.7646999541581954,1.8659072280744708,10,,False,,,AREG;CCL20;CCL5;CTSB;CXCL8;IGFBP2;IL32;MMP3;MMP9;SERPINE1
Alclometasone,0.7793917050691244,2.199231029745026,2.9953198441982196,11,,False,,,CD55;CD9;CXCL1;GDF15;IGFBP3;IL1A;MMP10;MMP13;PLAU;SERPINE2;SPP1
Terutroban,0.7788663594470046,2.944294888261363,1.667566064449222,10,,False,,,AREG;AXL;BEX3;C3;CCL2;CD9;CXCL2;CXCL8;PIGF;TNFRSF11B
MC1568,0.7788387096774194,1.6635045359267056,5.309547058763056,10,,False,,,C3;CD55;CTSB;CXCL10;ETS2;GDF15;IGFBP6;IL32;MMP2;VEGFC
Safrole,0.7787834101382488,4.202929418679883,0.6483306720992025,12,,False,,,AREG;BEX3;C3;CCL4;CXCL1;CXCL2;CXCL3;CXCL8;IGFBP1;IGFBP5;MMP12;MMP3
Erbstatin-Analog,0.7785253456221198,2.7230443865812344,1.8923476124806595,10,,False,,,AREG;C3;CCL4;EREG;IGFBP3;IL1A;MMP10;MMP9;SPP1;TNFRSF11B
Quinine,0.777963133640553,1.4682855382433675,7.339707261371932,9,,False,,,AREG;CXCL12;CXCL2;EREG;GDF15;MMP9;PLAT;SERPINE2;VEGFC
Tivozanib,0.7778156682027649,4.388332242563658,0.4890889840570349,13,,False,,,BEX3;CD55;CD9;CXCL8;DKK1;EREG;JUN;PLAT;PLAUR;SERPINE2;SPP1;TNFRSF1A;VEGFC
Mirin,0.7777880184331797,5.07147700783777,0.1754961347612553,13,,False,,,AREG;BEX3;CD55;CXCL12;CXCL8;GDF15;GEM;HGF;IGFBP4;IL6;PLAT;SERPINE2;VEGFC
Edaravone,0.7777142857142858,2.1805734802918204,2.9591463466574073,9,,False,,,CCL8;CD9;CTNNB1;CXCL2;CXCL3;EREG;GDF15;IL15;RPS6KA5
GS-39783,0.7776405529953917,3.0906134652421855,1.420885333753452,11,,False,,,AREG;CCL13;CCL20;DKK1;EREG;IGFBP5;IGFBP6;IL32;IL6;SERPINE2;VEGFA
620 7033 4267,0.777400921658986,2.4358223140027824,2.392311196513589,10,,False,,,AREG;CCL20;CD9;CSF2RB;GDF15;IGF1;IGFBP1;IGFBP5;IL6;PLAT
KM-00519SC,0.7773087557603686,2.682587664827256,1.9763334188370456,11,,False,,,CCL20;CD9;CXCL8;DKK1;GDF15;IGFBP5;IL6ST;MMP3;PLAU;SERPINE2;TNFRSF11B
PSI-7976,0.7771244239631336,3.3256428346750213,1.2169537757868294,11,,False,,,ANGPT1;AXL;CST4;CXCL1;GDF15;IGFBP2;IGFBP4;MMP9;PLAT;PLAU;SEMA3F
Nifurtimox,0.7768847926267282,2.043277473785869,3.445516514259803,10,,False,,,ACVR1B;ANG;CD9;CXCL3;EREG;IGFBP2;IGFBP5;MMP1;MMP3;PTGER2
SA-1939915,0.776516129032258,1.8301127815178595,4.085984421135112,8,,False,,,CXCL1;CXCL3;GDF15;ICAM1;IGFBP2;IGFBP5;PLAT;PLAU
BMS-182874,0.7764700460829492,2.469098872947463,2.2958364759034455,9,,False,,,BMP6;CCL2;CD9;CXCL12;GEM;IGFBP5;JUN;PTGES;VEGFA
Dapsone,0.7760092165898617,2.029930652924193,3.4675436392230172,10,,True,42.92,False,BEX3;CCL20;CD9;CXCL1;CXCL8;IGFBP2;IGFBP4;PTGES;SPP1;TNFRSF1A
CS-2092524,0.775926267281106,2.065692158656372,3.308672491582495,8,,False,,,AREG;CD55;CXCL12;CXCL8;IL32;JUN;PLAT;SERPINE2
MW-SHH-98,0.7752811059907834,1.5605645829807422,6.022816820141029,10,,False,,,BMP2;BMP6;CD9;CXCL2;GDF15;IL6;MMP10;MMP12;MMP2;VEGFA
PFI-1,0.7751889400921659,2.494993203105515,2.173168967062602,9,,False,,,CCL2;CXCL8;FAS;GDF15;ICAM3;IGF1;IGFBP3;PTGER2;PTGES
AX-15836,0.7751428571428571,2.094241663436631,3.1547377122670235,9,,False,,,CCL20;CCL4;CCL5;CD9;CTSB;CXCL1;FGF1;IL6;PLAUR
Olmesartan-Medoxomil,0.7751152073732719,1.8090149600729075,4.311307189662419,9,,False,,,CCL20;CD55;GDF15;IGF1;IGFBP2;IL32;PTGES;SPP1;TNFRSF1A
Aliskiren,0.7749677419354839,2.023319288803791,3.4387595698447937,10,,False,,,AREG;CD55;CXCL12;CXCL2;EREG;ETS2;IGF1;MMP2;SERPINE2;TIMP2
Amiloride,0.7749677419354838,3.3433199713328996,1.1265956234993733,12,,False,,,BEX3;BMP2;CCL5;CD55;GDF15;GEM;IGF1;IGFBP6;MMP2;MMP9;SEMA3F;VEGFA
Ro-19-4605,0.7748940092165899,1.8445911730862687,3.8880810032295208,9,,False,,,C3;CCL5;CXCL10;GDF15;ICAM1;IL6;MMP9;PLAT;SEMA3F
Cinchonidine,0.7746175115207372,3.5279361061178607,0.972299226392803,11,,False,,,AREG;C3;CCL4;CXCL10;EREG;GEM;MMP1;MMP3;PLAT;PLAU;PLAUR
Decafluorobutane,0.7744239631336405,2.9284244449060033,1.60467370787837,10,,False,,,AREG;CCL20;CCL5;CD9;CXCL3;GEM;IL1B;PLAT;SERPINE2;TNF
Tolmetin,0.7743041474654377,4.983642312186518,0.1286535763602765,13,,False,,,AXL;CCL2;CCL5;CD55;CXCL1;CXCL2;CXCL8;DKK1;GDF15;MMP1;SERPINE2;TNFRSF11B;VEGFA
Betamethasone-Acetate,0.774294930875576,3.770890745449282,0.7485532093229212,11,,False,,,CCL2;CD55;CXCL8;GDF15;GEM;IGFBP3;JUN;MMP12;PLAU;SERPINE2;VEGFA
CGS-12066B,0.7740645161290322,5.052391943014975,0.1024966559694469,13,,False,,,ANGPT1;BMP2;CCL5;CXCL2;CXCL3;CXCL8;FGF1;GMFG;MMP1;NAP1L4;SELPLG;SERPINE1;SERPINE2
Pomalidomide,0.774,1.805831034798135,4.291489827808076,9,,False,,,BMP2;CD55;CXCL2;CXCL8;IGFBP6;IL32;MMP9;SERPINB4;TNFRSF1A
Flurofamide,0.7737603686635943,1.8158498364071407,4.1549791039239885,9,,False,,,AREG;CD55;CSF2RB;CXCL8;GDF15;IL6;MMP12;MMP3;SERPINE2
Guanadrel,0.7737327188940091,1.2807116672658516,12.456501875151226,7,,False,,,AREG;CD55;CXCL8;GDF15;IGFBP5;MMP1;SPP1
Trehalose,0.7736958525345623,2.743760557899121,1.7002674452012043,10,,True,32.0,False,AREG;C3;CCL20;CD9;CXCL8;DKK1;GDF15;LCP1;MMP12;PLAUR
Ramifenazone,0.7735115207373271,2.317056259454155,2.632277525523376,9,,False,,,BMP2;CCL20;CXCL12;CXCL3;IGFBP5;IGFBP6;IL6;PLAT;SERPINE2
Cosmosiin,0.7732903225806451,2.8902141055127326,1.6496046715941188,10,,False,,,CCL20;CD9;CXCL2;CXCL8;GEM;IL6ST;IQGAP2;MMP3;MMP9;SPP1
tyrphostin-B44,0.7731612903225806,1.564985430896756,5.705204422674366,7,,False,,,CCL20;CD9;CTSB;ICAM1;IGFBP4;IGFBP5;IL6
Pirinixic-Acid,0.7730875576036865,2.6571657268757924,1.9473768492230463,10,,False,,,BEX3;BMP2;CCL20;CD55;CXCL8;DKK1;IL32;PGF;SERPINB4;VEGFA
Cefotiam,0.7725253456221197,1.5563218265963985,5.794833374764938,8,,False,,,AXL;BMP6;CCL20;CD9;CXCL3;FGF2;MMP3;PTGES
Novobiocin,0.7723870967741935,2.5828984821194996,1.978322321083233,9,,False,,,AREG;CXCL1;CXCL12;CXCL2;CXCL3;CXCL8;IGFBP5;MMP1;SPP1
YL-52,0.7721658986175115,4.242030922722541,0.4640952457571321,12,,False,,,CCL13;CD55;CXCL1;GDF15;IGFBP2;IL32;MMP10;MMP13;MMP9;PLAT;PLAU;VEGFA
Azlocillin,0.7721474654377879,3.4148951500880935,0.9741914234971818,11,,False,,,C3;CCL20;CD55;DKK1;GEM;IGF1;IGFBP5;IL6;MMP14;MMP2;SERPINE2
SA-1459187,0.7717880184331797,1.8516255550696468,3.7094783248007888,9,,False,,,C3;CCL5;CXCL1;CXCL3;CXCL8;GDF15;IGFBP4;SERPINE2;VEGFA
NU-7026,0.7717603686635944,1.3137888622670495,9.151441492300112,7,,False,,,CD9;CTSB;CXCL8;GEM;MMP12;PLAUR;SERPINE2
Sulfapyridine,0.7712811059907834,1.545031209150668,5.945568253776282,8,,False,,,AREG;CCL20;CTSB;DKK1;IGFBP1;SERPINE1;SPP1;VEGFA
PD-128907,0.7711889400921659,4.8852372342707815,0.0785230173957443,14,,False,,,AREG;CCL20;CSF2RB;CXCL1;CXCL2;CXCL3;DKK1;IL1B;MMP1;MMP10;MMP9;PGF;SERPINE2;TNFRSF11B
MD-040,0.7711889400921658,3.2722420621300783,1.173098989134995,11,,False,,,AREG;CCL20;CD9;CTNNB1;CXCL1;EREG;GDF15;IGFBP5;MMP14;PLAT;SERPINB4
CX-4945,0.7709861751152074,1.213381421895218,15.894733635750288,8,,False,,,ANGPT1;C3;CCL2;CD9;HGF;IGFBP6;IL6ST;SERPINE2
Phenylbutyrate,0.7709308755760369,2.3710329952651743,2.382562547332999,9,,False,,,CCL20;CTSB;CXCL3;GDF15;ICAM1;IL32;MMP12;PTGES;VEGFA
Raclopride,0.7705990783410138,1.22477770159829,14.789806899296384,10,,False,,,CD9;CXCL1;CXCL2;CXCL3;CXCL8;IQGAP2;MMP12;MMP9;RPS6KA5;SPP1
Mesulergine,0.770516129032258,1.9574342481460163,3.3764632998868107,8,,False,,,ANGPT1;CXCL1;CXCL2;CXCL3;CXCL8;FGF1;IGFBP6;MMP12
Sulfamonomethoxine,0.7699539170506913,2.7298755813128643,1.632164014510695,10,,False,,,CCL13;CCL2;CCL20;CD9;ETS2;GDF15;IGFBP2;MMP12;MMP9;SPP1
Elesclomol,0.7699170506912443,3.3276727389205285,1.0284670116953691,11,,False,,,AREG;CCL20;CD9;CXCL10;CXCL2;CXCL3;EREG;IGFBP5;IGFBP6;MMP12;SPP1
Etizolam,0.7698617511520738,1.270250717525162,12.055787560415462,8,,False,,,AXL;CD55;CD9;CTSB;IGFBP6;IL32;MMP3;TNFRSF1A
SA-243193,0.7698064516129032,4.51063597293807,0.1828617287659291,12,,False,,,BMP2;CCL5;CXCL1;CXCL8;IGFBP2;IGFBP4;IL32;MMP10;MMP3;PLAU;PTGES;SERPINB4
EMF-sumo1-5,0.7697327188940092,4.755413649068134,0.103041572180388,13,,False,,,BEX3;CD55;CXCL1;CXCL12;CXCL2;CXCL8;HGF;IL32;IL6;MMP10;PLAT;PLAU;PLAUR
TAK-715,0.7691520737327189,1.1026124909675932,50.5320762392036,7,,False,,,BMP6;CCL20;CD55;CXCL8;GDF15;IGFBP2;TNFRSF11B
Ginsenoside-Rd,0.7691336405529954,3.5147514233732458,0.8848323326733658,11,,False,,,ANG;CCL2;CCL4;CCL5;CCL8;CSF2RB;CXCL10;CXCL8;MMP1;MMP12;TIMP2
Melperone,0.7690138248847926,2.1893371299959643,2.6402752359817883,9,,False,,,C3;CCL8;CXCL10;IL18;IL1B;IL32;PLAUR;VEGFA;VEGFC
Sibutramine,0.7687834101382488,3.0339229371497836,1.2981196724645443,11,,False,,,CD9;DKK1;FGF1;ICAM3;IGFBP6;IL1A;IL1B;MMP1;PLAU;SERPINE1;TIMP2
SB-203186,0.7687004608294931,2.1153385655146044,2.7614625949106,9,,False,,,AREG;CXCL1;CXCL8;DKK1;EREG;GDF15;MMP3;PTGES;VEGFA
Neostigmine,0.7686820276497695,1.569739446632626,5.256030499473017,8,,False,,,CCL5;CXCL8;IGFBP5;IL1B;IQGAP2;MIF;MMP1;MMP12
TUL-XXI039,0.7686267281105991,1.1593129701368394,14.664970305416002,6,,False,,,AREG;CCL4;CD9;CXCL10;EREG;GDF15
2-Phenylmelatonin,0.7686175115207373,1.7975664947319374,4.1178651624750255,8,,False,,,AREG;CXCL1;CXCL2;CXCL8;IGF1;IGFBP2;IL32;MMP2
Acetaldehyde,0.7685714285714285,3.1068772132476425,1.2097395327034737,10,,False,,,CXCL10;CXCL12;CXCL8;DKK1;EREG;GEM;IL1B;PLAT;PLAU;VEGFC
Topiroxostat,0.768405529953917,2.0233434463468196,3.1490231270810027,10,,False,,,AXL;BMP2;CCL4;CCL8;CXCL10;IGFBP6;MMP1;MMP10;PLAT;VEGFA
Nimesulide,0.7682764976958525,1.4789532655527884,5.958322938223966,9,,False,,,CD55;CD9;CXCL8;GEM;IGFBP1;IGFBP2;IGFBP4;IGFBP5;PLAUR
KUC104240N,0.7680645161290321,2.5464794135279223,1.8993835980509204,9,,False,,,AREG;CCL20;CXCL1;CXCL2;CXCL8;IGFBP2;MMP1;MMP9;SERPINE2
Flutrimazole,0.7680276497695853,1.331288518332624,7.6252808270137535,8,,False,,,CTSB;EGF;IGFBP2;IQGAP2;MMP1;MMP9;PLAT;TNFRSF11B
SA-424589,0.7676589861751151,2.029930652924193,3.1111929043486652,10,,False,,,AREG;CD55;CSF2RB;CXCL12;CXCL8;EREG;GDF15;IGFBP4;IGFBP5;PLAT
Tyrphostin,0.7670783410138249,1.586400079946912,4.746626597672515,8,,False,,,CXCL1;CXCL12;GDF15;IGFBP2;IGFBP5;PGF;PLAT;PTGES
SA-1455938,0.7668018433179724,2.31488266073258,2.444991670219468,9,,False,,,C3;CD55;ETS2;FAS;GDF15;ICAM1;IGFBP1;IGFBP5;PLAT
LIVF001-021,0.7665437788018433,2.0231925135849345,3.075596184751459,10,,False,,,AXL;CCL2;CCL20;CD9;CXCL1;CXCL12;CXCL8;GDF15;IGFBP4;PTGES
R-428,0.7664516129032257,3.0267384869199683,1.2768585369736891,10,,False,,,AREG;CXCL2;CXCL8;GEM;IGFBP3;MMP1;PLAT;PLAUR;RPS6KA5;SERPINE1
KU-C104495,0.7663870967741935,3.3517964009206045,0.9136410902605951,11,,False,,,BMP2;CCL20;CXCL1;CXCL3;GDF15;GEM;IGFBP5;PGF;PTGER2;TNFRSF1A;VEGFA
CEP-32496,0.7659723502304148,3.543337784968596,0.7780607649543159,11,,False,,,AREG;CCL20;CXCL1;CXCL2;CXCL3;CXCL8;DKK1;IGFBP1;MMP1;MMP9;SPP1
Glafenine,0.7658801843317973,2.3020959045827025,2.446075224850999,11,,False,,,CCL4;CD55;CD9;DKK1;EGF;IL18;IL1B;MMP9;SPP1;TNFRSF11B;VEGFA
Aminohippuric-Acid,0.7658801843317972,2.399610672545501,2.1140668792603905,10,,False,,,CCL2;CTSB;CXCL12;GEM;IL32;IL6;MMP12;MMP9;SERPINB4;VEGFA
Baclofen,0.7658617511520738,1.7932756695712229,4.031054406591246,8,,False,,,ACVR1B;AREG;CCL20;CXCL8;GDF15;IGFBP2;SERPINE2;TNFRSF11B
Fexofenadine,0.7654746543778801,1.603268925239455,4.481018096407656,8,,False,,,CCL20;CD55;CD9;CXCL1;CXCL2;CXCL3;GDF15;IL6
Acetohexamide,0.7654009216589861,3.6886393276992577,0.6523440699253256,12,,False,,,BEX3;C3;CD55;CXCL1;CXCL2;CXCL8;IGF1;IGFBP5;MMP12;MMP3;MMP9;VEGFA
Nicaraven,0.7652903225806451,2.1562488693183397,2.5737474512577645,9,,False,,,CD9;CXCL2;CXCL3;DKK1;IGFBP6;MMP12;PGF;PLAU;SPP1
IWP-2,0.7652350230414746,1.9957997245347177,3.081000751925186,10,,False,,,BMP2;CD55;CST4;FGF1;GEM;MMP1;PLAT;PLAUR;TIMP2;VEGFA
ORE-1001,0.7650322580645161,2.086032787879529,2.765472458999501,9,,False,,,C3;CCL20;CXCL1;CXCL2;CXCL3;ETS2;IGFBP5;IL18;MMP10
Triflusal,0.7645990783410138,3.560957131410362,0.7321531860071717,11,,False,,,AREG;CCL2;CSF2RB;CXCL10;DKK1;IGFBP1;MMP10;MMP12;MMP2;TIMP2;VEGFA
Gelsemine,0.7645714285714286,1.841606753460641,3.4172827333545848,9,,False,,,BMP2;CCL20;CCL4;CCL5;CD9;CSF2RB;CXCL8;GDF15;MMP12
SB-205607,0.7645345622119815,4.039965392219307,0.3754844567020736,12,,False,,,AREG;CXCL12;CXCL8;EGFR;EREG;ETS2;IGFBP4;IGFBP6;IL6ST;MMP9;SERPINE2;TNFRSF11B
IAA-94,0.7645253456221199,2.695650023734046,1.5950881545005573,10,,False,,,CXCL1;CXCL2;CXCL3;CXCL8;GEM;IGFBP2;IGFBP5;LCP1;PGF;SPP1
Domperidone,0.7641566820276497,2.319211006901728,2.339577574470721,9,,False,,,ANGPT1;BMP2;CCL20;CCL5;CXCL10;MMP1;MMP13;MMP9;PGF
DCPIB,0.7641290322580645,1.5794219185086575,4.673232220836969,8,,False,,,CCL2;CCL20;CD55;CD9;CXCL8;IGFBP3;SPP1;TNFRSF11B
Cefuroxime,0.7637603686635944,1.322184096441407,7.313540078908026,7,,False,,,AREG;BEX3;BMP6;CCL20;CD55;GDF15;PLAT
WZ-4002,0.7632258064516129,2.3845301995256514,2.097312078699574,10,,False,,,AREG;AXL;C3;CXCL8;IGF1;JUN;MMP9;PLAU;RPS6KA5;SPP1
Bromfenac,0.7632073732718894,2.350458873745941,2.2186669069439273,9,,False,,,C3;CCL20;CXCL10;CXCL8;GDF15;GEM;MMP9;SERPINE2;TNFRSF11B
Tetrahydrouridine,0.7632073732718893,1.599766531072622,4.33732825689184,8,,False,,,AREG;BMP2;BMP6;CXCL12;CXCL8;DKK1;IGFBP5;TNFRSF11B
SD-6-035-A12,0.7631889400921659,2.187498625482161,2.4686729933432607,9,,False,,,AXL;CCL20;CXCL8;DKK1;GDF15;IGFBP2;IGFBP5;IL18;SERPINE2
BYK-204165,0.7628663594470045,2.378839060556748,2.1093874928419267,9,,False,,,AREG;BMP2;CCL20;CXCL1;DKK1;HGF;IGFBP6;PLAU;SERPINB4
Gallopamil,0.762774193548387,2.989380701641336,1.2482932598566228,12,,False,,,BEX3;CD55;CD9;CXCL10;IGFBP4;IGFBP5;IL18;MMP9;PLAT;SERPINE2;SPP1;TIMP2
Triacsin-C,0.7624423963133641,1.1395666766007375,11.71603482830863,6,,False,,,AREG;C3;CCL4;CD9;ICAM3;IGF1
RS-100329,0.7624147465437787,1.5723362848917002,4.699883739356513,8,,False,,,CD9;CXCL1;CXCL8;GDF15;IL1B;MMP1;MMP12;MMP3
Azasetron,0.7623778801843317,2.1511142841771105,2.480976615885594,9,,False,,,BMP2;CCL20;CCL4;CD9;ICAM1;IL1B;IL6;MMP12;MMP3
TCS-2002,0.7618617511520738,1.562252197996597,4.77423627064304,8,,False,,,CCL5;CD55;DKK1;EGFR;IGFBP1;IL1A;SERPINE1;SERPINE2
MW-STK33-97,0.7617419354838709,2.1202719746994885,2.5473276496901427,9,,False,,,C3;CXCL8;GDF15;IGFBP5;JUN;MMP1;MMP12;MMP9;VEGFA
KUC103424N,0.76163133640553,3.279437126637905,0.9269383693506992,11,,False,,,ACVR1B;AREG;C3;CCL2;CTNNB1;CXCL1;CXCL8;GDF15;MMP13;PLAT;SERPINE2
Rucinol,0.7611981566820276,1.4341546098538924,5.866278192512212,9,,False,,,BEX3;CXCL10;CXCL2;CXCL3;EREG;IGFBP3;MMP2;SPP1;TNFRSF11B
Hydrastine,0.7607926267281107,1.63019340734399,4.0842316121271605,10,,False,,,CD55;CD9;CTNNB1;CXCL2;ETS2;GDF15;IGFBP2;LCP1;MMP12;VEGFA
BAS-09104376,0.760552995391705,2.7997263914291963,1.3501292304068684,10,,False,,,CSF2RB;CXCL10;IGFBP2;IGFBP5;LCP1;MMP1;MMP10;MMP13;MMP3;MMP9
IOWH-032,0.7602764976958525,2.125165373029043,2.478728934041311,9,,False,,,AREG;CCL4;CD55;GEM;IGFBP5;IL18;MMP12;SPP1;VEGFA
Mesoridazine,0.7602027649769585,1.1214864884855518,12.035686701224446,7,,False,,,AREG;AXL;CTNNB1;CTSB;CXCL8;EREG;MMP3
Shahrm,0.760110599078341,1.255170244505312,9.048524582928392,8,,False,,,CCL20;CXCL1;CXCL10;CXCL8;IL18;IL32;IL6ST;MMP12
Fraxidin,0.7598341013824884,2.9676983958567895,1.2004636024988395,10,,False,,,C3;CCL20;CD9;CXCL10;CXCL8;DKK1;IGFBP2;IL1A;MMP10;MMP13
SIB-1757,0.759142857142857,1.8113288934649376,3.464104864411357,8,,False,,,CTSB;CXCL1;CXCL8;IGFBP5;IL6;IL6ST;MMP3;PLAU
DFCI-LW12,0.7589677419354838,3.871618672033642,0.3580783959663343,11,,False,,,AREG;CCL20;CD55;CD9;CXCL8;GEM;IGFBP2;IGFBP5;PLAUR;VEGFA;VEGFC
SA-434027,0.7588479262672811,2.108413420324264,2.5211715111881903,9,,False,,,CXCL1;CXCL3;CXCL8;DKK1;IGFBP2;IL32;LCP1;MMP12;PGF
RDR-01440SC,0.758774193548387,1.7810761465115457,3.7518646920371057,8,,False,,,C3;CCL20;EGF;GDF15;IL32;MMP12;MMP9;SERPINE2
SA-89763,0.7586175115207372,1.459033270396468,5.346334977548364,9,,False,,,CCL20;CD55;CST4;HGF;ICAM1;IGFBP6;IL15;LCP1;MMP12
Etacrynic-Acid,0.7586082949308754,1.3224459199116183,6.549290548497384,7,,False,,,CCL5;CXCL12;GDF15;MMP1;PLAT;PLAU;PTGER2
Ramipril,0.7585806451612903,1.330841154085976,6.352175456802966,7,,False,,,AREG;CD55;CXCL8;DKK1;GDF15;MMP1;PLAT
RS-504393,0.7583870967741936,4.400471646886086,0.006525599961064,12,,False,,,C3;CCL2;CCL20;CSF2RB;CXCL10;CXCL8;DKK1;EREG;GDF15;IL18;IL6;MMP9
Rasagiline,0.7581566820276497,3.660428939438638,0.5459322859572955,11,,False,,,AREG;CCL2;CCL8;CXCL12;CXCL8;DKK1;HGF;IGF1;IGFBP4;MMP1;SPP1
Ginkgolide-A,0.757815668202765,2.934777384078257,1.17983514679765,10,,False,,,C3;CCL20;CD9;CTNNB1;CXCL1;CXCL8;IGFBP1;IGFBP3;MMP3;PTGES
Dithiothreitol,0.7576405529953917,3.705581320509017,0.4548308430645569,11,,False,,,CCL20;CD55;CD9;CXCL12;EDN1;GDF15;HGF;IGFBP5;IL6;MMP3;TNFRSF11B
Lithium-Chloride,0.75763133640553,1.1395666766007375,9.725877991867565,6,,False,,,ANG;BEX3;CCL5;CXCL12;DKK1;IGFBP2
SYK-inhibitor,0.7572165898617511,2.6596646643613924,1.4893133625059354,10,,False,,,CXCL12;GEM;IGFBP5;IGFBP6;PLAT;PTGES;SERPINB4;SERPINE1;SERPINE2;VEGFC
SA-424170,0.7570138248847926,1.846633477509855,3.0717061352910635,9,,False,,,CCL20;CCL4;CSF2RB;GEM;HGF;IGFBP1;IQGAP2;PLAT;SERPINB4
Clonidine,0.7570138248847925,1.3520451172727177,5.90764924601765,7,,False,,,AXL;CCL5;GDF15;IGFBP2;MMP12;MMP9;PLAU
Monocrotaline,0.7569861751152074,1.1195570654002334,10.6154049070365,7,,False,,,CTNNB1;CXCL8;GDF15;IGFBP5;MMP1;MMP12;MMP9
Brefeldin-A,0.7568847926267281,4.021020402493569,0.2098115086554199,12,,False,,,AXL;BEX3;CCL2;CD9;DKK1;GEM;HMGB1;IGFBP2;IGFBP4;IGFBP6;TNFRSF1A;TNFRSF1B
Efaroxan,0.7564884792626727,2.0324946900826326,2.665711289205887,8,,False,,,BEX3;BMP2;CCL2;CSF2RB;IGFBP2;MMP10;MMP9;SEMA3F
Copanlisib,0.756331797235023,2.9060316129363533,1.2230485615689972,10,,False,,,BEX3;CXCL8;ESM1;GDF15;GEM;JUN;MMP12;MMP9;PLAU;PLAUR
Bemegride,0.756221198156682,2.084893617560147,2.525363094204453,9,,False,,,CCL20;CD55;CXCL1;CXCL2;CXCL3;GDF15;IL32;MMP1;SPP1
Etafenone,0.7558894009216588,3.359166455617799,0.6657657817262546,12,,False,,,BMP6;CSF1;CXCL1;CXCL10;CXCL8;EDN1;ETS2;IGFBP3;MMP12;PLAT;PTGES;SERPINE2
VU-0447126-2,0.7556774193548387,2.681586228678834,1.411009168220672,10,,False,,,BEX3;CD55;CD9;CST4;IGFBP2;IGFBP5;IL32;PLAT;SERPINE2;TNFRSF11B
AH-6809,0.75563133640553,3.758483210004799,0.3404625535192644,12,,False,,,AREG;BMP6;CCL2;DKK1;IGFBP2;IGFBP6;IL32;IL6ST;IQGAP2;MMP1;MMP12;MMP3
2-Cyanopyrimidine,0.7556129032258064,2.3946126757473385,1.8350054943767988,10,,False,,,C3;CCL2;CCL20;CD9;CTSB;CXCL2;GDF15;MMP9;SERPINE2;SPP1
Merbarone,0.7552442396313364,3.3918568594375795,0.6250743878525093,12,,False,,,CD9;CXCL2;CXCL3;CXCL8;IGFBP2;IGFBP4;IL6;MMP1;MMP10;MMP3;PIGF;SPP1
Sorbinil,0.7550414746543779,1.3521143226622307,5.673041511837137,8,,False,,,ANGPT1;CCL20;CCL8;CXCL10;CXCL2;CXCL3;IL6;SPP1
Minaprine,0.7544884792626728,1.270250717525162,7.579814107421845,8,,False,,,BMP2;BMP6;CD55;CST4;DKK1;IGFBP2;MMP3;PGF
Alverine,0.75436866359447,1.8177933173472272,3.180803928374249,8,,False,,,CCL2;CXCL10;DKK1;IGFBP2;IGFBP5;IL6ST;PLAT;SERPINE2
PF-04136309,0.7541751152073732,2.3031554626294075,2.092040459361717,9,,False,,,AREG;C3;CD9;CXCL12;CXCL2;DKK1;ETS2;GDF15;MMP3
Bendroflumethiazide,0.7540460829493087,2.458641801360645,1.667106238828794,10,,False,,,CXCL1;CXCL2;CXCL3;CXCL8;DKK1;IL1B;IL6;MMP12;SERPINE2;VEGFC
Phenylalanyltyrosine,0.7539907834101383,2.372511333308717,1.8720714149546644,10,,False,,,CD9;CST4;CXCL1;CXCL12;CXCL8;GDF15;IGFBP4;MMP12;PAPPA;SERPINB4
PJ-34,0.75384331797235,3.594803141397768,0.4761740897463353,11,,False,,,ANG;C3;CXCL12;CXCL2;CXCL8;FGF1;IGFBP2;IGFBP5;IGFBP6;PLAUR;PTGES
AZD-5363,0.7538064516129032,1.5034159992811538,4.549124523028075,9,,False,,,C3;CCL20;CXCL2;CXCL8;IGFBP5;IL32;IL6;LCP1;MMP12
Closantel,0.7534009216589862,2.2715884064999416,2.0866806756260963,11,,False,,,AREG;CSF2RB;CXCL10;CXCL12;CXCL2;EREG;ETS2;IL1A;IL1B;IL32;PLAT
2-NAPHTHYLAMINE,0.7532350230414746,4.270311642664545,0.006511049760114,12,,False,,,CD9;CXCL1;CXCL10;DKK1;IGFBP6;IL1A;IL1B;LCP1;MMP9;PLAU;PLAUR;VEGFC
Molindone,0.7531889400921659,1.4325098195808617,5.1927905356232165,9,,False,,,AREG;DKK1;EREG;GDF15;IGFBP2;IGFBP5;MMP12;PLAT;SPP1
Cefdinir,0.7530875576036866,1.603268925239455,3.741521327297617,8,,False,,,ANG;CCL20;CD55;CXCL12;CXCL8;IL1B;IL32;TNFRSF11B
MD-920,0.7530414746543779,1.2955113869187622,6.5219004380017065,8,,False,,,ANGPT1;C3;CCL5;CD9;CTNNB1;IL32;MMP1;TNFRSF1B
Westcort,0.7530046082949309,3.756676286927254,0.2665848190311052,11,,False,,,CCL2;CCL8;ESM1;IGFBP4;IL32;IL6ST;MMP12;MMP3;MMP9;PGF;PLAUR
Pravastatin-Lactone,0.7529953917050691,3.72630633639113,0.3151217410747886,11,,False,,,ANGPTL4;C3;CCL20;CCL4;CXCL3;ESM1;GDF15;IQGAP2;LCP1;MMP1;SPP1
IBMX,0.752958525345622,3.288102176231793,0.737876550715472,12,,False,,,BEX3;C3;CCL20;CD9;CXCL1;CXCL8;GEM;IGFBP2;IL6;MMP9;SPP1;VEGFA
Timolol,0.7528018433179723,2.681586228678834,1.3231137435116402,10,,False,,,AREG;C3;CD55;CD9;GDF15;IL18;MMP3;PLAU;TNFRSF11B;VEGFC
Ergocryptine,0.7526451612903226,1.299342989645867,6.334453947157292,7,,False,,,AREG;CSF2RB;GDF15;ICAM1;MMP9;PLAT;PLAU
Bromebric-Acid,0.7524792626728111,3.970483894102388,0.153643067211323,12,,False,,,AREG;AXL;CXCL10;EGFR;HMGB1;IL1A;IL1B;MMP12;PLAT;PLAU;PTGES;VEGFA
SA-102676,0.7522857142857142,3.3053459148794526,0.6795102475665947,11,,False,,,C3;CCL20;CTSB;CXCL8;IGFBP1;IL15;IL6ST;PLAT;PLAUR;VEGFA;VEGFC
TER-14687,0.7522857142857142,1.7171849286413083,3.5777267777987327,11,,False,,,ANG;C3;CCL8;CXCL10;EREG;ETS2;ICAM1;IGFBP5;IQGAP2;MMP12;MMP9
Andarine,0.7519815668202765,1.7618517979995818,3.550172611955282,9,,False,,,AREG;CD55;CSF2RB;CST4;DKK1;GEM;IGFBP2;IGFBP5;SERPINE2
SA-1462246,0.7513548387096773,2.4358223140027824,1.6365784388341795,10,,False,,,CXCL12;CXCL8;DKK1;IGFBP6;IL1A;IL32;IL6;MMP2;MMP3;TNFRSF11B
Thiamylal,0.7513179723502303,1.312633699951113,6.030966233850225,12,,False,,,ANGPT1;ANGPTL4;AREG;CD9;EREG;ETS2;FGF7;GDF15;IGFBP5;MMP1;PTGES;VEGFA
SA-1459854,0.7509124423963134,2.4594035530306733,1.5850021083289998,9,,False,,,BMP2;CCL13;CD55;CXCL1;CXCL12;CXCL8;ICAM1;SERPINE1;SERPINE2
Xaliproden,0.7509032258064515,1.5563218265963985,4.124394947379958,8,,False,,,AREG;CD9;CTSB;DKK1;EGF;EREG;IL6ST;MMP9
Dofetilide,0.7508571428571429,2.4139045687746132,1.6609573414314922,12,,True,4.73,False,AREG;CXCL10;CXCL2;CXCL8;EDN1;ETS2;GMFG;HGF;JUN;MMP1;PLAT;SELPLG
CMAP-CRCGN-CB7992112,0.7506912442396314,2.246855650492989,2.03802749379283,11,,False,,,BMP6;CCL4;CD55;CD9;EREG;GDF15;IGFBP2;JUN;MMP12;PLAUR;PTGER2
KIN001-055,0.750589861751152,1.4682855382433675,4.581909862905466,9,,False,,,AREG;CXCL1;CXCL12;CXCL3;CXCL8;DKK1;MMP10;PLAT;PLAU
Clioquinol,0.7505806451612903,2.0229655203692767,2.5214340628151524,10,,False,,,ANG;AREG;BMP2;CSF2RB;CXCL2;CXCL3;CXCL8;IGFBP2;IGFBP4;IGFBP5
Masitinib,0.750442396313364,1.805514503913899,3.152197696519556,8,,False,,,AXL;BEX3;C3;CD55;CXCL10;CXCL2;IGFBP6;IL18
KISS1R M617,0.750331797235023,1.5758926570278529,3.900049975083515,8,,False,,,CD55;GDF15;IGFBP2;JUN;MMP1;MMP12;PGF;PLAU
Cephalexin,0.7499907834101383,2.082449058775687,2.3566759686726018,9,,False,,,BMP2;CCL20;CCL4;CCL5;CXCL8;EDN1;IL32;PGF;PTGER2
L-690330,0.7498801843317973,1.079001578468609,10.956486199179713,9,,False,,,CCL20;CSF2RB;GDF15;IL32;JUN;MMP1;MMP3;PGF;SERPINB4
Thiorphan,0.7498801843317972,1.341670834164393,5.307224368417694,8,,False,,,CD55;CSF2RB;CXCL8;GDF15;IL32;LCP1;SERPINB4;SPP1
Empagliflozin,0.7492995391705068,2.3809751382698896,1.6960167716640089,9,,False,,,AXL;CD55;CXCL2;EREG;IGFBP4;IL18;MMP9;PTGES;SERPINE2
Zolantidine,0.7491244239631336,2.9033142822258236,1.0422956653619488,10,,False,,,AXL;C3;CD55;CXCL1;CXCL10;CXCL8;ETS2;ICAM1;IGFBP6;TNFRSF1A
NAN-190,0.7489769585253455,1.9685773127089456,2.5359088799803913,8,,False,,,GDF15;HGF;IGFBP4;PGF;PLAU;PTGES;SERPINB4;VEGFA
TC-2559,0.748700460829493,1.2903607287583674,6.193884244639208,8,,False,,,AREG;AXL;CD9;CXCL8;GDF15;ICAM1;IL6ST;PLAT
Alrestatin,0.7484516129032257,1.8177933173472272,2.92893440529395,8,,False,,,C3;CCL4;CCL5;CD9;MMP1;MMP3;PLAU;SERPINE2
Tetroquinone,0.7482396313364055,1.815657239634085,2.9585494290711223,8,,False,,,AREG;BMP2;CD55;CTSB;IL18;IL32;MMP12;VEGFA
Pifithrin-Alpha,0.748147465437788,0.9848542681537203,17.594799148734097,8,,False,,,C3;CD9;CXCL10;CXCR2;GMFG;IL15;IL18;SERPINB4
BMS-536924,0.7480921658986175,2.5692459259240144,1.354541781466147,9,,False,,,CCL2;CXCL8;DKK1;ETS2;GEM;IL6ST;LCP1;PLAUR;SERPINE1
SB-431542,0.7480184331797234,1.5397992995673682,4.120089277407807,7,,False,,,AREG;CD9;CXCL2;IGFBP2;IGFBP3;IGFBP5;PLAU
SD-6-035-B4,0.7476129032258063,1.3209668577192522,5.496783705202008,8,,False,,,ANGPT1;ANGPTL4;CTSB;CXCL12;GDF15;IGFBP5;IL32;MMP9
Abiraterone,0.7475944700460828,2.340707418490324,1.7918503705698687,9,,False,,,ANG;CSF1;CXCL10;DKK1;IGFBP2;IL15;LCP1;PLAT;SERPINE2
Adatanserin,0.7469585253456221,3.3291992068111744,0.533747027564487,11,,False,,,AXL;C3;CD55;CD9;CXCL10;CXCL2;CXCL3;DKK1;IL32;PLAT;VEGFC
Batimastat,0.7469400921658986,1.131609673481882,7.6209378299414,7,,False,,,AREG;CD55;CXCL8;DKK1;GEM;MMP12;PLAUR
DAC-3,0.7463502304147465,0.9094855963610649,34.072335346433285,6,,False,,,ANG;CCL4;CCL5;ETS2;GDF15;IGFBP3
MDL-73005EF,0.7463410138248847,1.98916448839263,2.434041913009209,10,,False,,,AREG;CXCL1;CXCL2;CXCL3;CXCL8;DKK1;FGF1;IGFBP4;MMP12;PLAT
Minodronic-Acid,0.7462857142857142,1.2004756190306995,7.0953123375233895,11,,False,,,CCL5;CTSB;CXCL2;CXCL3;CXCL8;FGF2;GDF15;MMP1;MMP12;MMP9;SPP1
Michlers-Ketone,0.7461382488479262,3.769730332318682,0.0748728850846656,11,,False,,,CCL8;CD9;CXCL1;ICAM3;IGFBP3;IL15;IL6ST;MMP10;MMP12;MMP3;SERPINB4
UTMB-00042,0.7461198156682027,1.7461283178277884,3.2608143997994725,9,,False,,,AREG;CXCL1;CXCL8;EREG;GEM;IGFBP1;MMP12;MMP9;VEGFA
Tromaril,0.7461013824884792,3.1428757099054434,0.6552520274807188,10,,False,,,BMP2;C3;CXCL2;CXCL3;DKK1;EGFR;ESM1;PGF;PTGER2;SPP1
Verapamil,0.7459907834101382,1.0697485682739674,10.23366013639097,6,,True,18.65,False,AREG;ICAM1;IL32;PLAUR;SERPINE1;VEGFA
KIN-001-220,0.7457880184331797,1.0494028385113476,11.356672578263533,6,,False,,,CCL2;CCL8;CD55;EREG;IGF1;MMP14
Maleic-Hydrazide,0.7456866359447004,1.791102070849648,3.1164751649769564,8,,False,,,FGF1;GDF15;GEM;IGFBP5;MMP12;SERPINE1;SPP1;VEGFA
Torasemide,0.7456036866359447,1.0498525632063092,11.003474142258336,6,,False,,,CCL5;CD55;DKK1;GDF15;IGFBP2;PTGES
SB-200646,0.7454838709677419,1.2881857150818004,5.966152579277037,7,,False,,,CXCL8;DKK1;EREG;GDF15;IL6;PLAUR;PTGES
Perillyl-Alcohol,0.7452165898617511,1.3098106557566584,5.497785192825239,7,,False,,,AREG;CD55;FAS;GMFG;ICAM3;IL15;IL32
SA-419090,0.7451981566820276,1.2232557584943975,6.832821507997746,11,,False,,,BMP2;C3;CCL20;CD9;CXCL8;GDF15;GEM;IGFBP6;IL18;IL32;TNFRSF1A
SANT-1,0.7450322580645161,2.743726343949932,1.0222211264260954,10,,False,,,ANGPT1;CD55;CXCL10;DKK1;FAS;IGFBP1;IGFBP2;IL32;MMP12;VEGFA
WH-4-025,0.7450322580645161,1.154195903670277,7.042977502135894,10,,False,,,AXL;CXCL2;DKK1;EDN1;FAS;IL6;JUN;SERPINE1;TNFRSF11B;VEGFC
Oxymetazoline,0.7447188940092165,1.4643246043958318,4.238723359243404,9,,False,,,BMP2;CD9;CSF2RB;CXCL1;IGFBP1;IGFBP2;IL32;MMP9;VEGFA
PF-03049423,0.744442396313364,1.0540880187309634,10.305535962771982,6,,False,,,CXCL2;CXCL3;IGFBP6;IL1A;PLAT;SERPINB4
Trimipramine,0.7444239631336405,2.49067575971643,1.3642692893946786,9,,False,,,CCL20;CXCL1;CXCL2;CXCL3;CXCL8;EREG;IGFBP2;MMP12;MMP9
NSI-189,0.7441198156682027,1.0344773777166123,11.500799639020563,9,,False,,,CCL4;CCL5;CD55;CXCL10;EREG;IL32;MMP10;RPS6KA5;SPP1
Cotinine,0.7440645161290322,3.508286999490956,0.3338256303411175,11,,False,,,AREG;CCL13;CCL4;CXCL1;CXCL3;DKK1;IGFBP3;IGFBP4;IL1B;PTGER2;SERPINE2
Berberine,0.7438986175115208,2.113240319051851,2.04692189247869,9,,True,19.32,True,C3;CCL8;CD55;CXCL10;CXCL2;MMP1;MMP2;SERPINE2;SPP1
O-2050,0.7438801843317973,2.135672795948102,1.964360935163588,9,,False,,,ANGPT1;AXL;BMP2;DKK1;EGF;IGFBP2;IGFBP5;IL6ST;PLAU
Kaempferol,0.7436682027649769,3.755204512744055,0.0437024239254828,11,senomorphic,True,5.63,False,CXCL3;CXCL8;GDF15;IL15;MMP1;MMP12;MMP14;PLAU;SEMA3F;VEGFA;VEGFC
Dienestrol,0.7435760368663593,1.0494028385113476,10.27080623894691,6,,False,,,AREG;CD9;CXCL2;CXCL3;IGFBP2;VEGFA
Tryptophan,0.7433548387096773,1.1245780178342446,7.2108474869114945,7,,True,14.0,False,CCL4;CCL5;CCL8;CD9;MMP12;MMP9;PTGES
MK-801,0.7433271889400921,3.0783123109517385,0.6706661702605785,10,,False,,,C3;CXCL1;DKK1;IGF1;IL18;LCP1;MMP1;MMP12;MMP3;MMP9
Pinitol,0.7425622119815667,1.112980867483271,7.430105704659049,6,,True,12.5,False,BEX3;CCL20;IL32;MMP1;MMP2;SPP1
Acetazolamide,0.7422764976958525,1.1060905220227506,7.62954883488532,6,,False,,,CCL13;CCL4;CXCL1;ETS2;GEM;VEGFA
OBAA,0.742110599078341,1.1060905220227506,7.61337617467877,6,,False,,,BEX3;CCL13;CST4;CXCL3;IGFBP2;PLAT
Cirazoline,0.7418433179723501,1.3262964407728322,4.9063955091180205,8,,False,,,CCL20;CXCL12;GDF15;IGF1;IL32;PGF;SERPINB4;VEGFA
ANR-94,0.7417142857142857,3.5124504853846465,0.2527919069727827,11,,False,,,ANG;C3;CCL20;CXCL1;CXCL2;CXCL3;CXCL8;GDF15;MMP12;PLAUR;SPP1
Naltrindole-Hcl,0.7415576036866359,3.756676286927254,0.0013087452367436,11,,False,,,CCL20;CXCL12;CXCL2;CXCL8;EREG;IGFBP4;IL1B;MMP12;RPS6KA5;SERPINB4;VEGFA
Brompheniramine,0.7415299539170507,2.459657096475542,1.3341066371552417,10,,False,,,ANGPT1;AXL;CXCL1;CXCL8;DKK1;EREG;GEM;IGFBP3;PLAUR;TIMP2
Candesartan,0.7413364055299538,1.8135024921865128,2.693934021806187,8,,False,,,AREG;C3;CCL4;CD9;CST4;CXCL2;GDF15;VEGFA
SA-1938867,0.7411520737327189,2.919018112741029,0.8493110663520049,10,,False,,,AXL;CCL20;CCL5;CTNNB1;CXCL1;CXCL8;GMFG;IGFBP6;MMP12;SERPINE2
I-BRD9,0.7409400921658986,2.4680670943116225,1.301133021701343,9,,False,,,CCL20;CXCL1;CXCL2;CXCL3;CXCL8;IGFBP3;IGFBP6;IL32;RPS6KA5
Enobosarm,0.7406728110599078,2.6468073375771684,1.132145825373054,11,,False,,,BMP2;C3;CCL20;CD55;CXCL8;ICAM1;IGFBP2;IGFBP3;IL32;LCP1;SERPINE1
YL-62,0.740331797235023,2.7089805915260223,0.968255856646693,10,,False,,,AREG;C3;CTSB;CXCL12;IGFBP5;MMP1;PLAT;PLAU;VEGFA;VEGFC
Clofibric-Acid,0.740294930875576,2.4885581525871565,1.2734747116370904,9,,False,,,AREG;BEX3;CD9;CXCL8;DKK1;IL1B;MMP12;MMP9;SPP1
Rabeprazole,0.7397603686635944,3.0698892360042525,0.6157585455631899,11,,False,,,AXL;BEX3;CCL5;CD55;GDF15;IGFBP6;IL18;IL32;MMP12;SPP1;VEGFA
HTS-12264SC,0.7396497695852535,1.6272630903452712,3.1027709276522137,10,,False,,,ANGPT1;ANGPTL4;BMP2;CCL5;CD9;IGFBP5;IGFBP6;IL32;MMP12;MMP9
MF-101,0.7394930875576037,1.9958661811324925,2.210367524837623,10,,False,,,CCL13;CXCL1;CXCL2;CXCL3;CXCL8;IL1B;IL6ST;PTGES;SEMA3F;SPP1
KO-143,0.7389677419354838,2.260729373061079,1.6745672527063382,12,,False,,,BMP2;CCL2;CCL4;CCL5;CCL8;CD9;CXCL8;GEM;ICAM3;IGF1;JUN;MMP10
Dichlorophen,0.7386543778801843,1.1229099409921046,6.672813219114018,10,,False,,,CCL13;CD9;CTSB;CXCL12;GEM;IGFBP5;IQGAP2;MMP2;SPP1;VEGFA
Robustic-Acid,0.7385253456221198,2.043768501838496,2.0910086865696376,8,,False,,,CCL2;CCL20;CXCL1;CXCL8;GDF15;IGF1;IGFBP5;IL6
Fluocinolone,0.7382857142857143,3.671403902743092,0.0336382916803263,12,,False,,,AXL;BEX3;CD9;CSF2RB;CTSB;HMGB1;IGFBP6;IL1B;IL6ST;MMP1;MMP12;MMP9
Procaterol,0.738184331797235,1.185073940179964,6.128500008670244,11,,False,,,CD55;CD9;EGFR;ETS2;IL32;JUN;MMP10;MMP12;MMP3;PLAU;SELPLG
Nevirapine,0.737815668202765,1.0344773777166123,9.16370929380205,9,,False,,,BMP6;CXCL2;CXCL8;EREG;IL15;IL1A;MMP1;SERPINE2;SPP1
Cyclopentanone-Oxime,0.7373271889400922,1.310705341322332,4.782723215838927,8,,False,,,CXCL10;CXCL12;EGF;ETS2;GMFG;SERPINE1;SERPINE2;VEGFC
PTB1,0.7373087557603686,0.8894006361601303,18.01746955824029,6,,False,,,C3;CCL20;CD9;ICAM3;PLAT;VEGFA
Ro-16-6941,0.7372442396313363,2.1336011112029794,1.7881734224123873,9,,False,,,AREG;C3;CD55;CXCL3;IGFBP2;IGFBP4;PLAT;SPP1;TNFRSF1B
PD-169316,0.7371705069124423,1.0713521086235258,7.952032998990915,9,,False,,,CCL20;CCL4;CD55;CSF2RB;CXCL8;MMP10;MMP12;MMP9;VEGFA
Dioxane,0.7368940092165898,1.3362462466593352,4.378742334945809,8,,False,,,CD55;DKK1;GDF15;IGFBP5;IL6ST;MMP3;SERPINE1;TNFRSF11B
Tadalafil,0.7359447004608295,1.08587281779899,7.343452155196693,7,,False,,,C3;CCL4;CXCL8;DKK1;IL1B;MMP1;MMP12
Benzonatate,0.735778801843318,3.3675641856427383,0.1763991345618834,12,,False,,,AREG;BMP2;CD9;CSF2RB;CXCL10;ICAM1;IGFBP2;IGFBP5;IGFBP6;IL15;LCP1;MMP12
Levetiracetam,0.7357419354838709,1.0284254275877998,8.838466581761764,6,,False,,,CXCL8;IGFBP5;IGFBP6;IQGAP2;JUN;MMP12
Sulbutiamine,0.7356774193548387,1.8245529717397075,2.459496725793363,9,,False,,,AREG;CCL5;CD9;IGFBP2;IGFBP6;IL1A;JUN;MMP3;VEGFA
ONO-4817,0.7356129032258064,1.8075309944423197,2.58380809198785,9,,False,,,CSF2RB;FAS;IGFBP4;IGFBP5;IL1B;MMP12;PTGES;RPS6KA5;SERPINE2
Acarbose,0.7355760368663594,1.0391908301228818,8.522938232179383,9,,True,22.0,True,BMP6;CCL4;CXCL1;CXCL2;CXCL3;IL15;IL18;MMP10;MMP9
QX-222,0.7352718894009216,1.3224459199116183,4.482254333032023,7,,False,,,AREG;CCL5;CXCL1;CXCL2;CXCL8;IL32;PLAU
Propylthiouracil,0.7352350230414747,3.298314259231815,0.3314820609614462,11,,False,,,CCL4;CCL5;CCL8;CXCL1;CXCL10;CXCL2;CXCL3;CXCL8;GDF15;IL1B;PLAUR
L-Bso,0.7348847926267281,1.131609673481882,6.09619633248041,7,,False,,,CXCL1;GEM;IGFBP2;IGFBP5;MMP9;PTGES;SERPINB4
Adrenosterone,0.7347834101382489,1.8194560484195117,2.4553216160575286,9,,False,,,AREG;DKK1;EREG;GEM;IGFBP2;IGFBP5;MMP9;TIMP2;VEGFA
Moxonidine,0.7347557603686636,1.0977196509600682,6.924111029652659,7,,False,,,ANGPTL4;CD55;CXCL8;DKK1;IGFBP4;MMP9;SPP1
BU-224,0.7342119815668202,1.1329940278872077,6.010119905676056,10,,False,,,AREG;BEX3;CD55;CD9;CTSB;CXCL8;GDF15;HGF;PLAUR;TNFRSF1A
Gossypin,0.734036866359447,1.088331792842809,7.006636379530677,7,,False,,,C3;CD55;IGFBP2;IL18;IL32;IL6ST;VEGFA
1-NITRONAPHTHALENE,0.7331889400921658,0.9094855963610649,11.38515795266837,6,,False,,,AXL;IL32;IL6ST;PLAU;SERPINE2;VEGFA
LGX-818,0.7330506912442396,2.6907833433181865,0.8670779068077015,10,,False,,,ACVR1B;AXL;CCL20;EDN1;IGFBP5;IL1A;IL1B;PTGES;SERPINE1;TNFRSF11B
Methylstat,0.732589861751152,2.0014452412051646,1.983862837485885,8,,False,,,AREG;C3;CD9;CXCL8;DKK1;IGFBP2;IGFBP4;MMP1
Marbofloxacin,0.732479262672811,1.0608698035299464,7.437648325353657,6,,False,,,CXCL2;ETS2;IGFBP6;IL32;IL6;VEGFA
Amisulpride,0.7323410138248847,0.7934752889861946,71.40879222093348,7,,False,,,BMP2;CD55;CD9;GEM;LCP1;PLAT;VEGFA
ML-204,0.732258064516129,3.3700143411119035,0.0853564312074461,12,,False,,,BEX3;CTSB;CXCL1;CXCL10;CXCL3;CXCL8;IGFBP2;MMP10;MMP12;MMP3;PLAU;SERPINB4
Noscapine,0.7321935483870967,0.8852779474003292,13.753999692010414,6,,False,,,CCL4;CD55;ETS2;IGFBP2;IGFBP4;SERPINB4
Niridazole,0.7321751152073732,1.3224459199116183,4.277924745317593,7,,False,,,AREG;CD9;CTSB;DKK1;HGF;MMP10;MMP12
Gliclazide,0.7320184331797235,1.5728402257803873,3.1050243147978867,8,,False,,,AREG;BMP2;BMP6;CXCL12;DKK1;IGFBP5;IL6ST;SPP1
SA-90471,0.7317880184331798,1.2076072619338345,5.424662987620123,11,,False,,,AREG;C3;CCL5;CD55;CSF2RB;CXCL12;GDF15;HGF;IL6;SERPINB4;SERPINE1
Tripelennamine,0.7315115207373272,2.359040884955085,1.3158236120940807,9,,False,,,CD9;CSF2;CXCL1;CXCL3;IGF1;IGFBP4;MMP13;MMP3;PLAU
Doxapram,0.7311336405529953,1.641148066931528,2.7189522112027817,10,,False,,,AXL;BMP2;CCL20;CXCL12;IGFBP6;IL32;PLAU;PTGES;TNFRSF11B;TNFRSF1A
PCI-34051,0.7310691244239631,2.9211173868732865,0.6123679850227124,10,,False,,,AREG;BMP6;CCL20;GEM;IGFBP2;IL1A;IL1B;IL32;PLAT;SERPINE1
Oxacillin,0.7310046082949309,1.5827747941005288,2.929868741532136,10,,False,,,BEX3;C3;CCL2;CD9;IL18;IL6;IL6ST;SERPINE2;TIMP2;TNFRSF11B
KU-C103655,0.730921658986175,1.9574342481460163,2.015174788921118,8,,False,,,C3;CXCL10;DKK1;IGFBP5;MMP12;MMP9;RPS6KA5;VEGFA
L-741742,0.730847926267281,2.4808914776084072,1.0536789363279206,9,,False,,,ANGPT1;AREG;BMP2;CXCL10;IGF1;MMP10;MMP9;PLAU;SERPINE1
Benfluorex,0.7308018433179724,1.1200024937995532,5.875261165349349,9,,False,,,CCL8;CXCL10;GDF15;IL1A;IL1B;MMP2;SPP1;TIMP2;VEGFA
Ibutamoren,0.7307465437788018,1.7896581577206896,2.58646543867039,8,,False,,,ANGPT1;BEX3;C3;CXCL2;CXCL3;CXCL8;FGF1;PLAUR
SA-1462678,0.7307004608294929,0.826955487704799,17.818269985003184,7,,False,,,BEX3;CTNNB1;CXCL10;CXCL12;CXCL8;DKK1;ICAM1
Sorbic-Acid,0.7303410138248847,2.0093792771809253,1.925816899072975,10,,False,,,AXL;BMP6;CCL20;CXCL2;CXCL3;CXCL8;DKK1;IL6;SERPINE2;TNFRSF11B
Acetamide,0.7301751152073732,1.0360560176496714,7.571123258168342,6,,False,,,CTSB;CXCL10;GDF15;IGFBP5;PLAT;PTGER2
DFCI-LW9,0.7300092165898617,2.5826211162782258,0.9168808083455082,9,,False,,,CCL20;CD9;CXCL3;CXCL8;EREG;IGFBP1;IGFBP3;IGFBP5;VEGFA
Hymecromone,0.7300092165898617,2.3794332762054555,1.2476763796456192,10,,False,,,AREG;BEX3;BMP2;C3;CD55;CXCL2;ETS2;IGFBP6;IL6;TNFRSF1A
Bupivacaine,0.7298801843317972,3.051066070558417,0.4049588015261673,10,,False,,,C3;CCL20;CD55;CD9;CXCL1;CXCL2;CXCL8;IGF1;IL6;MMP2
Benfotiamine,0.7298064516129033,3.407116000338405,0.0098624856280546,12,,False,,,CCL2;CCL5;CD9;DKK1;GDF15;GEM;IGFBP4;IL32;IL7;MMP1;PTGES;VEGFA
Avasimibe,0.7296958525345623,1.4352783952818196,3.6543462626246423,9,,False,,,ANGPT1;CCL20;CD9;CTSB;CXCL8;IGFBP2;MMP12;SERPINE2;SPP1
Ganciclovir,0.7295207373271889,1.7667034157987058,2.6197185034985875,8,,False,,,AREG;C3;CXCL2;DKK1;IGFBP1;IGFBP2;IQGAP2;SPP1
KIN001-242,0.7294193548387096,0.8440038178914703,15.005757719833635,7,,False,,,CCL20;CD55;CXCL8;GDF15;IL18;IL32;SERPINE2
Doxazosin,0.7287834101382488,1.185073940179964,5.242767759572063,11,,False,,,AREG;AXL;C3;CD55;CST4;CXCL12;CXCL2;IGFBP4;IL32;IL6;MMP2
Fenspiride,0.728405529953917,1.5794219185086575,2.8722946274330288,8,,False,,,ACVR1B;ANGPTL4;CXCL12;IGFBP2;IL6ST;MMP3;PLAU;VEGFA
CPI-360,0.72836866359447,2.9977057741696225,0.4524697345588363,11,,False,,,CD9;CST4;CTSB;IGFBP2;IL32;MMP1;MMP12;MMP13;MMP9;SERPINE2;VEGFA
T-5345967,0.7283502304147464,0.9578959965826686,8.269810629266003,6,,False,,,CD55;CXCL1;GDF15;IL32;SERPINB4;VEGFA
Nizatidine,0.728258064516129,1.0237837853000755,7.554605690591149,9,,False,,,CCL20;CSF1;CTSB;CXCL8;GDF15;GMFG;ICAM1;IL6;PLAT
SA-102787,0.7280737327188941,1.599719368533169,2.697819503356612,10,,False,,,CCL4;CCL5;CD9;CTSB;CXCL8;IGFBP2;IGFBP5;IL6ST;MMP12;SERPINE2
Miglustat,0.7280368663594469,1.934260580090588,1.9860498938122784,8,,False,,,CXCL2;CXCL3;CXCL8;IGFBP6;MMP1;MMP12;MMP3;SPP1
SA-1473405,0.727852534562212,0.9335441627476948,8.507042888723626,8,,False,,,AREG;CSF1;DKK1;FGF1;IGFBP4;IGFBP6;SERPINE2;SPP1
Siguazodan,0.7278248847926267,1.0208264285760986,7.5353897372179,6,,False,,,CD9;CXCL2;DKK1;GMFG;LCP1;SPP1
VU-0400071-3,0.7277419354838709,2.164874396267599,1.4627906994551625,9,,False,,,BMP6;CCL4;CCL8;CD55;CSF2RB;CXCL8;DKK1;GDF15;IL32
Fumonisin-B1,0.7273824884792626,0.7625995781217716,66.86175756274605,5,,False,,,CD55;CXCL8;GDF15;GEM;IGFBP2
PD-123319,0.7273364055299538,2.317056259454155,1.313426510219075,9,,False,,,C3;CD55;CSF2RB;GDF15;GEM;MMP9;PLAT;SPP1;VEGFA
BIX-01338,0.7272350230414746,1.2449408376714644,4.964568248981836,8,,False,,,BEX3;CCL20;ICAM1;IGFBP5;IL32;ITPKA;MMP13;PGF
Betrixaban,0.7268387096774193,2.416986233783684,1.066638439751174,10,,False,,,AREG;CD55;CXCL12;CXCL8;DKK1;EREG;GDF15;IGFBP4;PLAT;SERPINE2
Enalaprilat,0.7266912442396313,3.064652313746768,0.3280576687149485,10,,False,,,AREG;CCL20;CXCL1;CXCL12;CXCL8;MMP10;MMP12;PTGES;SERPINE2;SPP1
Pancuronium,0.7266820276497696,1.3212697167236185,3.973581689126333,8,,False,,,EREG;IGFBP6;LCP1;MMP1;PLAUR;PTGER2;TNFRSF11B;TNFRSF1B
Maackiain,0.7265990783410139,2.38602442935715,1.133383664671379,10,,False,,,AREG;AXL;BMP2;CD9;CTNNB1;ETS2;ICAM1;IL1B;MMP12;MMP3
Midodrine,0.7264700460829493,1.4577151948177625,3.385224197113217,9,,False,,,CTSB;EGF;IL18;IL6ST;PLAU;PTGES;SERPINE2;SPP1;VEGFC
Flumazenil,0.7260092165898617,1.3100242749872686,4.084857742429331,7,,False,,,CCL20;CXCL12;ESM1;IGF1;IGFBP5;PTGES;SPP1
Clonixin-Lysinate,0.7258986175115207,1.7799447962855814,2.477033999523621,8,,False,,,CCL2;CCL4;CCL5;CD9;CXCL2;CXCL8;SPP1;TNF
RG-4733,0.7257695852534561,2.5408548477185753,0.872317111869218,9,,False,,,CXCL1;CXCL8;FGF1;IL1A;IL6;PGF;PLAT;PLAU;SERPINE1
UNC-0646,0.7257235023041474,2.944294888261363,0.4324217554197123,10,,False,,,C3;CCL20;CD55;CD9;CTNNB1;CXCL8;DKK1;GDF15;GEM;PLAT
Betulinic-Acid,0.7256221198156683,0.8066930291679516,14.87342941543671,7,,False,,,CD9;CSF2RB;CXCL8;GDF15;GEM;IGFBP5;TNFRSF11B
Benzthiazide,0.7256221198156682,0.798470828197453,16.943970492795202,7,,False,,,CD55;CXCL1;CXCL2;CXCL8;GDF15;MMP10;SPP1
Amiprilose,0.7255668202764977,2.655965764951657,0.7808823366018529,11,,False,,,AREG;BMP2;CD55;CXCL2;DKK1;GDF15;GEM;IGFBP5;MMP13;SERPINB4;SPP1
Etofenamate,0.7254746543778802,1.2904846628695483,4.247502311664406,8,,False,,,ACVR1B;AREG;CXCL8;DKK1;IGFBP2;IL32;SERPINE2;SPP1
Safinamide,0.7253179723502304,2.6736740825770857,0.7317716111770967,11,,False,,,C3;CD9;CTSB;CXCL12;DKK1;GEM;IGFBP6;IL15;IL18;SERPINB4;SPP1
Dyclonine,0.7252534562211981,3.104824254128,0.1960056934997768,10,,False,,,CCL2;CD9;CXCL1;CXCL12;CXCL2;CXCL8;IGFBP4;IGFBP5;PLAU;SPP1
5-NITROACENAPHTHENE,0.7248755760368664,2.467024600680262,0.942993696134547,9,,False,,,CCL20;CXCL10;CXCL8;GMFG;IGFBP5;PLAT;SERPINE1;SERPINE2;SPP1
Phenylbutazone,0.7246267281105989,2.1371574833391325,1.4204598434605793,9,,False,,,AXL;CCL20;CCL4;CSF2RB;CXCL10;CXCL2;IL32;MMP9;PTGES
Cicloprofen,0.724589861751152,2.678002499574992,0.7056579855043591,10,,False,,,ANGPT1;AREG;BEX3;CCL20;CD55;CXCL2;CXCL3;CXCL8;DKK1;MMP1
Clodronic-Acid,0.724221198156682,1.2202122822991814,4.748416455017058,12,,False,,,BMP2;CCL4;CCL5;CD9;CXCL10;DKK1;EREG;HGF;IL32;PTGER2;TIMP2;VEGFA
Ciprofloxacin,0.7241658986175115,0.8896441798841835,9.513941168737302,6,,False,,,CTSB;CXCL1;CXCL2;IL32;MMP9;PLAU
Toluene-Diisocyanate,0.7238709677419355,3.0762380386845374,0.2333383047040731,10,,False,,,AXL;BEX3;CCL20;CXCL12;FGF2;IGFBP2;MMP9;SERPINE2;TNFRSF11B;VEGFA
DPCPX,0.7238156682027649,1.506868719390544,3.0190143306970096,9,,False,,,AREG;CXCL2;CXCL3;CXCL8;EGF;FGF1;GMFG;IL15;SPP1
Indapamide,0.7236866359447004,1.7683744520923046,2.435036126979042,9,,False,,,BMP2;CXCL12;CXCL8;IGFBP4;IL6;IL6ST;PLAT;SERPINE2;TNFRSF11B
DL-TBOA,0.7234838709677419,0.686117507354082,82.63625642016787,6,,False,,,CD55;CD9;GDF15;IL15;MMP10;VEGFA
LY-215490,0.7230599078341013,1.831448158729601,2.025580629386855,9,,False,,,CD9;CXCL1;CXCL2;CXCL3;CXCL8;IGFBP5;MMP1;MMP12;SPP1
GR-32191,0.7230506912442396,1.3245635072384727,3.736304368985485,7,,False,,,CCL5;CD9;CSF2RB;IGFBP2;IQGAP2;LCP1;MMP9
EHPG-piperazine,0.7230230414746543,2.36891540793832,1.1067420876116056,9,,False,,,AREG;CXCL12;DKK1;EREG;IGFBP6;IL32;MMP9;TNFRSF11B;VEGFA
Azapropazone,0.7228202764976958,2.6886718622957915,0.6455821711319175,10,,False,,,AREG;BMP2;CXCL3;GDF15;IGFBP6;IL18;IL32;MMP10;MMP12;MMP2
GP-42,0.7225622119815668,1.5467023895485623,2.915212640325434,7,,False,,,AREG;CCL20;CTNNB1;EREG;IGFBP3;IL1A;IL1B
Methyllycaconitine,0.7225069124423963,1.0880062897669474,5.707492767980721,7,,False,,,C3;CXCL1;CXCL8;MMP13;MMP9;PLAT;SPP1
Cefsulodin,0.7216405529953916,2.5582720181888665,0.7723158940387707,9,,False,,,C3;CCL20;CCL8;CXCL8;EREG;IGF1;MMP10;MMP12;PTGES
VU-0415011,0.7215483870967742,1.3370338496423808,3.567979557461286,8,,False,,,CD55;CTSB;DKK1;IGFBP2;IGFBP6;IL32;PLAT;SERPINE2
Sulfafurazole,0.7215115207373272,2.042049786984171,1.6136871989558057,8,,False,,,CTSB;IGFBP2;IGFBP6;MMP1;MMP12;MMP3;SPP1;TNFRSF11B
NNC-63-0532,0.7212718894009217,2.972202263579161,0.3109256298834229,11,,False,,,AREG;AXL;C3;CXCL2;CXCL8;DKK1;EREG;ICAM1;IGFBP6;IL32;SERPINE2
EXO-1,0.7212718894009216,1.11269993160082,5.153784103786517,6,,False,,,AREG;CCL5;CXCL10;EREG;MMP10;VEGFA
Phenothiazine,0.7210506912442396,0.8051560670429452,12.15461524073069,7,,False,,,CD55;CXCL8;ETS2;GDF15;IGFBP4;IGFBP6;JUN
ZM-447439,0.7209493087557604,1.477561163782729,2.994073422486209,7,,False,,,AXL;C3;CCL5;CXCL1;CXCL12;SERPINE2;TNFRSF11B
Esatenolol,0.7204239631336404,1.7853716007636986,2.2946762712547364,9,,False,,,AREG;CD9;CXCL8;ETS2;GDF15;HGF;ICAM1;SERPINB4;TIMP2
Efaproxiral,0.7203317972350229,0.791819550488908,13.173908494462534,7,,False,,,CXCL2;CXCL3;CXCL8;GDF15;GEM;IGFBP4;PTGES
BG-1021,0.7202396313364055,1.1265352268384878,4.782236311261287,7,,False,,,CCL20;CSF2RB;EDN1;EREG;GDF15;IL6ST;TNFRSF11B
Melantonin-Ii,0.7200921658986175,1.074049488928969,5.688456310029437,7,,False,,,BMP6;CSF2RB;CTSB;CXCL10;EGFR;IGFBP3;VEGFC
Crotamiton,0.7199723502304147,1.805514503913899,2.1224531149522563,8,,False,,,AREG;CCL8;CXCL10;IL1A;IL6;MMP9;PLAU;VEGFA
NMDA,0.719926267281106,2.1517251895382232,1.288078816724458,11,,False,,,AREG;CXCL8;EDN1;IGFBP4;IL1A;IL6ST;MMP10;PLAT;SERPINE1;TNFRSF11B;VEGFA
Enrofloxacin,0.7198617511520737,1.0986585909317577,5.312946898808865,6,,False,,,AXL;BEX3;BMP6;CD55;ICAM3;SERPINE2
BH3I-1,0.7196497695852534,2.16317401450868,1.2779027432720362,9,,False,,,CCL4;CXCL1;CXCL2;IGFBP4;IL32;MMP12;SERPINB4;SERPINE2;TNFRSF11B
Meclocycline,0.7196405529953916,2.919018112741029,0.3620439676815185,10,,False,,,AREG;C3;CXCL10;ICAM1;IL18;IL32;LCP1;MMP12;PLAU;SERPINE2
Diflunisal,0.7193917050691243,1.5586684688927548,2.689836063947057,8,,False,,,C3;CD55;CXCL2;GDF15;IGF1;IGFBP6;IL18;SPP1
SA-244237,0.7192995391705069,1.0252978283538616,6.307220009311734,6,,False,,,ACVR1B;CD9;HGF;ICAM1;IL32;VEGFA
KU-C103874,0.7192718894009216,1.4257716802416034,3.2449807796567756,9,,False,,,CCL13;CCL2;CCL20;CD55;CD9;CXCL8;ETS2;GDF15;IL15
Pyrantel-Pamoate,0.7192626728110598,1.275208445851873,4.1340272043320665,8,,False,,,CCL2;CCL8;CD55;IGF1;IGFBP2;LCP1;SERPINB4;SPP1
Enprofylline,0.7191889400921658,1.2465183596536615,4.3403945691356745,11,,False,,,AXL;CD55;CD9;HGF;IL18;IL32;MMP1;MMP10;MMP13;PLAU;TIMP2
Valeric-Acid,0.7190599078341013,3.17845936392829,2.7755575615628914e-17,10,,False,,,CCL20;CD9;CTSB;CXCL1;CXCL12;CXCL8;IGFBP2;MMP12;MMP3;TNFRSF11B
Choline-Alfoscerate,0.7185069124423963,1.4577151948177625,3.046657371987693,9,,False,,,AREG;CSF2RB;ETS2;GDF15;IL1A;MMP1;MMP10;SERPINE1;VEGFA
SA-432998,0.718110599078341,0.8829922236725615,8.53783788050618,6,,False,,,AREG;CTSB;ETS2;MMP12;VEGFA;VEGFC
RITA,0.7178801843317972,2.6916624967799625,0.5340296746328089,10,,False,,,C3;CCL20;CD55;CXCL1;CXCL3;CXCL8;IGFBP5;IL6ST;MMP10;SERPINB4
YM-09151-2,0.7178248847926266,1.790539956553443,2.173894474571792,9,,False,,,BMP2;CCL4;CCL5;CD9;EDN1;EREG;GEM;IL32;VEGFA
PA-824,0.7178064516129031,1.900133185221331,1.721336089190222,12,,False,,,BMP2;CCL20;CD9;CTSB;CXCL1;CXCL2;CXCL3;CXCL8;DKK1;GEM;HGF;PLAUR
Cetraxate,0.7174101382488478,2.681586228678834,0.5490561430404813,10,,False,,,AREG;BEX3;CCL4;CXCL10;CXCL12;IGFBP4;IL18;IL6ST;PLAT;PLAU
UNC-0321,0.7173824884792626,0.7311185651472634,15.814446969065548,6,,False,,,AREG;CXCL12;GDF15;IGFBP2;IGFBP6;PLAT
BG-STK33-55,0.7173548387096774,0.9052319313210686,7.42418167374926,6,,False,,,AREG;BEX3;BMP2;CSF1;EDN1;ICAM3
KISS1R GALANIN,0.7173087557603686,2.114413936385063,1.2954384057965456,9,,False,,,ANGPT1;CCL2;CCL8;CXCL10;ETS2;MMP14;MMP9;SPP1;VEGFC
AS-604850,0.7172258064516128,1.369303623741657,3.2426212176673954,7,,False,,,C3;CD55;CXCL8;GDF15;IGFBP1;LCP1;PLAT
Retigabine,0.7170599078341013,1.3203098421984765,3.552715110872743,7,,False,,,C3;CCL20;CD55;GDF15;IGFBP2;LCP1;SPP1
GMX-1778,0.7169861751152073,0.675903600743402,24.043133502933006,6,,False,,,GDF15;GEM;MMP1;MMP3;PGF;PLAT
Vinyl-Toluene,0.7169769585253456,2.347115830977893,1.0218980998878964,9,,False,,,CCL20;CXCL1;CXCL2;CXCL3;CXCL8;MMP12;MMP3;PLAU;SERPINE1
Tomelukast,0.7168663594470046,1.998362037720273,1.567909052799862,8,,False,,,AREG;CTSB;CXCL12;CXCL3;DKK1;EREG;IGFBP4;PLAUR
Bulleyaconitine-A,0.7167926267281105,1.8403742979147797,1.8042549662027445,8,,False,,,CXCL2;CXCL3;CXCL8;DKK1;GDF15;ICAM1;IL15;TNFRSF11B
Canrenone,0.7165714285714285,1.5586684688927548,2.61548168479647,8,,False,,,BMP2;CD9;GDF15;GEM;IGFBP5;IGFBP6;MMP12;VEGFA
Mestanolone,0.716552995391705,1.8322120556501171,1.8251106132454569,8,,False,,,CCL2;CD9;ETS2;GDF15;IGF1;IGFBP2;IGFBP3;IL7
Gentamycin-Sulfate,0.716516129032258,1.3057132637625402,3.633737250009781,8,,False,,,C3;CXCL10;CXCL8;ESM1;IGFBP5;IL6;PLAT;SPP1
Choline,0.7165069124423963,0.9104253083130168,7.0502849157944985,8,,False,,,AREG;C3;CXCL2;GEM;IGFBP6;MMP10;PLAT;TNFRSF1A
Pritelivir,0.7163317972350229,1.121021645698092,4.601118555871799,7,,False,,,ANG;CXCL2;CXCL3;CXCL8;IL1A;MMP12;VEGFA
Armodafinil,0.7162119815668202,1.4089900168167449,3.164799236632394,9,,False,,,CD55;GDF15;GEM;IGFBP2;LCP1;MMP1;PLAT;RPS6KA5;SPP1
Dpn,0.716184331797235,1.5030559521301852,2.730788105285035,7,,False,,,AREG;CTNNB1;CTSB;IGFBP4;IL7;SERPINE2;VEGFC
SA-424294,0.7154654377880184,1.9787791895527236,1.5523019380983545,8,,False,,,CCL5;CCL8;CXCL10;ICAM1;IL32;IL6;SERPINE1;TNF
Pronetalol,0.7154193548387098,1.9554023699596337,1.6010268582697011,8,,False,,,BMP6;CCL2;CCL20;GDF15;IGFBP5;MMP9;TIMP2;VEGFA
SD-6-035-B3,0.7148755760368664,1.9321647594924904,1.6387753804683742,8,,False,,,C3;CD55;CXCL1;ETS2;GDF15;MMP3;PLAT;PLAU
Trichlormethiazide,0.7147465437788019,1.1157737118319884,4.568007557732765,10,,False,,,CCL2;CCL20;CD55;CXCL12;GDF15;IGFBP2;IGFBP3;IGFBP5;IL32;MMP1
Linopirdine,0.7144884792626728,2.667022126365464,0.5244167265670107,11,,False,,,AXL;BEX3;CCL4;CCL5;CCL8;CSF2RB;CXCL10;CXCL12;IGF1;MMP10;PLAU
SA-1456859,0.714331797235023,0.6729861705430711,19.60602130564225,5,,False,,,C3;CCL4;DKK1;IL32;VEGFA
ATPA,0.7143225806451613,2.7127593988579357,0.369053755650123,10,,False,,,AREG;C3;CXCL10;DKK1;GDF15;GEM;IL32;MMP1;MMP10;MMP3
N-formylmethionylalanine,0.7143041474654377,1.2903607287583674,3.670579804447371,8,,False,,,BMP6;CD9;CTSB;CXCL3;GEM;IL1B;MMP12;PLAT
SA-1920453,0.7133456221198157,2.8767010094642993,0.2497155997627838,10,,False,,,ANGPT1;CXCL8;DKK1;ICAM1;IGFBP4;IGFBP5;MMP2;MMP9;SERPINB4;SERPINE2
YL-58,0.7131889400921658,1.3371391515522613,3.194348136024006,7,,False,,,CD9;EREG;IGFBP1;JUN;PLAT;VEGFA;VEGFC
BML-278,0.7130230414746543,1.339287612246761,3.179931233893948,7,,False,,,C3;CXCL3;GEM;IGFBP2;PLAT;SERPINB4;TNFRSF1A
Acadesine,0.7129769585253456,1.4629882925833326,2.7640975556618455,9,,False,,,BEX3;CXCL12;CXCL2;IL7;MMP12;PLAT;SERPINE2;SPP1;TNFRSF11B
BRL-15572,0.712552995391705,1.8346413671997657,1.6981618976287578,9,,False,,,C3;CD55;CD9;CXCL2;CXCL8;EREG;GDF15;IGFBP2;IGFBP4
AGN-192403,0.7124976958525344,0.6826417400826603,14.118961167186852,6,,False,,,CCL13;CCL4;IGFBP3;MMP10;MMP12;VEGFA
Biperiden,0.7123870967741935,0.6963486700719843,12.993397917130393,6,,False,,,CD9;CTSB;CXCL2;CXCL3;MMP9;VEGFA
Nalidixic-Acid,0.7122672811059907,1.8277083907823652,1.7327874149945566,9,,False,,,CCL2;CCL8;CXCL10;DKK1;IGFBP4;IL18;IL32;PLAT;PTGES
SA-1925246,0.7120276497695852,2.9169005254141744,0.1637860306490327,10,,False,,,AREG;CCL20;CD55;IGFBP5;IGFBP6;IL1B;IL6ST;PGF;PLAT;VEGFC
SA-247508,0.711889400921659,1.3265503289252618,3.225179012757058,7,,False,,,AREG;AXL;C3;CCL8;CXCL10;DKK1;GDF15
L-803087,0.7115483870967741,2.5276951479666425,0.5642073174712452,9,,False,,,BMP2;CD55;CXCL1;CXCL10;IGFBP2;IGFBP4;MMP10;MMP3;TNFRSF11B
PIK-93,0.711483870967742,1.4599995388123177,2.7303302385027237,9,,False,,,C3;CXCL2;GDF15;IL32;MMP10;MMP12;MMP3;MMP9;SPP1
Vecuronium,0.7113824884792627,0.6625567798817258,21.92816585414813,6,,False,,,ANG;CD55;CXCL3;DKK1;IGFBP1;VEGFC
Hypoestoxide,0.711364055299539,0.9938520770290528,5.735170734059217,9,,False,,,C3;CD9;CXCL10;GEM;IGFBP3;IGFBP5;IL6ST;PLAT;PLAU
SA-1473468,0.7113179723502303,1.5528460593249769,2.5022092219681396,8,,False,,,ANG;DKK1;EREG;IGFBP4;IL1A;PLAU;PLAUR;SERPINB4
Ro-3306,0.7110414746543778,2.3156420376787734,0.9468475067672032,10,,False,,,C3;CCL5;CXCL1;CXCL8;DKK1;IGFBP2;IGFBP3;IL6ST;PLAT;SERPINE2
SA-1456456,0.7107834101382488,1.549984758537353,2.490678620663646,9,,False,,,ANGPT1;AREG;CD9;CXCL8;GDF15;MMP12;MMP3;SERPINB4;VEGFA
Propyl-Gallate,0.7103041474654377,2.7192062185920647,0.2831868416313561,10,,False,,,AREG;CCL20;CD9;CSF2RB;EDN1;EREG;ESM1;IGFBP2;IGFBP4;MMP10
Clinofibrate,0.7094193548387097,0.7651929734262709,10.01530979499112,7,,False,,,AREG;CXCL2;ETS2;GMFG;IGFBP1;PLAT;PLAU
Ketanserin,0.7093364055299538,1.0775787504097736,4.717372070914311,7,,False,,,BMP2;CCL20;CXCL2;CXCL3;CXCL8;IL6ST;SPP1
HK-CB19,0.7093364055299538,1.477561163782729,2.591584326632098,7,,False,,,AREG;CD55;CSF2RB;CXCL8;DKK1;GEM;IGFBP5
Bumetanide,0.7092903225806451,0.8376300445434551,7.608396252939675,7,,False,,,AREG;AXL;EREG;GDF15;IGFBP6;VEGFA;VEGFC
Dexamethasone-Acetate,0.7092718894009216,2.263393832095568,0.9484313875874204,11,,False,,,CCL2;CXCL3;CXCL8;IGFBP3;IGFBP4;IGFBP5;MMP10;MMP12;SERPINE2;SPP1;VEGFA
L-689560,0.7090322580645161,0.920975599457572,6.0195773695485375,6,,False,,,CCL20;CXCL10;CXCL8;GDF15;IQGAP2;MMP12
AROCLOR-1016,0.708811059907834,2.317056259454155,0.9022256445920018,9,,False,,,CCL4;CCL8;CD9;CXCL1;CXCL2;CXCL3;IGFBP2;IGFBP4;MMP9
Talinolol,0.7087926267281105,1.593067048395677,2.1620718235570413,8,,False,,,ANGPTL4;CCL20;CD9;CXCL2;EREG;IL32;MMP2;SELPLG
MT-21,0.7087373271889401,2.0330674643945845,1.295105805217715,8,,False,,,BMP2;CCL4;ICAM1;IGFBP2;MMP9;PLAU;SERPINE2;VEGFA
Safrolglycol,0.7087096774193548,1.3414051995736154,2.9639633523418083,7,,False,,,CD55;CD9;CSF2RB;MMP13;MMP14;MMP9;TNF
Ethylenediaminetetraacetic-Acid,0.7086082949308755,1.410674509597903,2.8372569034700508,9,,False,,,CD55;CXCL12;IGFBP2;IGFBP4;IL15;IL18;PLAU;SERPINE2;SPP1
Hydrastinine,0.7084239631336405,1.5693378316135544,2.326779045017861,8,,False,,,CCL20;CCL4;CCL8;IGFBP2;IGFBP5;MMP9;SPP1;VEGFA
SA-423167,0.7083133640552994,2.449707290589039,0.6235427435805412,10,,False,,,CCL5;CD9;GEM;IGF1;IGFBP4;IGFBP6;JUN;MMP12;SERPINB4;SERPINE2
SA-103150,0.7081198156682027,0.813551301217303,7.835543689381889,7,,False,,,BEX3;CCL20;CXCL12;DKK1;GEM;IL6;MMP3
Ataluren,0.7078709677419355,1.5895646542288442,2.147849868407059,8,,False,,,AREG;BMP2;CCL20;CXCL2;CXCL3;CXCL8;ETS2;GDF15
Furegrelate,0.7075576036866359,1.0618059919863851,4.790195239542165,10,,False,,,C3;CCL20;CD55;CXCL8;ETS2;GDF15;IGFBP5;PLAT;RPS6KA5;SPP1
Triprolidine,0.7073732718894008,1.47212745992841,2.570769135935284,9,,False,,,CD55;CXCL8;EREG;IL6;MMP14;PLAU;SERPINB4;SERPINE2;TNFRSF11B
KU-C103672,0.7070967741935483,2.3607145495034527,0.7772465367796476,10,,False,,,AREG;BEX3;CD55;IGF1;IGFBP4;IL32;MMP10;PLAT;SELPLG;SERPINE2
Myriocin,0.7069308755760368,0.8575302472717125,7.145157219412231,7,,True,31.25,False,AREG;BMP2;CD55;ETS2;IL32;LCP1;VEGFA
Atipamezole,0.7068479262672811,1.4936920894366137,2.4728963475640233,9,,False,,,CD55;CSF2RB;CXCL10;GDF15;IL32;LCP1;MMP1;RPS6KA5;SPP1
Clopamide,0.7065069124423963,1.8076505816270405,1.6972355708562126,8,,False,,,AXL;C3;CXCL8;EREG;MMP10;MMP9;PTGES;SERPINE2
NAS-181,0.7062119815668202,1.9543705913237936,1.3675301730182503,8,,False,,,AREG;CXCL1;CXCL3;CXCL8;MMP12;PLAUR;PTBP1;VEGFC
Succinic-Anhydride,0.7060552995391705,1.3159747801594603,3.082669777680876,8,,False,,,AREG;CSF2RB;CXCL10;DKK1;IGFBP5;MMP9;PLAT;SPP1
Quinidine,0.7058248847926267,1.0355763899610195,4.958091055631575,9,,False,,,ANGPT1;AREG;CXCL2;CXCL3;DKK1;EDN1;IL18;SERPINE2;VEGFC
Acifran,0.7057880184331797,1.5794219185086575,2.154512990291672,8,,False,,,AREG;CXCL1;CXCL2;CXCL3;CXCL8;DKK1;GMFG;MMP10
S-26948,0.7055023041474654,2.1202719746994885,1.0246055585678806,9,,False,,,AREG;C3;CD55;CXCL8;GDF15;GEM;IGFBP5;PLAT;TNFRSF11B
SA-243423,0.7054193548387095,2.109683946915698,1.0537784044710776,9,,False,,,BMP2;CCL5;CD9;CXCL12;ETS2;IL15;MMP12;PLAUR;TNFRSF1B
VU-0413255-1,0.7048571428571427,2.0751985292648385,1.1550946288534578,9,,False,,,AREG;AXL;BMP2;CCL20;CD9;CSF2RB;CTSB;EREG;PLAU
ML-133,0.7047926267281106,2.761224186886774,0.0690792818769277,10,,False,,,ANGPT1;C3;CD55;CXCL1;CXCL12;CXCL2;CXCL3;CXCL8;IL32;SPP1
Tasquinimod,0.7047834101382489,1.2449408376714644,3.5899386183342843,8,,False,,,AXL;CD55;CD9;GDF15;IGFBP6;IL32;MMP1;SPP1
WY-01-034,0.7045714285714286,1.1230594595670662,3.871045235077231,7,,False,,,BMP2;CXCL1;CXCL2;CXCL3;CXCL8;GDF15;IL32
Aminoglutethimide,0.7042304147465437,0.5634915686839086,21.911175729753005,5,,False,,,ANGPT1;CXCL12;DKK1;PTGER2;TNFRSF11B
Ro-04-5595,0.7041658986175114,1.792330033643024,1.7623201095062155,9,,False,,,CCL20;CTNNB1;CXCL1;CXCL8;GDF15;IL6;MMP12;MMP3;VEGFA
Lurasidone,0.704073732718894,0.6131716584168281,18.937103202905924,11,,False,,,AREG;C3;CCL5;CD9;DKK1;GDF15;MMP12;PLAT;SERPINE1;SERPINE2;TNFRSF11B
Vitexin,0.7039447004608295,0.8670314241841701,6.558537050732508,8,,True,17.2,False,AXL;C3;CXCL8;ETS2;GDF15;IGFBP2;IL18;SERPINE2
Taurodeoxycholic-Acid,0.703852534562212,1.1389939022887858,3.719686198756084,6,,False,,,BEX3;CXCL8;IGFBP2;IL32;MMP12;MMP9
Benzydamine,0.7038156682027649,1.773416561016527,1.8298149542876692,11,,False,,,ANGPT1;AREG;C3;CXCL3;CXCL8;DKK1;EDN1;IGFBP1;IGFBP6;MMP9;SPP1
GSK-429286A,0.7037972350230415,0.9305102685139512,5.385099110449382,8,,False,,,CD9;CXCL3;DKK1;GEM;IL1B;SERPINE1;VEGFA;VEGFC
Corynanthine,0.7037603686635944,1.113040030324767,3.920140937989208,7,,False,,,AREG;CCL20;CD9;CXCL3;GEM;IL1A;SERPINE2
SA-89210,0.7036682027649769,1.212334173405924,3.592068697119193,11,,False,,,AXL;CD55;EDN1;EREG;IQGAP2;MMP10;MMP13;MMP3;PLAT;PTGER2;SPP1
Talampanel,0.7035207373271889,2.4307955899535685,0.5478545462497444,10,,False,,,CXCL2;CXCL3;EREG;ETS2;GMFG;HGF;MMP12;MMP2;MMP3;SPP1
Peucedanin,0.7034930875576036,2.3428621659378965,0.7273903715516299,9,,False,,,AREG;BMP6;CD9;CXCL12;CXCL8;IGFBP6;IL6ST;MMP9;SERPINE2
Amorolfine,0.703400921658986,1.522980182082338,2.338944214538528,7,,False,,,ANGPT1;AREG;CSF2RB;IGFBP2;IGFBP5;MMP10;VEGFA
Roxithromycin,0.7032258064516128,0.775281368886329,8.167300720745626,7,,False,,,BEX3;IGFBP4;IL6ST;IQGAP2;LCP1;SERPINB4;SPP1
Telmesteine,0.7027465437788019,1.1329940278872077,3.711347409098993,10,,False,,,AREG;CXCL1;CXCL2;CXCL3;CXCL8;DKK1;EGF;EREG;GDF15;IL6
Pinocembrin,0.7018801843317972,1.310705341322332,2.9495666651208645,8,,False,,,BEX3;C3;CCL20;CD55;CXCL1;ICAM1;IL32;SERPINB4
Monastrol,0.701705069124424,1.4325098195808617,2.5698394611883724,9,,False,,,C3;CCL2;CCL20;CCL8;CD9;CXCL8;ICAM3;PLAT;PLAUR
Epz011989,0.7015023041474654,0.675903600743402,9.880541103586316,6,,False,,,BMP2;CD9;IGFBP3;IL32;IL6ST;SERPINE2
PSH-026,0.701327188940092,1.8227163132225737,1.472425143404934,9,,False,,,CCL20;CD9;IGFBP2;IGFBP5;IGFBP6;MMP12;MMP3;RPS6KA5;SEMA3F
Nesbuvir,0.7011797235023041,2.512475316874438,0.3447004415870899,9,,False,,,AREG;BEX3;CXCL2;CXCL3;DKK1;EDN1;EREG;ICAM3;SPP1
VU-0155056,0.7008755760368663,1.959424649466384,1.231389087522349,8,,False,,,AREG;BEX3;DKK1;EREG;IL1A;MMP10;VEGFA;VEGFC
Meclofenamic-Acid,0.7007281105990782,0.9575830713327188,5.01236050963061,8,,False,,,AREG;BMP6;CXCL12;CXCL8;IGFBP5;IL6ST;MMP1;MMP3
Trandolapril,0.7007281105990782,1.9958661811324925,1.1935996870611894,10,,False,,,AREG;C3;CCL20;CTNNB1;DKK1;EREG;IGFBP5;IL6ST;PLAT;PLAU
EPZ-015666,0.7005069124423963,2.719568619309813,0.0254891877778764,10,,False,,,CCL20;CD55;CXCL1;CXCL8;IGFBP1;IGFBP4;IL1A;MMP10;PLAT;SERPINE2
GSK-2110183,0.70036866359447,1.594454605502556,1.9075826828864344,10,,False,,,ANG;CCL5;CXCL12;CXCL2;CXCL3;CXCL8;GDF15;JUN;MMP12;SPP1
HP-163,0.7002857142857142,1.8245529717397075,1.437842045195553,9,,False,,,C3;CCL20;CCL4;CCL5;CCL8;CXCL1;CXCL10;EREG;SERPINE2
Castanospermine,0.700036866359447,1.361240564267844,2.605394177552286,13,,False,,,AREG;BMP2;CCL8;CXCL10;CXCL12;DKK1;EREG;ETS2;IGFBP6;IL1A;PLAT;TIMP2;VEGFA
Goserelin,0.6995483870967741,1.043718671563874,4.4220042105811155,6,,False,,,AREG;CD55;CTNNB1;CXCL8;MMP1;PLAU
Riodipine,0.6994101382488479,2.0966208156633197,0.9483110638249987,9,,False,,,CD9;CXCL1;CXCL10;CXCL2;CXCL3;IL18;MMP10;PLAT;SERPINB4
Lonidamine,0.6992811059907834,0.8204770740409376,6.439301783041117,7,,True,8.0,False,CCL2;CCL20;CXCL1;CXCL2;CXCL3;GEM;IGFBP4
Glycitein,0.6992442396313363,2.2624211889547814,0.7483699146327167,11,,False,,,CCL2;CCL8;CSF2RB;CXCL1;CXCL10;MMP12;MMP3;MMP9;PGF;SERPINB4;SPP1
PF-543,0.6992073732718893,2.1753019356247725,0.8202642506150323,9,,False,,,AREG;AXL;CXCL12;EDN1;FAS;GDF15;IGF1;SEMA3F;SPP1
Bilobalide,0.6990691244239631,2.5036433073249835,0.2977670553387132,9,,False,,,C3;CCL13;CD55;CXCL2;DKK1;EREG;IGFBP1;IGFBP2;MMP9
SB-242235,0.6987281105990784,2.0564541037397994,1.0288043337560444,10,,False,,,AREG;CCL20;CXCL1;CXCL2;CXCL3;CXCL8;EGF;IGFBP2;MIF;SPP1
Risperidone,0.6986912442396314,0.5080412993812475,50.74259526718023,5,,False,,,AREG;BMP2;CD55;CD9;SPP1
SA-1456443,0.698405529953917,1.805831034798135,1.5130878138562966,9,,False,,,AXL;BMP6;CCL5;CD9;IGFBP2;IL15;IL18;IL32;PLAUR
Chlorendic-Acid,0.6980921658986174,1.8046931406341364,1.5263367423313197,8,,False,,,ANGPTL4;BMP6;CCL4;EGF;IGFBP1;IGFBP2;IL32;PGF
Swainsonine,0.6980276497695852,0.6250716733338271,12.902948721627418,6,,False,,,CD55;GDF15;PLAT;RPS6KA5;SERPINE1;SPP1
SA-85764,0.6979354838709677,1.5794219185086575,1.9274232495587773,8,,False,,,CXCL8;DKK1;GMFG;MMP9;SERPINB4;SERPINE2;TNFRSF11B;VEGFA
Lorglumide,0.6975944700460829,1.4257716802416034,2.4646949423533937,9,,False,,,AREG;EREG;ETS2;IGFBP6;IL18;IL1B;MMP2;SERPINE2;VEGFC
MK-5108,0.6971244239631336,0.51865159683311,24.00840545377886,5,,False,,,ANG;BEX3;MMP1;MMP10;SPP1
MW-SHH-151,0.6970967741935483,1.3287050763728343,2.6477146167321397,7,,False,,,CCL5;CTSB;CXCL10;GEM;HGF;PGF;TNFRSF1A
Carprofen,0.6970322580645161,0.798470828197453,6.560063023365321,7,,False,,,C3;CCL20;CD55;IL1B;IL32;PLAU;VEGFA
Estropipate,0.6970230414746543,1.8516255550696468,1.2730343398755368,9,,False,,,BMP2;CD9;DKK1;EDN1;IGFBP6;IL18;IL32;MMP10;SERPINB4
Losmapimod,0.696626728110599,1.459033270396468,2.3034469460172726,9,senomorphic,False,,,ANGPT1;AREG;CD9;CXCL8;IGFBP2;IL18;MMP12;PTGES;SPP1
1-Monopalmitin,0.6961658986175114,2.401008924082656,0.4013481633356064,9,,False,,,AREG;CXCL8;DKK1;ETS2;IGFBP4;IGFBP5;IL1B;MMP1;MMP10
Spironolactone,0.6960184331797235,2.2528835541859564,0.672679807786978,11,,False,,,CD9;CXCL2;CXCL8;ETS2;GDF15;HGF;MMP1;PTGER2;PTGES;SERPINE1;SPP1
Vipadenant,0.6959907834101382,2.2076262639193844,0.7086097895915816,11,,False,,,ANGPT1;AREG;BEX3;CXCL12;IGF1;IGFBP4;IGFBP6;IL15;MMP1;PLAU;VEGFA
Totaralolal,0.6957695852534562,1.8361206328747832,1.2792479214264074,8,,False,,,C3;CXCL10;CXCL2;CXCL8;IL18;IL32;IL6;PTGES
SA-89735,0.6954838709677419,0.983856077513806,4.50026293353953,9,,False,,,AREG;CD55;CXCL8;ETS2;GDF15;ICAM1;IGFBP1;IGFBP5;IL6ST
SA-1463787,0.6954654377880184,0.8304958756499432,5.945826774689378,7,,False,,,ICAM1;IGFBP2;IGFBP4;IL6;PTGES;TNFRSF11B;VEGFA
Imipramine,0.6953548387096775,0.6636799322589153,9.298313479464271,5,,False,,,CXCL8;DKK1;IGFBP2;IL15;SPP1
SA-1459975,0.6953364055299538,0.8051560670429452,6.244292616316451,7,,False,,,AREG;DKK1;ICAM1;IGFBP1;IGFBP5;IQGAP2;PLAU
VU-0424206-1,0.6950322580645161,1.112767205271918,3.5478692841694293,10,,False,,,CXCL10;CXCL12;EDN1;IGFBP5;IL1A;IL32;IQGAP2;PLAT;PLAU;SERPINE2
KU-C103869,0.6948571428571428,0.7802691671976679,6.817380751196128,5,,False,,,CD55;CXCL12;IGFBP2;IGFBP5;IL15
Meclizine,0.6947834101382488,1.2955113869187622,2.762026850191502,8,,True,8.0,True,ANGPT1;CXCL2;CXCL3;DKK1;FGF1;IGFBP2;IGFBP5;SPP1
Pentoxyverine,0.6946359447004608,0.882791226582061,5.47292729492488,6,,False,,,C3;DKK1;IGFBP4;SERPINB4;TNFRSF11B;VEGFA
Flavoxate,0.6943778801843317,0.8001639894831533,6.243983461134249,7,,False,,,AREG;BEX3;CCL5;CD55;GDF15;IGF1;IL32
Nabumetone,0.6942857142857143,2.4446805665398252,0.297798017814574,10,,False,,,AREG;CD55;CXCL10;ETS2;GEM;IGFBP6;IL18;MMP2;MMP9;SERPINB4
Hydroxychloroquine,0.693889400921659,0.5634915686839086,11.677084569436785,5,,False,,,AREG;CD55;GDF15;SERPINE2;VEGFC
Diphemanil,0.693668202764977,1.0106937693641955,4.299889705184188,9,,False,,,ANGPT1;CCL5;CD55;CXCL12;CXCL3;IGFBP6;IL32;LCP1;MMP3
CPI-613,0.6934838709677419,1.836179260330662,1.2391411811147697,11,,False,,,AXL;C3;CCL8;CD55;CXCL10;GDF15;IGF1;IGFBP1;IGFBP6;MMP1;VEGFA
Methylene-Chloride,0.693410138248848,1.7875405703938352,1.5183948829853122,8,,False,,,CD55;CXCL8;EREG;GDF15;PLAUR;RPS6KA5;SERPINE2;VEGFA
Quercetin,0.6933456221198157,0.752152762933271,6.948110532300206,5,senolytic,True,59.85,True,AREG;CXCL12;CXCL8;IGFBP5;JUN
Levomequitazine,0.6928110599078341,0.9036435235140337,4.863926468220229,8,,False,,,BMP6;C3;DKK1;IL6ST;MMP10;PLAT;SELPLG;SPP1
N-Nitrosodiethylamine,0.6928110599078341,0.5261324512896788,13.656959334283137,8,,False,,,CXCL12;GEM;IGF1;IGFBP4;IL6;PLAT;SERPINB4;SERPINE2
MW-MITF9,0.6927926267281106,0.8103184793098974,5.925222137437768,7,,False,,,BEX3;CD55;CST4;CXCL12;GDF15;IGFBP2;MMP2
Bimatoprost,0.6925806451612903,1.8176895891733595,1.2932135772530196,9,,False,,,CCL4;CCL5;DKK1;GEM;SERPINE2;SPP1;TNF;VEGFA;VEGFC
Herniarin,0.6925622119815668,1.2803260681385082,2.830784267828646,8,,False,,,CST4;CXCL3;CXCL8;DKK1;IGF1;IL6;MMP1;MMP3
ML-281,0.6925345622119816,1.6657505042510523,1.5843328077290295,8,,False,,,ANG;CCL20;CCL5;CD9;DKK1;IGFBP1;IGFBP2;TNFRSF11B
Benzohydroxamic-Acid,0.6920829493087557,1.0775787504097736,3.7123271554782695,7,,False,,,ANGPTL4;C3;DKK1;GDF15;IGFBP4;IL6ST;PLAT
Furan,0.6920829493087557,0.6625567798817258,8.59799165519093,6,,False,,,C3;CCL20;CCL4;CCL5;CCL8;GEM
Sobetirome,0.6913179723502304,1.0252978283538616,4.0626481148578675,6,,False,,,AREG;CD55;CXCL2;EREG;PTGER2;SPP1
Fatostatin,0.6913179723502304,1.029446608071602,4.003229531758775,6,,False,,,CD55;CXCL1;CXCL8;GEM;MMP1;SPP1
ACDPP,0.6910506912442396,0.826955487704799,5.5308101921391195,7,,False,,,GEM;IGFBP2;JUN;MMP1;MMP10;PLAT;VEGFA
Butirosin,0.6909216589861751,1.0823435563181854,3.627879321838227,7,,False,,,BMP2;CCL5;IGFBP5;PGF;SERPINB4;SERPINE2;TIMP2
Pyrithyldione,0.6908847926267281,1.5758926570278529,1.7586644587821252,8,,False,,,AREG;CCL20;CD55;IGF1;IGFBP2;MMP10;MMP2;PLAT
EMF-sumo1-9,0.6908018433179723,1.3098106557566584,2.588279767359087,7,,False,,,AREG;AXL;DKK1;GDF15;IL18;IL32;IL6
Lamivudine,0.690073732718894,1.0893752119658229,3.54483493082128,7,,False,,,AXL;CCL20;CCL8;CXCL10;GDF15;IL32;SPP1
Talmapimod,0.6895668202764977,1.444283309011547,2.1447530535079204,7,,False,,,ANGPTL4;CD9;IGFBP4;IGFBP6;MMP3;PTGES;VEGFC
JW-74,0.6895299539170506,1.7889767587263463,1.4123244393437575,9,,False,,,AXL;CCL5;CXCL10;DKK1;GEM;IL6;PLAT;PLAU;PTGER2
Stanozolol,0.6894285714285714,2.467024600680262,0.1257514209493706,9,,False,,,AREG;CCL2;CCL20;CXCL12;CXCL2;CXCL3;IGFBP6;PLAU;TNFRSF11B
Salicin,0.6891336405529953,0.6653155729596119,7.839317238218229,6,,False,,,CCL2;CD9;CSF1;IGFBP2;MMP3;TNFRSF11B
Nomifensine,0.6889216589861751,1.300503464478554,2.5529308928893935,8,,False,,,CXCL10;DKK1;GDF15;GEM;HGF;PLAT;PLAU;SPP1
Etamsylate,0.6887557603686636,0.669001940125218,7.500643027715156,5,,False,,,AXL;C3;CXCL12;IGFBP6;TIMP2
Strychnine-Hcl,0.688700460829493,2.0869911339257827,0.7493348971477298,9,,False,,,AREG;EGF;IGFBP2;IL1A;IL32;LCP1;PTGES;SERPINE2;TNFRSF1A
Brucine,0.6884608294930876,0.486952163261251,16.288432674992844,8,,False,,,CCL20;CCL4;CD55;CD9;CXCL8;IGFBP4;IL32;MMP10
XBD-173,0.688294930875576,1.1643386393904636,2.966969665410577,10,,False,,,BMP2;BMP6;CCL20;CD55;CXCL1;CXCL2;CXCL3;CXCL8;CXCR2;SCAMP4
AGI-6780,0.6882027649769584,0.6752517679940108,7.203389848924554,6,,False,,,CCL5;CXCL1;CXCL2;IGFBP2;IGFBP5;MMP9
Benzoin,0.6879447004608295,0.5386683233548083,10.167292838477394,5,,False,,,CXCL8;IGF1;IGFBP4;IL6ST;SERPINB4
Spiramycin,0.6879078341013825,2.0988496883010073,0.6880574244324728,9,,False,,,AREG;AXL;CCL2;CD9;DKK1;EREG;IGFBP5;PLAT;SERPINE2
Cefpodoxime,0.6872073732718894,2.081391223393314,0.7496934389933245,9,,False,,,AREG;AXL;CCL8;CD9;CSF2RB;CXCL10;GEM;HMGB1;IGFBP6
Dolutegravir,0.6870783410138249,0.8390460895647591,5.135102203122974,7,,False,,,CCL20;CTNNB1;CXCL8;GDF15;ICAM3;MMP3;TNFRSF11B
Aminosalicylic-Acid,0.6866175115207374,0.6286830087378116,8.555881865042913,6,,False,,,C3;CCL20;IGFBP6;MMP12;SERPINE2;SPP1
Equilin,0.6863594470046083,0.463742134294775,17.911381700088967,4,,False,,,CD9;CTSB;IGFBP4;IGFBP6
Sulfathiazole,0.6860829493087557,1.5040877307660254,1.8288114136515277,7,,False,,,CCL5;EREG;GDF15;IGFBP2;MMP9;PLAT;PLAUR
GS-9973,0.6859907834101382,0.8340540120049672,5.050070324057221,7,,False,,,CCL4;CXCL10;EDN1;ETS2;MMP9;SPP1;TNF
CS-917,0.6856405529953916,1.0452540587936072,3.648325731058253,6,,False,,,CCL4;CCL8;CTSB;IGFBP5;PTBP1;VEGFA
Kcl,0.6853456221198155,0.5477680885121152,9.032395538098294,5,,False,,,ANG;AREG;FGF1;IL1B;PLAT
Escitalopram,0.6852073732718893,2.2076262639193844,0.4741506633478128,11,,False,,,AREG;C3;CD55;CXCL8;DKK1;GDF15;IGFBP2;IGFBP6;MMP3;SERPINE2;SPP1
CMAP-PRISM-1B-NR,0.6851428571428572,0.4929208096471649,13.102309586139407,7,,False,,,AREG;CD9;DKK1;EREG;FAS;HGF;IGFBP2
SA-1458026,0.6849677419354838,0.6729861705430711,6.8220149387699465,5,,False,,,DKK1;HGF;ICAM1;IGFBP5;LCP1
Alcuronium,0.6848479262672811,2.435706379765207,0.0698382745521742,12,,False,,,BMP6;CCL20;CCL4;CCL5;CTNNB1;CXCL1;CXCL8;FGF2;IGFBP2;IL6;PLAUR;TNFRSF1B
SD-8-005,0.6847188940092166,0.8398154879339783,4.9422953625464645,8,,False,,,ANG;CCL20;CXCL1;CXCL10;CXCL8;IGFBP1;MMP3;PTGER2
WH-4023,0.6846175115207374,0.7934752889861946,5.388641490289278,7,,False,,,BMP2;EDN1;EGFR;JUN;NRG1;SERPINE1;VEGFA
Radezolid,0.6843225806451613,1.3203098421984765,2.3218092490023716,7,,False,,,AREG;BMP6;CCL20;CXCL12;GMFG;IL6ST;SERPINB4
SA-441145,0.684147465437788,1.2549667620095666,2.681655270005926,8,,False,,,AREG;AXL;CTNNB1;CXCL3;ICAM1;IGFBP5;IGFBP6;PLAU
Lisofylline,0.6838801843317972,1.1026124909675932,3.149810618415238,7,,False,,,AXL;C3;CCL2;ETS2;GDF15;MMP10;MMP9
Navarixin,0.6836129032258065,2.1753019356247725,0.4591164425186717,9,,False,,,CST4;CXCL10;CXCL8;DKK1;EDN1;LCP1;MMP12;PLAT;VEGFA
Rhein,0.6834654377880185,0.7663333924052578,5.686810709912248,7,,False,,,AREG;BEX3;EREG;IGFBP2;IL1B;SERPINE1;SERPINE2
Solanine,0.6832811059907834,0.9230931867844264,3.991513657315253,6,,False,,,BEX3;CCL20;CXCL1;CXCL8;GDF15;HGF
Alogliptin,0.6831889400921658,1.364937391257803,2.093711205265052,7,,False,,,AXL;CD9;IGFBP2;LCP1;PLAU;SERPINE2;VEGFA
Piceid,0.6830506912442396,0.9509736617546494,3.86861518296708,8,,False,,,C3;CCL5;CD9;CTSB;CXCL10;GEM;IGFBP1;IQGAP2
Almitrine,0.6830046082949308,0.5448592061156932,8.511392579983934,8,,False,,,CCL4;CCL5;CD9;CSF2RB;CXCL10;IGFBP6;MMP12;MMP9
Megestrol,0.6829216589861751,1.6522968309030908,1.3401118371316745,10,,False,,,CCL2;CCL20;CCL5;CD55;CXCL12;CXCL8;GDF15;IGFBP3;MMP9;TNFRSF11B
Indoximod,0.6827834101382488,1.040655014741651,3.5553220802737737,6,,False,,,CTSB;CXCL2;IGFBP2;LCP1;PLAT;VEGFA
DFCI-LW11,0.6827834101382487,2.4358223140027824,0.024208868302359,10,,False,,,AREG;CXCL8;FGF1;HGF;IGFBP2;IGFBP3;MMP9;PLAUR;SERPINE2;VEGFA
GSK-J1,0.6827465437788018,0.5331764240480045,8.854392462434598,5,,False,,,AREG;CD55;CXCL2;GDF15;IGFBP6
KU-C104129,0.6826912442396312,1.0494028385113476,3.4704222896882664,6,,False,,,CCL20;CXCL8;EREG;GDF15;IGFBP2;PLAT
Sulfamethoxypyridazine,0.6823778801843318,1.049330018928465,3.4696360594388795,7,,False,,,C3;CXCL12;GMFG;ICAM3;IGFBP5;MMP10;PLAT
Megestrol-Acetate,0.6822672811059907,2.2456815157861785,0.367742561332085,11,,False,,,AXL;BMP2;CCL2;CXCL12;CXCL3;IGF1;IGFBP3;IGFBP5;MMP12;SERPINE2;TNFRSF1B
JAS07-004,0.6821382488479263,2.206186250434977,0.3965904847390114,11,,False,,,ANG;ANGPT1;BEX3;CCL20;CD9;CSF1;CXCL10;GDF15;IL7;MMP12;PLAU
Cisplatin,0.6821290322580644,0.5201458527153232,9.923100258123146,5,,False,,,CCL5;CXCL2;CXCL8;IL32;MMP10
Adenosine,0.6820552995391704,1.5926808974556648,1.42040221815538,8,,False,,,CD9;CXCL2;FGF2;IL15;IL18;MMP12;MMP13;SPP1
2-Iminobiotin,0.6819539170506912,0.5259059020062337,9.094053715375043,5,,False,,,ANG;CD9;CXCL12;CXCL8;TNFRSF11B
DPPE,0.6817419354838709,1.9463394635483329,0.8392159843288942,8,,False,,,ANG;ANGPTL4;CXCL10;DKK1;IGFBP6;IL1A;MMP12;MMP3
PRE-084,0.681705069124424,0.958669946184418,3.7462507085689687,9,,False,,,CXCL1;CXCL2;CXCL3;ETS2;GEM;JUN;PLAU;PLAUR;SERPINB4
Dosulepin,0.6815760368663594,0.883637323231629,4.402684778265616,8,,False,,,AXL;CXCL1;ETS2;IGFBP2;IGFBP6;IL15;MMP10;MMP3
Toremifene,0.6814746543778801,1.459033270396468,1.855767398874383,9,,False,,,AREG;AXL;CCL4;CCL5;CXCL12;EREG;IL32;PLAU;SERPINE1
SA-1457810,0.6810506912442396,0.8325683731326107,4.6711373598260595,7,,False,,,AREG;CTNNB1;CXCL8;ETS2;IL6ST;IQGAP2;MMP12
Atractyloside,0.6808202764976958,2.089589160015682,0.5725915807479734,9,,False,,,BMP2;CCL5;CXCL1;CXCL3;CXCL8;GEM;ICAM1;LCP1;SELPLG
Mepenzolate,0.6806820276497696,1.8076505816270405,1.0683009802569623,8,,False,,,BMP2;C3;CCL20;CD55;CD9;ETS2;MMP9;VEGFA
WY-01-045,0.680626728110599,0.9006298696949522,4.093586923795089,6,,False,,,CD55;EDN1;GEM;IGFBP5;IL6;MMP10
Pipamperone,0.6798801843317972,1.805831034798135,1.066497404742059,9,,False,,,AREG;BMP6;CCL20;CD55;CXCL3;CXCL8;MMP1;PLAUR;SELPLG
MK-8033,0.6798709677419355,0.9098589686724792,3.9284088778112527,6,,False,,,BEX3;GMFG;IGF1;IL32;PGF;SPP1
Benzbromarone,0.679741935483871,0.4822295235540865,10.772285613604254,7,,False,,,CCL5;CXCL8;DKK1;GDF15;ICAM3;JUN;LCP1
Ranitidine,0.6795023041474654,1.1467283935294257,2.6763552196120917,10,,False,,,AREG;AXL;C3;CD55;ETS2;GDF15;MMP2;MMP3;PLAU;SPP1
Dihydrexidine,0.6794009216589861,0.7951372654339396,4.974730703070861,7,,False,,,AREG;C3;CCL20;CTSB;IGFBP1;IGFBP3;MMP9
Gabazine,0.6792995391705069,0.6524449761368236,6.9431940036506035,6,,False,,,BMP2;CD55;HGF;IGFBP4;IL18;SERPINE2
SA-1459291,0.6790967741935484,0.6519687520979356,6.947942627545187,6,,False,,,BMP2;CCL5;CXCL8;IGFBP1;IGFBP6;MMP9
SCH-202676,0.6790414746543778,1.586400079946912,1.3761813590159817,8,,False,,,BMP2;BMP6;CD9;CTSB;HMGB1;IGFBP5;SERPINB4;VEGFA
Demeclocycline,0.6786543778801843,2.086032787879529,0.5392352889926378,9,,False,,,BMP2;CST4;CTNNB1;CXCL1;CXCL12;CXCL8;DKK1;SERPINE2;TNFRSF11B
Zileuton,0.678626728110599,0.4729645792074193,11.049678025413773,7,,False,,,BMP2;CD55;CXCL1;CXCL2;CXCL8;IGFBP4;IL6
Ruxolitinib,0.6779631336405529,0.529426241804533,8.090886191103534,5,senomorphic,False,,,CXCL8;IGFBP1;IGFBP4;IL32;SERPINB4
Cefoperazone,0.6776036866359447,0.4513146391936082,12.215665925647023,8,,False,,,BMP6;CD55;CD9;DKK1;GDF15;IGFBP2;IL6ST;MMP3
Regadenoson,0.6774285714285714,1.043718671563874,3.2510738931436935,6,,False,,,BEX3;C3;CXCL2;GDF15;PLAUR;SPP1
Eptifibatide,0.6773179723502304,1.4325098195808617,1.826595913662394,9,,False,,,AXL;BEX3;CCL2;CCL8;CD55;CXCL2;IGFBP3;IL32;MMP3
BMY-14802,0.6773087557603686,0.6790903355852761,5.794827989513982,5,,False,,,BEX3;GDF15;MMP1;SERPINB4;VEGFA
Indoprofen,0.677253456221198,0.5344879132153775,7.719706264371601,5,,False,,,BMP2;CCL20;CXCL1;CXCL2;GDF15
Iopamidol,0.67710599078341,0.6458777557609627,6.821453860166778,6,,False,,,CCL4;CXCL12;IGFBP4;IGFBP5;PLAT;SERPINE2
PEN-20,0.6764976958525345,1.2602319159161564,2.425312490516946,8,,False,,,ANGPT1;CST4;DKK1;EDN1;IGFBP5;PLAT;PTGES;TNF
Levobunolol,0.676294930875576,0.5254891076487733,7.910966571068022,9,,False,,,ANG;C3;CCL20;CD55;CXCL10;IGFBP2;LCP1;SERPINE2;VEGFA
Ioxaglic-Acid,0.6762488479262672,1.9332180864592272,0.7295102412056799,8,,False,,,AREG;CXCL12;CXCL2;EREG;ICAM1;IL1B;MMP1;MMP9
AGI-5198,0.6761105990783409,0.4150779108774078,18.186421062190696,7,,False,,,AXL;CD55;DKK1;GDF15;IGFBP1;SERPINE2;VEGFA
Indobufen,0.6760921658986174,0.8051560670429452,4.542039088312293,7,,False,,,CXCL10;CXCL12;CXCL2;CXCL8;GMFG;LCP1;PLAT
Pirenoxine,0.6760092165898617,1.4340640357815937,1.788341624282609,9,,False,,,ANGPTL4;C3;CCL20;CCL5;CXCL2;CXCL3;IGFBP5;IL32;JUN
Hydroxyamphetamine,0.675705069124424,1.0072456036974966,3.3839670382446236,9,,False,,,CCL2;CD55;CD9;CTNNB1;EDN1;IGFBP3;PLAU;SERPINE1;SPP1
SA-1920327,0.67563133640553,1.5306515219837489,1.536194858396632,7,,False,,,CCL5;CSF2RB;ICAM1;IL32;IQGAP2;MMP9;PLAT
Tubocurarine,0.6755852534562212,2.1202719746994885,0.3604677982689273,9,,False,,,BEX3;BMP2;CCL20;CCL5;CXCL8;ICAM1;IL6;MMP9;VEGFA
HNHA,0.6751981566820275,1.5557826457946475,1.4363677412678055,8,,False,,,AXL;CTNNB1;CXCL12;ETS2;IGFBP2;IGFBP5;IL6ST;JUN
Y-26763,0.6751336405529953,0.8255037980901513,4.3211645189855075,7,,False,,,AREG;CST4;CXCL2;DKK1;MMP1;MMP3;VEGFA
Val-Val-Val,0.6751244239631335,1.799065154186405,0.9971763908905618,9,,False,,,AXL;BEX3;CCL5;CD55;CST4;CXCL10;IGFBP6;IL32;MMP12
Lobendazole,0.6745806451612903,1.3499033158454707,1.8708809881720372,7,,False,,,AREG;CCL20;CXCL3;CXCL8;IL32;IQGAP2;MMP3
LIVF001-007,0.6744884792626727,1.859024684548706,0.7535316611807032,12,,False,,,CCL20;CXCL1;CXCL2;GDF15;IGF1;IGFBP4;IGFBP6;IL1A;MMP12;PLAT;PLAU;SPP1
Felbinac,0.6744331797235023,1.3473736981412865,1.8794619475179193,12,,True,10.49,False,BEX3;CCL4;CCL5;CXCL1;CXCL2;CXCL3;CXCL8;LCP1;MMP12;MMP9;SPP1;TNF
Ifosfamide,0.674221198156682,0.9407121453577292,3.476963334964607,8,,False,,,AREG;CXCL12;CXCL2;CXCL3;DKK1;EREG;IL6ST;PTGER2
GR-46611,0.6741935483870967,1.2652586399653702,2.344716086783805,8,,False,,,CD9;CXCL3;GDF15;IGFBP4;IGFBP5;MMP12;MMP3;PTGER2
Buflomedil,0.6738064516129032,0.8834167008987439,3.9492516358489222,8,,False,,,BMP2;CD55;CD9;CSF2RB;ICAM1;IGFBP6;IL32;MMP9
EPZ-020411,0.673373271889401,1.5658085701327498,1.355824833583397,8,,False,,,ANGPT1;AREG;CCL20;CXCL3;FAS;FGF1;MMP12;PLAT
PF-3644022,0.6733087557603687,1.5724731281398474,1.316766206992202,10,,False,,,BMP2;CCL20;CXCL1;CXCL3;CXCL8;GEM;IGFBP3;MMP1;SERPINE2;TNFRSF1A
Acefylline,0.6732073732718894,2.22302794277012,0.1630072628782081,11,,False,,,AREG;BMP2;CCL20;CD55;CXCL8;IL32;MMP1;MMP3;PLAT;SCAMP4;VEGFA
SA-1463810,0.673069124423963,1.6067446925108766,1.1716960210982508,8,,False,,,ANG;BEX3;BMP2;CXCL1;CXCL10;DKK1;GEM;IGFBP5
SA-1460136,0.6727741935483871,1.79460467170078,0.9747283431891488,11,,False,,,BEX3;CCL5;CCL8;CXCL1;CXCL10;CXCL8;ETS2;MMP12;PLAT;PLAU;PLAUR
PS-178990,0.6727188940092165,1.2500733211851165,2.35416866606293,8,,False,,,CCL5;CD9;CXCL2;MMP2;PLAT;PLAU;SPP1;VEGFA
Dihydroobliquin,0.6726267281105991,1.08587281779899,2.8180412299079856,7,,False,,,CCL4;CXCL1;CXCL2;CXCL8;SERPINB4;TNF;VEGFA
GPR151 FBS,0.6723502304147465,1.4893422630512363,1.4791756308257935,9,,False,,,C3;CCL2;CCL8;CXCL10;GEM;HGF;IGF1;IL32;MMP9
Linagliptin,0.6723410138248848,1.0990832294867885,2.6954751573404914,7,,False,,,AXL;CCL20;CD55;CXCL8;DKK1;FGF1;JUN
Beta-Carotene,0.6721566820276497,1.3414051995736154,1.8132126272404867,7,,True,-26.08,False,AREG;BMP2;CXCL1;CXCL3;IGFBP5;MMP3;SERPINE1
ST-4070043,0.671778801843318,1.581846638840974,1.245675662493841,8,,False,,,CCL5;CD55;CXCL10;ETS2;IGFBP2;IL32;MMP12;MMP9
PF-04620110,0.6717327188940092,1.2076072619338345,2.3921414937318364,11,,False,,,AREG;AXL;C3;CD55;DKK1;IGF1;IGFBP4;IGFBP6;IL32;MMP2;TIMP2
Ivabradine,0.6717235023041475,0.4302112843910239,11.962865997801954,7,,True,6.0,True,CCL5;CD55;CTNNB1;CXCL2;CXCL3;CXCL8;IL6
Piromidic-Acid,0.6716958525345622,0.5220793161178618,7.442497903715626,9,,False,,,CCL2;CD55;CXCL1;GDF15;GEM;IGFBP5;IGFBP6;IL6ST;PTGES
PCI-29732,0.6714562211981567,1.2802766418632645,2.184082429322578,8,,False,,,C3;CTSB;CXCL2;CXCL8;IL18;IL1A;MMP9;PLAU
ML-258,0.6712903225806451,1.4535592018607495,1.607655574636816,7,,False,,,C3;CXCL1;CXCL12;CXCL2;CXCL8;IGFBP5;SEMA3F
TH-302,0.6712073732718894,2.0333484002770357,0.4631994268466195,8,,False,,,AREG;CXCL10;EREG;HGF;MMP10;MMP9;SPP1;VEGFA
SA-1921614,0.6711152073732719,2.331003611562672,0.0007814280478448,9,,False,,,CCL20;CXCL1;CXCL8;GEM;ICAM1;PLAT;PLAUR;SERPINE2;VEGFA
Metatinib,0.6708571428571428,0.8563045960336984,3.967201208414273,7,,False,,,CD55;CXCL8;DKK1;MMP1;MMP12;MMP3;VEGFC
TMP-269,0.6708018433179723,1.029446608071602,3.056727603121419,6,,False,,,CD9;CXCL3;EREG;GEM;HGF;VEGFA
Terbutaline,0.6707557603686636,1.5829243126754904,1.2060375209067524,8,,False,,,AREG;CD9;CTNNB1;CXCL3;EREG;HGF;IL18;PLAUR
Lobeline,0.6707096774193547,1.4701977082442117,1.5165352843712858,7,,False,,,C3;CCL5;CXCL10;IGFBP2;IGFBP5;IQGAP2;PLAT
BRL-54443,0.6704792626728111,0.8852779474003292,3.73167999227061,6,,False,,,AREG;CCL5;CST4;DKK1;IGFBP1;IL6ST
Secoisolariciresinol,0.6702119815668202,2.1286946345098476,0.1872076566079201,9,,False,,,CCL2;CXCL10;CXCL8;IGFBP2;IL1A;IL32;PLAT;PLAU;PLAUR
SR-48692,0.6701474654377879,1.054813927020947,2.9072278805691276,9,,False,,,AXL;CCL20;CXCL1;CXCL8;EDN1;GDF15;IQGAP2;MMP10;PLAT
Delcorine,0.6701290322580645,0.5425997327223707,6.522785282822742,5,,False,,,CD55;CXCL12;IGFBP2;IGFBP5;TNFRSF11B
Varespladib,0.6699815668202764,1.791102070849648,0.9301152508699356,8,,False,,,C3;CCL4;CSF1;CSF2RB;IL32;IL6;MMP3;VEGFA
Acalabrutinib,0.6687741935483871,1.444283309011547,1.5698246290894504,7,,False,,,AXL;CXCL12;CXCL8;GEM;IGFBP6;JUN;MMP9
Diclofenac,0.6685529953917051,0.3749509242913139,19.072189072037688,6,,False,,,BMP6;CD55;IL15;IL32;MMP10;SERPINE2
RVX-208,0.6685069124423962,1.8046931406341364,0.8442577918387992,8,,False,,,CD55;CXCL10;DKK1;IGFBP4;IGFBP6;MMP1;PLAT;PLAU
GW-501516,0.6684147465437787,0.4435581052527002,9.134961529471026,7,,False,,,AXL;C3;CD55;CXCL8;FGF1;IGFBP2;IL6ST
Pimozide,0.6683502304147465,1.0782781808675863,2.6908934915535214,9,,False,,,AREG;CXCL1;CXCL12;CXCL2;CXCL3;CXCL8;EGF;JUN;MMP3
I-CBP112,0.6682027649769585,1.7796899156033814,0.936583938015215,8,,False,,,C3;CXCL3;IGFBP6;MMP10;MMP2;MMP9;PGF;SERPINE2
MW-STK33-1C,0.6681290322580645,0.3669280177455207,24.85218453070145,4,,False,,,AREG;AXL;ICAM1;PTGES
SA-1919551,0.6676497695852533,2.268615705864098,0.0050689672090072,11,,False,,,CCL20;CTSB;CXCL3;CXCL8;ICAM1;IL15;MMP12;PLAT;PLAUR;PTGER2;VEGFC
Isoprenaline,0.6675852534562211,1.4325098195808617,1.5719772592566224,9,,False,,,BMP2;CD9;CTNNB1;FGF2;IGFBP6;MMP1;MMP3;SERPINE2;TNFRSF11B
VU-0366968,0.6675391705069125,1.810857758847349,0.777279336906471,9,,False,,,ANGPT1;CCL8;CXCL10;CXCL12;IGFBP2;MMP12;MMP13;MMP3;SERPINE2
L-670596,0.667483870967742,1.956423550443436,0.4860753950484433,8,,False,,,AREG;CCL2;CD55;CXCL1;CXCL2;DKK1;GEM;PLAT
Ipratropium,0.666995391705069,1.3362462466593352,1.6901869617975462,8,,False,,,CCL2;CD55;CXCL1;CXCL2;IGFBP4;IL6;MMP2;TNFRSF11B
Clorgiline,0.6669124423963133,1.2803419271493617,2.029474949841497,8,,False,,,CCL4;DKK1;IGFBP1;IGFBP6;IL18;MMP1;MMP12;TNFRSF11B
DAU-5884,0.6669124423963133,0.5243995177553193,6.5806839996069595,5,,False,,,CCL5;CSF2RB;CXCL12;ETS2;GDF15
Warfarin,0.6666082949308756,0.5237132682439545,6.654864580465899,5,,False,,,CXCL12;CXCL8;IL6;SPP1;VEGFC
STK-661558,0.6663133640552996,1.9554023699596337,0.4594304317992563,8,,False,,,ANGPT1;CCL20;CCL5;CXCL1;CXCL10;DKK1;GEM;MMP9
ST-4028268,0.6661658986175115,0.8119789577690822,3.890625194162907,7,,False,,,AREG;CCL20;CXCL12;EREG;GDF15;IGFBP5;MMP3
ST-001903,0.6661382488479263,0.4353603429758603,9.108626510287856,7,,False,,,CXCL12;CXCL8;GEM;IGF1;IGFBP2;IGFBP4;SERPINE2
YL-61,0.6659078341013824,1.2971503558835875,1.8862309719152504,7,,False,,,C3;CCL4;CTSB;CXCL10;IGFBP4;MMP12;VEGFA
Propylpyrazole,0.6658709677419354,1.0823435563181854,2.6153466834676182,7,,False,,,CD55;CXCL8;GDF15;HGF;IGFBP6;MMP10;PLAT
MD-041,0.6658433179723502,1.1033933020704578,2.483783428856247,6,,False,,,AREG;CCL20;CXCL1;EREG;GDF15;PLAT
Phenacetin,0.6657972350230414,0.91883952174443,3.2197183864231675,6,,False,,,AREG;CD9;EREG;GEM;MMP1;PGF
CAM-9-026,0.6656589861751152,1.589849457865831,1.0397813189922929,8,,False,,,BEX3;CCL4;CCL5;CD55;CXCL8;IGFBP5;IL6;VEGFA
Norketamine,0.6653732718894009,2.113240319051851,0.1182623019377986,9,,False,,,AREG;CXCL1;CXCL2;CXCL3;GEM;IGFBP2;IL6ST;PTGER2;SERPINE2
Troxerutin,0.6651336405529954,1.2881857150818004,1.9489292532527147,7,,False,,,C3;CCL2;CCL20;CXCL2;CXCL8;IL6;SERPINE1
Medrysone,0.6651244239631335,1.2652586399653702,2.0739783891303674,8,,False,,,BMP6;CCL2;CST4;CXCL3;GDF15;GEM;IGFBP3;IGFBP4
Modafinil,0.6651059907834102,1.7838798354061507,0.8676376669434877,9,,False,,,BEX3;CXCL1;CXCL12;CXCL3;CXCL8;IL7;MMP1;PLAT;VEGFA
Dipyridamole,0.6650875576036865,0.3766451521762248,15.046549435121968,6,,False,,,C3;CXCL10;ICAM1;IL6ST;IQGAP2;MMP12
Oxolinic-Acid,0.6649493087557603,0.8634225344433335,3.6409688638169375,8,,False,,,CD9;IGFBP5;IGFBP6;MMP12;MMP13;PLAT;TIMP2;VEGFA
SA-1472702,0.6648571428571428,0.665706341926515,5.036481175745613,6,,False,,,BEX3;CXCL8;FGF1;IGF1;PLAUR;SPP1
GSK-2801,0.6648018433179723,1.8361206328747832,0.5948418290010415,8,,False,,,CXCL1;CXCL10;CXCL3;DKK1;IL15;MMP10;PLAT;VEGFA
Benzopurpurin-4B,0.6646820276497696,0.8987109513896416,3.3120923583405633,6,,False,,,AXL;CXCL8;IGFBP6;PLAT;PTBP1;SERPINE2
SB-222200,0.6644700460829494,1.2651961688434143,2.064360930932599,8,,False,,,AREG;BEX3;C3;CXCL12;EREG;GDF15;IGFBP5;PLAT
SA-1459481,0.6643778801843317,1.2802766418632645,1.9788446267284645,8,,False,,,CCL20;CD9;CXCL8;GDF15;HGF;ICAM1;IL15;TNFRSF1A
Oxcarbazepine,0.6642027649769585,1.0752034550781904,2.598921833305165,7,,True,-17.92,False,CCL4;CD9;CXCL1;CXCL3;DKK1;PTGER2;TIMP2
PRX-08066,0.6640552995391705,1.2497984062198222,2.0976818662553023,8,,False,,,C3;CXCL12;CXCL2;CXCL3;CXCL8;MMP1;PLAU;SPP1
Farnesylpyrophosphate,0.6639631336405529,0.664009862565426,5.0350456824159435,5,,False,,,CCL8;CXCL10;EDN1;IGFBP4;MMP9
AV-608,0.6637972350230414,0.8185090295440142,3.728074107154266,7,,False,,,CCL13;CSF2RB;CXCL12;CXCL2;CXCL3;MMP3;RPS6KA5
Niflumic-Acid,0.6636405529953917,2.0369268792271527,0.2762797313728861,10,,False,,,ANGPTL4;AREG;AXL;CD9;CXCL2;IGF1;IGFBP6;MMP9;PGF;SPP1
Diazoxide,0.6635391705069125,0.3817794679446703,12.672389975426135,6,,False,,,AREG;CXCL3;CXCL8;FAS;MMP12;SERPINE2
Ranirestat,0.6633824884792626,1.2802766418632645,1.963593819818259,8,,False,,,ANGPT1;ANGPTL4;CTSB;DKK1;GEM;ICAM3;TNFRSF11B;VEGFA
JAS07-007,0.6633271889400921,2.113240319051851,0.0655932998027392,9,,False,,,AREG;AXL;BMP6;C3;CCL5;GMFG;HGF;IL6ST;SELPLG
Fomepizole,0.6631520737327188,0.3666263505672192,16.51553474463386,6,,False,,,ANGPT1;AREG;CXCL2;CXCL3;MMP10;SPP1
Nialamide,0.6630599078341014,1.1122288579008632,2.35138657413,10,,False,,,ANGPT1;AREG;BEX3;BMP2;CTSB;CXCL10;DKK1;EDN1;MMP1;SPP1
WB-4101,0.6630414746543778,1.5892128013084506,0.9919576177497376,10,,False,,,AXL;CXCL10;DKK1;ICAM1;IGFBP4;IGFBP5;IGFBP6;IL6ST;PLAT;VEGFA
Sulfinpyrazone,0.6629861751152073,0.9002575215605593,3.246095266016275,8,,False,,,CD55;CD9;CXCL8;IL32;MMP9;PLAUR;PTGES;SERPINB4
Tetracaine,0.6628663594470046,0.665706341926515,4.867208640868374,6,,False,,,ANGPT1;BEX3;MMP12;PLAT;SPP1;TNFRSF1A
Trimidox,0.6626359447004608,0.4285109148667203,8.850111976623014,7,,False,,,CCL20;CXCL8;ETS2;GDF15;MMP12;MMP9;RPS6KA5
Prenylamine,0.6626082949308755,1.8277083907823652,0.5850092704271139,9,,False,,,BMP2;BMP6;CCL5;CXCL12;GEM;ICAM3;IGF1;IGFBP4;IGFBP6
Velnacrine,0.6624608294930876,0.8874705811626085,3.320321874665712,6,,False,,,AXL;C3;CXCL8;IGF1;PLAT;VEGFA
PG-9,0.6622119815668202,0.5208442305953892,6.257919480188124,5,,False,,,AREG;CCL20;CXCL12;ICAM1;IGFBP6
MW-SHH-97,0.6620460829493087,1.087131623176278,2.4764703139937545,7,,False,,,CCL4;CCL8;CD9;IGFBP1;MMP12;MMP3;VEGFA
Noretynodrel,0.6618341013824884,1.0775787504097736,2.5168886091559477,7,,False,,,CCL5;EREG;IGFBP2;IGFBP3;IL32;IL6;PLAT
BG-1013,0.6617788018433179,1.827995194191005,0.5548937299877117,8,,False,,,CCL20;CCL5;CSF2RB;CXCL10;DKK1;IGF1;PLAT;RPS6KA5
LIVF001-009,0.6616221198156682,1.545031209150668,1.1943313710895764,8,,False,,,AREG;BEX3;C3;CTNNB1;CXCL12;MMP9;TNFRSF11B;VEGFC
Etodolac,0.6614009216589862,0.5055492742793868,6.441831561148216,8,,False,,,AREG;CCL20;CD55;CXCL8;IGF1;MMP13;PLAT;SPP1
Diphenylpyraline,0.6611981566820276,0.9134341515144896,3.0317439969907145,8,,False,,,BMP2;CXCL1;CXCL2;CXCL3;CXCL8;MMP12;RPS6KA5;SPP1
Carbetocin,0.6608755760368663,0.8932343961065776,3.235258233139228,8,,False,,,BEX3;CCL4;CCL5;CXCL3;FGF1;FGF2;IL6ST;PLAT
N-Nitrosopiperidine,0.6605806451612903,1.576315993051809,1.0046627216691837,8,,False,,,C3;CXCL12;CXCL8;IGFBP4;MMP9;SERPINE2;SPP1;TNFRSF11B
SA-102695,0.660331797235023,0.8984937919818103,3.1674769581877467,6,,False,,,CD55;CST4;GDF15;IGFBP5;MMP3;TNFRSF11B
Rizatriptan,0.6601105990783409,0.3666263505672192,13.640239303261254,6,,False,,,CTSB;CXCL12;CXCL8;IL32;PLAUR;SERPINE2
Anthothecol,0.6599078341013824,1.5808683623142052,0.9520636873712836,10,,False,,,AREG;CCL20;CD9;CTNNB1;EREG;ICAM1;IGFBP2;IGFBP3;IL6ST;PLAT
Alpha-Estradiol,0.6598341013824884,0.3129307539963634,28.530983610322625,5,,False,,,CD55;EDN1;IL15;PLAT;SERPINE2
Iloprost,0.6597511520737327,1.054813927020947,2.560667930064372,9,,False,,,CCL4;CD55;DKK1;IGFBP1;IGFBP5;IGFBP6;MMP10;SERPINE1;SPP1
Thiamine,0.6595760368663595,1.8421139473190076,0.445392812909826,8,,False,,,CCL20;CD55;CXCL1;CXCL8;DKK1;IGFBP5;IL32;TIMP2
Clinafloxacin,0.659520737327189,1.826315675215949,0.5332551693925622,9,,False,,,ANGPTL4;AREG;BEX3;CXCL1;CXCL12;CXCL2;CXCL3;CXCL8;SERPINE2
GANT-58,0.6593456221198157,0.4334278416621664,7.854309939876,7,,False,,,BEX3;CXCL8;GDF15;IGFBP2;IL6ST;MMP12;SPP1
Ecopipam,0.6591705069124423,1.1180371105666325,2.177975181220989,7,,False,,,CCL20;CXCL10;DKK1;IGFBP2;IGFBP6;SERPINE2;VEGFA
Iopanoic-Acid,0.65910599078341,0.8219977593780878,3.5150298465574665,7,,False,,,CD55;EREG;GDF15;IGFBP2;IGFBP3;TNFRSF11B;VEGFA
PF-03084014,0.659032258064516,1.8245529717397075,0.5276251693301218,9,,False,,,CXCL2;CXCL3;CXCL8;DKK1;EREG;FGF2;LCP1;MMP12;PLAUR
2-CHLOROACETOPHENONE,0.6586728110599077,1.2500733211851165,1.937142091995989,8,,False,,,AREG;CCL5;CSF2RB;CST4;CTSB;CXCL10;IGFBP5;IL32
GS-6201,0.6583963133640552,0.7683401643194376,3.868652595386544,7,,False,,,BMP2;CXCL2;ETS2;IL32;LCP1;SEMA3F;SPP1
NVP-BGJ398,0.6578709677419354,1.791102070849648,0.667322637335917,8,,False,,,ANG;CD9;CXCL8;GMFG;IGFBP1;IL6ST;MMP12;PLAT
Aclidinium,0.6576036866359447,0.3850860786057454,9.654499611216314,6,,False,,,AREG;CXCL8;EREG;GDF15;MMP3;SERPINE2
GW-6471,0.6572442396313363,0.861006242166255,3.2847564455218348,6,,False,,,CCL20;CD9;CTSB;ICAM1;MMP1;MMP9
CGP-13501,0.656921658986175,0.5241552296705523,5.611490636913988,8,,False,,,ANG;BEX3;FGF1;GDF15;IGFBP5;MMP1;PLAT;SERPINE2
Ly-Ester,0.6567188940092166,0.7169946965433633,3.9214061283448185,6,,False,,,CSF2RB;MMP10;MMP12;MMP9;SEMA3F;VEGFC
Triacetylresveratrol,0.6566728110599078,1.0906879953124309,2.28591904378686,7,,False,,,AREG;CCL4;CCL5;CTNNB1;CXCL8;PLAT;SERPINB4
Naltrindole,0.656589861751152,1.0923038120312198,2.279944816394172,10,,False,,,C3;CCL20;CXCL2;CXCL8;FGF1;IGFBP6;IL1A;MMP10;NAP1L4;PLAT
Almorexant,0.6564055299539171,1.1230594595670662,2.078781041512771,7,,False,,,CCL4;CXCL3;GDF15;GMFG;IGFBP4;SPP1;VEGFA
Clopidol,0.6562672811059908,0.6823918692340059,4.103596939872499,6,,False,,,CD9;CTSB;FGF2;MMP12;PAPPA;PLAT
KU-C103656,0.6560184331797234,0.8851469711201341,3.113181556952332,6,,False,,,CCL4;CXCL12;GDF15;PLAT;PLAU;SERPINE2
Ro-20-1724,0.6559262672811059,1.545031209150668,1.0379981615536993,8,,False,,,AXL;CCL8;CD9;EDN1;GEM;IGFBP5;PLAT;PLAU
Fusidic-Acid,0.6558986175115207,1.0994923357152138,2.200861194996886,9,,False,,,AXL;BEX3;CCL5;CD9;CXCL2;CXCL3;GEM;SEMA3F;TNFRSF1A
MW-A1-12,0.655483870967742,0.5074155565019491,5.795102182775815,8,,False,,,CCL20;CD9;IGFBP1;IQGAP2;PTGES;SERPINE2;TNFRSF11B;VEGFA
VER-155008,0.6554009216589861,0.3041416627701401,20.58813562998665,5,,False,,,CCL20;CXCL8;GDF15;IGFBP2;PLAT
Methoxamine,0.6553548387096774,1.111058949128378,2.1148996052956752,7,,False,,,BMP6;EDN1;IGFBP6;IL32;MMP9;SPP1;TIMP2
Nacl,0.655327188940092,0.4538507234737183,6.5648651160376135,7,,False,,,AREG;CXCL12;IGFBP5;IL1A;IL1B;MMP9;VGF
Budipine,0.6552811059907834,0.5997724757671201,4.860257577467944,9,,False,,,CCL20;CD55;CXCL1;CXCL2;GDF15;ICAM3;IL18;JUN;MMP3
Semaxanib,0.6552350230414745,1.7122788664837754,0.701356871579997,11,,False,,,CCL20;CCL4;CCL8;CSF2RB;CXCL10;IGFBP1;IL15;MMP10;MMP3;SERPINE1;VEGFA
Vanillic-Acid,0.6551705069124424,1.5895646542288442,0.8374758586583717,8,,False,,,CTSB;CXCL1;CXCL2;CXCL3;CXCL8;GDF15;IGFBP6;SERPINE2
SU-6656,0.655032258064516,1.7975664947319374,0.5757185012366773,8,,False,,,CCL2;CD9;CXCL8;EREG;GEM;IGFBP6;IL18;SERPINE2
Epicatechin,0.6549677419354838,0.4971540401050289,5.885873657866097,8,,True,42.0,False,AREG;BEX3;CXCL12;EREG;IGFBP4;PLAT;PLAU;SERPINE2
Ractopamine,0.6548940092165898,1.0704931167928162,2.3469771892786113,7,,False,,,ANG;DKK1;EGF;IL18;IL6ST;MMP9;TNFRSF11B
KU-60019,0.6548571428571428,1.1260467524624962,1.9911484954854937,6,,False,,,C3;CXCL12;FGF2;IGFBP2;MMP9;SERPINE2
Skepinone-L,0.6547741935483872,1.5829243126754904,0.8442171823483897,8,,False,,,CST4;CXCL10;CXCL8;DKK1;IGFBP2;IGFBP4;MMP12;VEGFA
Doxepin,0.6547373271889401,1.3212697167236185,1.4601489298260115,8,,False,,,AREG;CCL20;CCL4;CCL5;CD55;CXCL8;PTGES;SPP1
endo-IWR-1,0.6545990783410137,0.747303512771361,3.747427731071112,10,,False,,,AREG;C3;CCL2;CXCL2;DKK1;EDN1;GDF15;GEM;IL1B;IL6
Mexiletine,0.654442396313364,1.106114885134426,2.1085700738981012,7,,False,,,CCL20;CD55;IGFBP2;IL15;IL32;MMP13;MMP9
CPI-1189,0.6544331797235023,0.7100446821839348,3.804057197636409,6,,False,,,CCL8;CD55;IGFBP5;MMP12;PLAT;PLAU
4-PPBP,0.6543963133640552,1.9363135392102304,0.1978146358199143,8,,False,,,CCL4;CXCL1;CXCL2;CXCL8;GDF15;IGF1;MMP2;VEGFA
Lomifylline,0.6543870967741936,0.5237132682439545,5.380404027823831,5,,False,,,AREG;CD9;IL1B;MMP3;MMP9
Chelidonine,0.6542764976958525,0.297555661476915,21.22133769476,5,,False,,,ANG;CXCL10;IGFBP5;SPP1;TNFRSF11B
KU-C104226,0.6539354838709677,1.476249658373024,1.0876218832023818,9,,False,,,AXL;C3;CD9;CTSB;CXCL10;IGFBP6;IL1A;PTGES;VEGFC
GR-235,0.6536405529953917,0.7069511250508271,3.775404393750021,10,,False,,,AREG;AXL;CCL13;CCL2;CD9;CSF2RB;CXCL10;EREG;ICAM1;PLAU
Articaine,0.653594470046083,0.4334278416621664,7.005309180142934,7,,False,,,BMP6;CD55;DKK1;IGFBP1;SPP1;TNFRSF11B;TNFRSF1A
Bms,0.6535115207373272,0.699617142826761,3.818017281681284,6,,False,,,BEX3;CD55;CD9;CXCL10;PLAT;PLAU
RX-821002,0.6532350230414745,0.6793793680148237,3.9673468853865863,6,,False,,,C3;CD9;GDF15;IGFBP5;IL6ST;SERPINE2
Laropiprant,0.6526820276497696,0.5344768902839241,5.003506939012857,8,,False,,,BMP2;BMP6;CCL4;CXCL1;CXCL2;IGFBP1;SPP1;TNFRSF11B
RS-23597-190,0.6525437788018433,0.2346072006784683,52.06902449934558,4,,False,,,C3;IGF1;IGFBP2;JUN
Ethosuximide,0.6525437788018432,1.0263511553205988,2.444991670219468,6,,True,35.0,False,CD55;CD9;ETS2;GMFG;IL6ST;TIMP2
NECA,0.6524700460829492,1.4576613898534911,1.1419241840247134,7,,False,,,AREG;CD55;IL32;MMP10;PLAUR;SERPINE1;SPP1
Capecitabine,0.6524423963133641,0.5221877806628485,5.269279013813509,8,,True,7.0,False,CXCL2;GEM;IGF1;IGFBP6;IL18;RPS6KA5;SERPINE2;SPP1
SR-12813,0.6521658986175115,0.5612648263112794,4.6991256294686625,9,,False,,,AXL;CD9;CTSB;FGF1;IGFBP5;LCP1;PLAT;SPP1;TIMP2
I-212148,0.6519907834101382,0.8069172863582378,3.248547445933707,7,,False,,,C3;CXCL1;GDF15;GEM;IGFBP2;MMP10;PLAT
Rotigotine,0.6518248847926267,1.9373242369128112,0.1324232854738866,8,,False,,,AREG;CXCL12;IGFBP4;IGFBP5;IL6ST;PLAT;SERPINB4;SERPINE2
Prostaglandin-A1,0.6517880184331797,0.3108418081231831,14.026742298130817,5,,False,,,AREG;CD9;EREG;IL32;PLAU
Pentobarbital,0.6517695852534562,1.0428218167108576,2.3663345963568765,9,,False,,,BEX3;CD55;CXCL1;CXCL2;CXCL3;CXCL8;IGFBP4;IL6;SERPINE2
SA-441487,0.6516774193548387,0.5323703258885232,4.970537075025831,5,,False,,,BMP6;DKK1;EREG;MMP9;RPS6KA5
SKF-77434,0.6514930875576037,1.3349967870860464,1.3069856023842097,7,,False,,,DKK1;GDF15;ICAM1;IGFBP2;IGFBP6;IL6ST;SERPINE2
Reserpic-Acid,0.6514285714285714,0.6417756134160238,4.47208971493209,6,,False,,,CCL4;CD9;CTNNB1;MMP10;MMP12;MMP13
TUL-XX025TFA,0.6496682027649769,1.0464694880267016,2.2921456573034344,9,,False,,,CCL20;CD55;CXCL8;GDF15;IGFBP1;IGFBP6;JUN;SERPINE2;VEGFA
SA-243929,0.6494930875576036,0.9141497938331936,2.610120635980411,6,,False,,,CXCL3;DKK1;GDF15;ICAM1;IL6;VEGFA
Propoxycaine,0.6494193548387097,1.8800985439056284,0.1185357215874067,9,,False,,,CD9;CTSB;GDF15;IGFBP2;IGFBP4;IGFBP5;IL32;SERPINE2;VEGFA
EI-273,0.648811059907834,0.6927469363391889,3.6237849012609846,6,,False,,,AREG;BMP6;IGF1;MMP1;PLAT;SPP1
Nandrolone,0.6487649769585253,1.4576613898534911,1.0479473216044406,7,,False,,,CCL8;CSF2RB;DKK1;EDN1;IGFBP4;MMP12;SPP1
Pseudopelletierine,0.6487465437788018,0.8936055653489372,2.70104588209437,8,,False,,,DKK1;ETS2;GDF15;HGF;IGFBP6;PTGES;VEGFA;VEGFC
Milnacipran,0.6486451612903226,0.8185090295440142,3.0670824524772353,7,,False,,,BMP2;CXCL10;EREG;GDF15;GEM;ICAM1;VEGFA
ST-4029573,0.6486359447004608,0.9002825725928301,2.678273926785682,8,,False,,,ANG;FGF7;IGFBP2;IL32;MMP12;MMP9;PTGES;SERPINE2
SA-424936,0.6485069124423963,0.6586207083095577,4.132559739438582,6,,False,,,CD55;ICAM1;IGFBP5;IGFBP6;IL32;TNFRSF1A
CFM-2,0.648479262672811,0.3595999205220952,9.714888779451735,6,,False,,,BMP2;C3;CXCL12;GEM;IL15;MMP3
IDAM,0.6484331797235023,1.0106937693641955,2.3811042063550287,9,,False,,,AREG;CCL4;CCL5;CXCL2;DKK1;EREG;GDF15;MMP12;SERPINE2
SB-205384,0.6484055299539171,1.5224074077703864,0.90261271527792,7,,False,,,AREG;CSF2RB;CTSB;IL32;SERPINB4;SERPINE2;TNFRSF11B
SA-1939891,0.6483133640552995,0.3995995302029921,7.273950556447479,4,,False,,,CTSB;DKK1;IGFBP4;LCP1
Hydroquinidine,0.6480645161290323,1.2802766418632645,1.5380788671836585,8,,False,,,BEX3;CCL5;CD9;CXCL10;EREG;IL15;SERPINB4;SERPINE1
Ethambutol,0.6480368663594469,0.8001639894831533,3.1586155953278747,7,,False,,,ANGPTL4;CCL4;CCL5;GDF15;IGFBP4;IGFBP5;SERPINE2
Clozapine,0.6480368663594469,0.1456342010057388,51.526727337608264,3,,False,,,CXCL8;IQGAP2;PLAT
Dubinidine,0.6479447004608295,0.9305102685139512,2.5064903318855336,8,,False,,,AREG;CXCL12;CXCL2;CXCL8;IGF1;IGFBP4;IGFBP6;IL1B
Eltanolone,0.6479078341013824,0.6381642780120393,4.28131215245254,6,,False,,,AREG;CD55;CTSB;CXCL2;CXCL8;SPP1
Eliprodil,0.6477972350230414,1.6067446925108766,0.604087280437005,8,,True,16.0,False,CSF2RB;DKK1;IGFBP4;IGFBP6;MMP13;PLAT;PLAU;SERPINB4
SA-441092,0.6477419354838709,0.5289281034372255,4.694464679109141,9,,False,,,AREG;C3;DKK1;EREG;HGF;IL6;MMP12;SERPINE1;SERPINE2
Niacin,0.647557603686636,0.2994887291074639,12.976997269079684,5,,False,,,BMP2;CCL4;CXCL2;ETS2;SPP1
Ramelteon,0.6473824884792627,1.2702578402542586,1.5545296222175784,8,,False,,,ANG;AREG;CD55;CXCL8;GDF15;GEM;MMP1;VEGFA
SA-244358,0.6468018433179723,0.2905240058292774,13.870784540271504,5,,False,,,CCL4;ESM1;ICAM1;MMP10;SERPINB4
SCH-28080,0.6466082949308756,0.529426241804533,4.59523547526336,5,,False,,,CTSB;CXCL3;IL18;MMP12;SPP1
KU-C103898N,0.6465806451612903,0.8769424585815748,2.784441941832756,8,,False,,,AREG;C3;CXCL10;DKK1;IGFBP2;IGFBP6;PLAU;SERPINE2
Mephenesin,0.6465345622119816,1.5794219185086575,0.6688836546108601,8,,False,,,ACVR1B;CCL5;CD55;IL32;PTGES;SERPINB4;SERPINE2;VEGFA
BCL2-inhibitor,0.6464516129032258,1.1242834325050757,1.7813849236707442,6,,False,,,AREG;DKK1;IGFBP2;IGFBP4;IGFBP5;IL1A
Tylosin-Tartrate,0.6462119815668201,1.9052336685723856,0.0411733452222626,9,,False,,,CD9;CXCL10;CXCL8;GDF15;LCP1;MMP9;PTGES;RPS6KA5;SPP1
Catechol,0.6458986175115207,1.5723362848917002,0.7123050338621253,8,,False,,,CCL4;DKK1;IGFBP1;IGFBP5;IQGAP2;SERPINE1;SPP1;TNFRSF11B
CP-466722,0.6458248847926267,1.1100027116485272,1.845549846508137,6,,False,,,C3;CCL5;CD9;MMP10;MMP9;SPP1
Linifanib,0.6455852534562212,0.6826417400826603,3.5614841149736995,6,,False,,,BEX3;CD55;CST4;GDF15;PTGES;TNFRSF11B
TUL XX087,0.6451981566820275,0.460446625648393,5.4436325797364296,4,,False,,,CCL4;CXCL10;GDF15;LCP1
Luzindole,0.6451244239631336,0.3699007598254915,7.944108792480772,6,,False,,,CD55;CD9;LCP1;MMP10;PLAT;SELPLG
SA-85148,0.644921658986175,1.555393326138388,0.7649444654430064,7,,False,,,AREG;CXCL8;IGFBP1;IGFBP5;IL1B;PTGES;VGF
TMPH,0.6448755760368663,0.5323703258885232,4.470455350336204,5,,False,,,ANG;CD55;ETS2;IGFBP2;SERPINE2
SA-1472542,0.6448663594470045,0.6133138443907673,4.150231236513975,9,,False,,,C3;CD55;CTNNB1;CXCL12;CXCL8;GMFG;ICAM1;IL6;PLAT
KISS1R ALARIN,0.6447465437788018,1.7667034157987058,0.4446476133217883,8,,False,,,CXCL2;CXCL3;DKK1;EDN1;FGF1;IGFBP2;PLAT;PLAU
SA-1456352,0.6447373271889401,0.8650598718619131,2.7503178306437097,6,,False,,,AREG;CXCL8;EREG;ICAM1;IL7;SERPINE2
Alvimopan,0.6446267281105991,0.9101066869797506,2.4830139351425107,6,,False,,,ACVR1B;CXCL10;DKK1;IGFBP5;IL6ST;MMP12
Ivacaftor,0.6446082949308756,0.3868411393555148,7.006830831523384,6,,False,,,C3;CCL20;CXCL8;GDF15;SERPINE1;SPP1
Dibenzepin,0.6445529953917051,1.5895646542288442,0.5907078333764078,8,,False,,,ANGPTL4;CSF2RB;CXCL3;CXCL8;IGFBP4;IL6;PTGES;VEGFA
MW-STK33-22,0.6444423963133641,0.2268438562784044,17.39173958140371,4,,False,,,C3;CXCL12;IGFBP5;VEGFA
Pravastatin,0.6442672811059907,0.2890611897502901,12.55799744672137,5,,True,7.5,False,AREG;CD55;CXCL8;GEM;IL15
Mefloquine,0.6441290322580645,1.579356189240229,0.6334461209864297,10,,False,,,CCL4;CXCL8;FGF1;GMFG;IGFBP2;MMP1;MMP12;MMP9;PLAUR;SPP1
Alda-1,0.6437235023041474,0.3631626204862332,8.18872042861354,6,,False,,,BMP2;CD55;CST4;CXCL8;MMP1;VEGFA
Tioguanine,0.6436682027649768,1.7471879361162526,0.4315009736080244,9,,False,,,AREG;CCL20;CSF2RB;CXCL10;EREG;ETS2;MMP1;MMP12;MMP9
Ibutilide,0.6436589861751152,0.8936055653489372,2.575628594593314,8,,False,,,BMP6;CCL4;CCL8;CXCL10;IGF1;MMP1;MMP10;MMP3
Gingerol,0.6436405529953916,1.8277083907823652,0.1180780160106003,9,,False,,,C3;CCL2;CD9;DKK1;GDF15;IGFBP2;IGFBP5;IL7;TNFRSF11B
Penfluridol,0.6433824884792626,1.0986585909317577,1.8633713903500049,6,,False,,,CTSB;CXCL2;IGFBP2;MMP12;SERPINE2;SPP1
Gavestinel,0.6433179723502304,0.9098589686724792,2.4546514275701212,6,,False,,,CTSB;CXCL10;IGFBP4;IL32;MMP9;PLAUR
Danirixin,0.6432626728110599,1.4718701053259338,0.872097960377869,12,,False,,,ANG;ANGPTL4;AREG;CXCL2;CXCL3;CXCL8;DKK1;EREG;FAS;IL6ST;PGF;SPP1
Etilefrine,0.6431705069124424,0.5583160385747852,4.158193792936129,10,,False,,,C3;CD55;CXCL8;EREG;HGF;IGFBP1;IGFBP4;PTGES;SERPINE2;VEGFA
Lidamidine,0.6431520737327188,0.2203353105932999,17.165202837909508,3,,False,,,AREG;CCL5;GDF15
L-701252,0.6431336405529953,1.7697788812059767,0.393587738694861,8,,False,,,C3;CCL5;CD55;CXCL1;CXCL8;GEM;LCP1;PLAT
L-655240,0.6429400921658985,0.4251337742729499,6.030268376050523,7,,False,,,BMP2;CD9;IGFBP1;IQGAP2;MIF;MMP1;SPP1
Sulfamethoxazole,0.6428018433179723,1.02255232373942,2.1672714908846915,9,,True,34.0,False,CCL20;CCL5;CD55;EGF;IL1A;IL32;LCP1;PGF;SERPINE1
SKF-38393,0.6427834101382488,1.5693378316135544,0.6535479890678071,8,,False,,,AREG;C3;CXCL12;CXCL2;CXCL3;EGFR;PLAT;PTGER2
SA-102096,0.6425161290322581,0.9509736617546494,2.3004059277539186,8,,False,,,ANGPT1;AXL;BEX3;CD55;CXCL10;CXCL12;IGFBP6;LCP1
XMD-1185H,0.6424976958525346,0.8742092153729171,2.672970092063468,6,,False,,,ANG;C3;CXCL3;CXCL8;IGF1;SPP1
BU-226,0.6423041474654377,1.5723362848917002,0.6345227852475842,8,,False,,,AREG;CCL20;CCL5;CXCL3;EREG;ETS2;HGF;VEGFC
Prednicarbate,0.6419447004608294,1.1046447961504091,1.7763605972832397,7,,False,,,BEX3;CXCL3;GDF15;IGFBP2;IGFBP3;IGFBP5;MMP10
LUC FBS,0.6416682027649769,0.8742092153729171,2.6480488967490974,6,,False,,,BMP2;CD9;IGFBP5;PLAT;PTGES;SERPINE2
UNC-669,0.6415299539170507,0.0764962348550215,18.684220901204338,7,,False,,,BMP2;CXCL2;CXCL3;HGF;IL1A;PLAT;PLAU
Lisuride,0.6414746543778801,1.4643246043958318,0.8558937791647985,9,,False,,,AREG;CCL20;CCL8;CXCL10;CXCL8;ICAM1;IGFBP1;IGFBP2;MMP13
Heptaminol,0.6411889400921659,1.2971503558835875,1.2575657477800528,7,,False,,,CXCL8;EREG;IGFBP1;IGFBP4;IGFBP5;SERPINE2;VEGFC
Isosilybin-B,0.640921658986175,1.311577007433797,1.2022837195179812,7,,False,,,CD55;DKK1;EREG;IGFBP4;MMP3;PLAUR;SPP1
Mecamylamine,0.6409032258064515,0.4102802504815181,6.117125801924016,7,,False,,,CD9;CXCL2;FGF1;GEM;IL18;IL32;PLAUR
Miconazole,0.6404147465437787,1.369303623741657,0.9784262050116168,7,,False,,,BEX3;BMP2;CD9;CST4;GEM;IGFBP2;IL6ST
Mannitol,0.6403778801843318,0.0403019602023653,24.955699549476225,6,,False,,,CD55;CXCL2;MMP1;SERPINB4;SERPINE2;TNFRSF11B
Latamoxef,0.6402027649769585,1.6522968309030908,0.3708098197546569,10,,False,,,CCL5;CXCL1;CXCL10;CXCL3;ETS2;IGFBP2;IL1A;MMP12;PLAU;TNFRSF1B
PF-04217903,0.6401658986175115,0.030905030147401,33.81795225010442,5,,False,,,ANGPT1;AREG;CD55;GMFG;VEGFA
Ronidazole,0.6400276497695853,1.5550976237229202,0.6530823908270851,7,,False,,,AREG;CCL13;CXCL8;GMFG;PLAT;PLAUR;SERPINE2
Ftorafur,0.639852534562212,1.4975693950375923,0.7313701440394581,7,,False,,,CD55;CXCL3;DKK1;GEM;IL6;TNFRSF1B;VEGFC
Oxolamine,0.6398341013824884,1.2349725955541562,1.4477802193223068,8,,False,,,CCL2;CD9;CXCL10;EREG;HMGB1;IL32;MMP12;PLAU
WAY-161503,0.6396866359447004,1.4900716076084797,0.7355101841936487,7,,False,,,AXL;CCL20;CXCL10;CXCL2;IGFBP2;IL18;PGF
Phloridzin,0.6395023041474655,1.0658053747156064,1.8970199303236253,7,,True,33.33,False,BMP2;CCL5;CD55;CD9;CXCL1;CXCL12;GEM
Pyrazolanthrone,0.6394654377880185,1.3450263545650385,0.9955645676616384,7,,False,,,AREG;CCL20;CD55;EREG;GEM;IGFBP1;MMP1
Sulindac,0.6393917050691245,0.7031744756963627,3.181692017353298,6,,False,,,CCL13;IGFBP1;IGFBP4;IQGAP2;MMP1;PLAU
AZD-7687,0.6391981566820276,1.0106937693641955,2.097990065406327,9,,False,,,AXL;CCL20;CD55;CXCL1;CXCL2;DKK1;GDF15;IL6;MMP2
RAN-14A,0.6391889400921659,1.068118223230292,1.8902681169112288,7,,False,,,AREG;BMP2;CCL20;CD55;CD9;IGFBP2;LCP1
10-DEBC,0.6391705069124424,0.0515167597550557,17.637209287188515,5,,False,,,C3;GDF15;IGFBP3;IL6ST;RPS6KA5
Tirofiban,0.6391152073732718,0.4005371514674652,6.079544826298379,6,,False,,,CD9;CXCL8;GDF15;MMP1;MMP9;VEGFA
Diclofenamide,0.6379907834101383,0.6831447652741113,3.209848325368019,5,,False,,,C3;CD55;CXCL12;IL6;PTGES
Moexipril,0.6378525345622119,1.297563299314794,1.1679098105697066,7,,False,,,BEX3;CXCL10;CXCL12;IL32;LCP1;SERPINE2;VEGFA
ZD-7288,0.6377142857142857,0.4501675148307695,4.976186635679639,7,,False,,,CXCL2;GDF15;GEM;IL6;MMP12;MMP13;MMP3
Gatifloxacin,0.6375852534562212,0.0266943697790038,25.297391848486665,6,,False,,,AXL;BEX3;CSF1;EREG;PLAU;VEGFA
Honokiol,0.6374746543778802,0.3213492310422423,8.079155241384385,5,,False,,,CXCL12;DKK1;MMP12;MMP9;VEGFC
Etofylline-Clofibrate,0.6374470046082948,0.4948829786878885,4.4705886681853455,9,,False,,,CSF1;CSF2RB;CST4;CXCL10;EREG;IGFBP5;MMP12;PLAUR;VEGFA
Phenethyl-Isothiocyanate,0.637032258064516,1.5962372695918174,0.3765330666301827,8,,False,,,AREG;CSF2RB;CXCL10;EREG;IGFBP2;IGFBP5;MMP12;VEGFA
Biochanin-A,0.6369861751152074,0.7900755940230951,2.7759490618102554,7,,False,,,ACVR1B;CCL20;CD55;GDF15;IGFBP2;IGFBP5;VEGFA
PHA-767491,0.6367834101382488,0.4404177194844059,5.043302097567964,7,,False,,,CD55;CSF2RB;CXCL12;DKK1;IGFBP5;IGFBP6;TNFRSF1A
Cefazolin,0.6362857142857142,1.3224459199116183,1.024562590971042,7,,False,,,CXCL2;DKK1;EREG;ETS2;IL18;MMP9;TIMP2
Carteolol,0.6362027649769584,0.2388980258391827,10.275045878445844,4,,False,,,GDF15;PLAT;SCAMP4;VEGFA
Salsolidine,0.6360921658986174,1.4189898954426203,0.8662359510764547,9,,False,,,AREG;BMP6;CD55;EREG;IL15;IL6ST;MMP12;PTGES;TIMP2
M-Chlorophenylbiguanide,0.6359354838709677,1.407197290781676,0.8807266777611416,9,,False,,,BMP2;CD9;CXCL3;CXCL8;FGF2;ICAM1;IGFBP6;IL6;VEGFA
Phenazone,0.6357695852534562,0.3076440569369731,8.19867662020617,5,,False,,,CXCL2;GDF15;IGFBP2;IL6;VEGFA
SPB02137,0.6356036866359446,1.5557826457946475,0.5540209947698458,8,,False,,,AXL;CCL20;CXCL1;CXCL2;CXCL3;CXCL8;IGF1;MMP3
Atorvastatin,0.635410138248848,1.463885147436349,0.7158174080155854,7,,False,,,AXL;CCL2;CXCL10;EDN1;FAS;IL6;SERPINE1
Ritanserin,0.635373271889401,0.6841872589054718,3.0804709447318377,5,,False,,,BMP2;GDF15;GEM;MMP10;MMP9
Naftifine,0.6352995391705069,0.5574576732572032,3.725670324065687,9,,False,,,BMP2;CXCL1;CXCL3;CXCL8;DKK1;EREG;IGFBP4;PLAUR;SERPINB4
Mepivacaine,0.6348755760368663,0.3143710696039877,7.76169131417572,5,,False,,,BMP6;CXCL12;CXCL8;IGFBP5;IL6ST
Amikacin,0.6346359447004608,0.4369061490410781,4.955150186941839,7,,False,,,AREG;BMP6;CXCL12;DKK1;IL6ST;MMP3;TNFRSF11B
IRL-2500,0.6343041474654377,0.5413036646298257,3.742182831765056,5,,False,,,BEX3;CD55;CXCL10;EGF;MMP3
Methyltyramine,0.634258064516129,0.675903600743402,3.131790646662795,6,,False,,,C3;CD9;CTNNB1;IL15;MMP12;MMP9
Rupatadine,0.6340092165898616,1.3328231883644714,0.9236427919188412,7,,False,,,CCL20;CXCL12;CXCL8;DKK1;IGFBP5;IL6ST;MMP1
Delavirdine,0.6339539170506913,1.7533065497833211,0.1788860404550694,11,,False,,,ANGPT1;C3;CCL8;CXCL10;DKK1;GEM;IGF1;IL1A;IL1B;IL6;SPP1
Irsogladine,0.6336958525345622,0.3417360929908225,7.219088055028195,6,,False,,,CCL2;CD9;GDF15;IGFBP2;IGFBP4;IL18
BG-1028,0.6332165898617511,0.2841034614235789,8.757144522784266,5,,False,,,ANG;AREG;C3;EREG;GDF15
Piperazine,0.6329124423963133,1.2752802557385174,1.2025853393088508,8,,False,,,CCL2;CD55;CD9;IGF1;IL32;PTGES;SERPINB4;SERPINE2
SA-1922796,0.6323502304147465,0.6997250977774434,2.884221183019633,6,,False,,,AREG;CCL20;CCL4;CCL5;PTGER2;SERPINE2
Ganaxolone,0.6321751152073732,1.8017833561910497,0.0080048612480012,8,,False,,,CCL4;CCL5;CST4;CXCL10;CXCL2;DKK1;GDF15;MMP1
Cinchocaine,0.6315207373271889,0.4768094275410643,4.235955278465101,8,,False,,,ANGPT1;CXCL1;CXCL8;IGFBP2;IGFBP5;MMP9;SERPINB4;TIMP2
SA-1447005,0.6315115207373272,1.7954304170187956,0.0238443608208701,8,,False,,,AREG;C3;CD9;CXCL1;IGF1;IGFBP3;IQGAP2;PLAT
SA-1458610,0.6312534562211981,1.0775787504097736,1.6221963503514536,7,,False,,,CTSB;CXCL1;CXCL8;ICAM1;IL32;MMP12;MMP9
SD-6-035-A10,0.6310230414746544,1.105517747710799,1.4643441755133977,6,,False,,,BMP2;EREG;FGF2;GMFG;IGFBP6;VEGFA
Carbidopa,0.6307649769585253,1.0967782510035935,1.5281036814118132,7,,False,,,BMP6;CD55;HGF;IGFBP1;IL32;MMP3;SERPINB4
Terguride,0.6304700460829493,0.381602880502936,5.641394878657958,6,,False,,,C3;CTNNB1;GDF15;IGFBP6;IL1A;PLAT
Dipropyl-Dopamine,0.6303963133640553,0.3850860786057454,5.490348599065565,6,,False,,,AREG;GDF15;IGFBP5;IL15;IL6ST;MMP3
KUC111109N,0.6302857142857142,1.5932726811457252,0.2280482304431416,8,,False,,,BEX3;CD55;CSF2RB;CXCL10;IL32;MMP9;SELPLG;SERPINE2
Eudesmic-Acid,0.6300460829493088,0.4251378184135674,4.807332852888587,7,,False,,,CD9;CXCL3;GEM;IGFBP3;MMP10;TNFRSF11B;VEGFA
Trientine,0.6300092165898618,0.5837608361383606,3.4374462782080353,10,,False,,,CXCL1;CXCL2;CXCL3;CXCL8;CXCR2;DKK1;IGFBP4;IGFBP5;MMP9;TIMP2
ONO-4059,0.6299631336405529,1.2651961688434143,1.1570200243836344,8,,False,,,BEX3;CSF2RB;CXCL8;DKK1;JUN;MMP9;PLAU;VEGFA
Tenidap,0.6296958525345622,0.3533649847775278,6.471178945352208,6,,False,,,CXCL12;GEM;MMP1;MMP12;MMP9;SERPINE2
Histamine,0.6293824884792626,1.4289462472564904,0.6896495333058246,9,,False,,,AXL;BMP2;C3;CD55;CST4;HGF;IL6;MMP2;TIMP2
HTS-11203SC,0.6288940092165899,0.6726845033647695,2.957599479553835,6,,False,,,CXCL12;CXCL8;IL18;IL6ST;MMP3;MMP9
Gramine,0.628811059907834,1.474980402893422,0.5459226340554115,9,,False,,,BMP2;CD55;CSF2RB;CXCL2;CXCL8;DKK1;GDF15;GEM;IGFBP6
Idebenone,0.628774193548387,1.072007868830163,1.5793252886776543,10,,False,,,AREG;CD9;GDF15;IL1A;MMP1;MMP10;MMP3;MMP9;PLAT;VEGFA
Chloroform,0.628700460829493,0.686117507354082,2.7663270667601116,6,,False,,,CXCL2;CXCL8;IGFBP5;IL6ST;SERPINE2;VEGFC
Glucosamine,0.6284147465437787,1.3350580155450882,0.8005450629947268,7,,False,,,CTSB;CXCL8;DKK1;MMP9;PLAU;SERPINE2;VEGFC
UTMB-00530,0.6281290322580645,0.4785057051004662,4.022900349983236,8,,False,,,AREG;CXCL8;DKK1;GEM;IL6;MMP10;PLAT;VEGFC
Proxyfan,0.6280829493087557,0.5273086544776787,3.589214971520851,5,,False,,,BEX3;C3;CCL8;CD55;IL32
Methyl-Fasudil,0.6280276497695853,0.6801221142211165,2.820566961596948,5,,False,,,CXCL8;GDF15;IGFBP5;MMP1;SERPINE2
SA-86418,0.6276774193548387,0.7625995781217716,2.6250660887730213,5,,False,,,ANG;AXL;DKK1;GDF15;IGFBP6
SA-1939838,0.6274654377880184,0.0403596367626938,10.656060456007676,5,,False,,,CCL5;DKK1;EDN1;GDF15;MMP12
Olprinone,0.6272811059907835,1.3729216599395635,0.682203940952466,12,,False,,,AXL;CCL20;CCL5;CCL8;CD55;CD9;GDF15;IL18;IL32;MMP13;TIMP2;VEGFA
Hippeastrine,0.6272534562211981,0.2156650460480674,8.95194251272732,4,,False,,,CXCL1;IGFBP2;PLAT;TNFRSF1A
Norfloxacin,0.626847926267281,0.4538507234737183,4.1800941697359795,7,,False,,,CXCL12;CXCL8;GDF15;IGFBP5;SERPINE2;SPP1;VEGFC
Ibuprofen,0.6260829493087556,1.3163723490829704,0.8413268075966936,12,,True,23.0,False,BMP2;CCL20;CD55;CXCL10;CXCL2;CXCL3;IL18;IL32;MMP9;RPS6KA5;SPP1;VEGFA
CB-10-277,0.6259723502304148,0.3633837863865334,5.746288233351161,6,,False,,,CD9;CXCL2;DKK1;EREG;GEM;IL18
SB-2343,0.6259723502304146,0.9330639078503448,1.8441344361551524,6,,False,,,CXCL10;GDF15;IGFBP2;IGFBP5;IGFBP6;MMP12
Pirlindole,0.6259170506912443,0.7651929734262709,2.5643560815256587,7,,False,,,CCL5;GDF15;IGFBP3;IGFBP6;IL32;PLAT;SPP1
S-ruxolitinib,0.6255668202764977,1.105747787493886,1.3237319318167091,10,,False,,,ANG;CXCL8;MMP1;MMP10;MMP3;MMP9;PGF;PLAU;SERPINB4;SPP1
Proadifen,0.6254009216589861,0.4834650138145644,3.8343313584715895,8,,False,,,C3;CCL20;CXCL2;CXCL8;GDF15;IGFBP6;IL6;VEGFA
Cefoxitin,0.6253179723502305,0.2970560291531828,6.971163504567121,5,,False,,,CTSB;HGF;IGFBP1;IGFBP6;PLAT
Oltipraz,0.6251612903225806,0.9443217055430272,1.7986726241621451,8,,False,,,AREG;BEX3;CSF2RB;EGF;IGFBP2;IGFBP5;SERPINE2;SPP1
Varenicline,0.6251336405529954,0.0210969020779734,11.97827682879569,4,,False,,,CXCL12;CXCL2;CXCL8;SPP1
Phenindione,0.6249769585253456,0.4146149769385188,4.633529045139355,7,,False,,,AREG;CD9;DKK1;GDF15;IL6ST;PLAT;SERPINE2
Benzocaine,0.6248294930875575,1.632997223304351,0.0227235645037902,10,,False,,,AREG;CD55;CTSB;CXCL1;CXCL8;GMFG;IGFBP2;PLAT;PLAU;PLAUR
Fisetin,0.6244608294930876,1.314101480917373,0.8159173283913503,7,senolytic,True,55.0,True,CSF2RB;CXCL2;CXCL3;IGFBP2;IGFBP3;RPS6KA5;SPP1
Iniparib,0.6244516129032258,0.009949805886503,18.661065732802804,5,,False,,,AREG;CXCL12;CXCL2;ETS2;IL15
Losartan,0.6241935483870967,0.006651956211622,28.96736966762974,6,,True,19.32,False,BMP2;CXCL8;GDF15;PGF;PLAT;VEGFA
SA-247654,0.6237511520737327,1.4882417686831133,0.3708098197546569,9,,False,,,ANG;ANGPT1;GDF15;IGFBP6;IL1A;IL32;MMP10;PTGES;SERPINE2
Alprenolol,0.6237327188940092,1.4443683739560862,0.533747027564487,9,,False,,,AREG;CCL20;CXCL3;CXCL8;DKK1;EREG;IGFBP3;IL1A;PLAU
LY-165163,0.6237235023041474,1.2494368970019607,1.048039597171821,8,,False,,,AREG;DKK1;EREG;ETS2;GEM;PLAT;PLAUR;SERPINE1
Acea,0.6232534562211981,1.2955113869187622,0.8610362074234179,8,,False,,,ANG;CCL4;CXCL12;CXCL2;IGFBP4;IGFBP5;SPP1;TNFRSF1B
Chlormezanone,0.6228018433179723,1.290158042982516,0.8861610104453107,8,,False,,,CD9;CSF2RB;CXCL2;CXCL3;DKK1;IL32;TNFRSF1B;VEGFA
Montelukast,0.622663594470046,0.3699931959646028,5.242508928192729,6,,False,,,AREG;CD9;DKK1;EREG;IGFBP5;IGFBP6
Olomoucine,0.6225806451612903,1.3010013042042825,0.8164945449049931,7,,False,,,BEX3;GEM;IGF1;IL1B;IL6ST;MMP9;SPP1
Penitrem-A,0.6225622119815668,0.3357213204198181,5.998384457716423,6,,False,,,AREG;CXCL2;CXCL8;DKK1;EREG;GDF15
TL-HRAS-27,0.6225161290322581,0.9407121453577292,1.7066281730264117,8,,False,,,BEX3;CCL8;CD55;CXCL10;DKK1;EDN1;IQGAP2;RPS6KA5
SM-21,0.6222488479262673,1.4732299152733368,0.379245718153294,7,,False,,,BEX3;CD9;CSF2RB;CXCL8;IGFBP4;SPP1;TNFRSF11B
GPR151 M617,0.6220092165898616,0.8872830488332759,1.9689999793431148,6,,False,,,AREG;DKK1;IGFBP5;PLAT;SERPINE2;TNFRSF11B
Amlodipine,0.6219354838709676,0.2353142967353403,7.259911809390757,4,,False,,,AXL;CXCL12;EDN1;IL32
SA-423131,0.6216497695852534,0.3446833161109052,5.718530481616248,6,,False,,,AREG;CCL20;GDF15;IGFBP5;IL6;PLAT
SA-1456195,0.6216221198156681,1.062922762649589,1.421580921875076,6,,False,,,CCL20;CCL4;CD9;CXCL8;MMP9;SERPINE2
PSB-069,0.6215668202764977,0.1435599287385379,8.021867122621588,3,,False,,,AREG;CCL20;SPP1
Ozagrel,0.6215391705069124,0.0106693627207997,13.56306578935214,4,,False,,,AREG;IGFBP6;IL18;SERPINE2
Rofecoxib,0.6214654377880184,0.0356827796538917,9.124823601134873,5,,False,,,AREG;CCL5;CXCL8;DKK1;IL6
Dexbrompheniramine,0.6212718894009217,0.6788354970978532,2.6293210110596568,6,,False,,,ACVR1B;C3;GDF15;IGFBP5;VEGFA;VGF
Tolazoline,0.6212165898617512,0.0613941923011287,8.220919525456045,8,,False,,,ANG;AREG;BMP2;CD55;CSF2RB;IGFBP2;MMP12;MMP9
Propanoic-Acid,0.6212165898617511,1.1293599550203393,1.1278023267060788,10,,False,,,ACVR1B;CD9;CXCL10;CXCL12;GDF15;GEM;IGFBP6;MMP12;PLAT;SPP1
Shikonin,0.6211428571428572,1.0593599983134363,1.4253400339574227,9,,False,,,AREG;CXCL1;GEM;IGFBP2;IGFBP5;IL32;MMP12;PLAU;VEGFA
Isoniazid,0.6209585253456221,0.4302112843910239,4.16094717804925,7,,False,,,CD55;GDF15;MMP1;MMP13;PLAU;SPP1;WNT2
SA-1457188,0.6208940092165898,0.7968116280486999,2.259316426022807,7,,False,,,C3;CCL5;CCL8;GDF15;IGFBP6;IL6;PLAU
Roxatidine,0.6208571428571428,0.9612953223680212,1.6445367658302918,8,,False,,,ANG;CCL2;CCL8;CXCL10;ETS2;IGFBP2;IL15;VEGFA
CCMI,0.6207281105990783,0.3580301369725814,5.487073248103745,6,,False,,,ANGPT1;CCL20;CXCL1;IGFBP3;MMP1;MMP2
P-1075,0.6204976958525346,0.2855319282694855,6.564670176336331,5,,False,,,BMP2;CCL20;CD9;CXCL8;SEMA3F
Quipazine,0.6203594470046083,0.813551301217303,2.1424178378015797,7,,False,,,CD9;CXCL10;CXCL3;IGFBP5;IGFBP6;PLAUR;RPS6KA5
Fludarabine,0.6202672811059908,0.0086570576445687,14.076150613546366,3,,False,,,CXCL12;IGFBP4;SPP1
Raloxifene,0.6201382488479262,0.926976942371834,1.681968376367195,8,,False,,,AREG;AXL;CXCL12;EDN1;FAS;GMFG;PLAT;SERPINE1
Ormetoprim,0.6199262672811059,0.3145692021273139,5.836488929641401,5,,False,,,CXCL12;IL1A;MMP1;MMP10;VEGFA
Dimethyl-Terephthalate,0.6197972350230414,1.5586684688927548,0.1403349081291101,8,,False,,,AXL;CD55;CXCL12;GEM;IGFBP4;PTGER2;RPS6KA5;WNT2
Conivaptan,0.6197419354838709,0.3783479392664871,4.802471020135426,6,,False,,,BEX3;IGFBP2;IQGAP2;JUN;MMP12;PLAT
Naftidrofuryl,0.6196866359447004,1.255290397848062,0.928318336616126,8,,False,,,ANG;BMP6;CTSB;IGFBP2;MMP12;SPP1;TNFRSF1B;VEGFA
Tulobuterol,0.619299539170507,0.3615646791563748,5.26575150515181,6,,False,,,CCL2;CXCL12;IL1B;IL6;LCP1;SPP1
MW-SHH-28,0.6189493087557603,0.7037566278842834,2.441920393874736,5,,False,,,CD55;CXCL12;IGFBP5;IGFBP6;SERPINE2
CPCCOEt,0.6189124423963134,0.4683629693802795,3.655667094072911,8,,False,,,CXCL8;DKK1;IGFBP2;IGFBP6;IL6ST;MMP3;PTGES;SERPINB4
AD-5467,0.6188571428571429,0.6285733372675635,2.926806939277848,11,,False,,,ANGPT1;AREG;BEX3;CCL8;CD55;CXCL8;DKK1;IL6ST;MMP1;MMP12;MMP3
SU-16f,0.6185622119815668,0.862014908091413,1.9791497408722416,8,,False,,,ANG;AREG;CCL5;GMFG;IGFBP2;IL18;MMP9;SELPLG
Aminophylline,0.6185345622119816,1.4325098195808617,0.4408128368940181,9,,False,,,AREG;DKK1;IGFBP2;IGFBP5;MMP12;MMP9;SERPINE2;TNFRSF11B;VEGFA
GANT-61,0.618294930875576,1.522980182082338,0.1948818264875047,7,,False,,,AXL;C3;CCL8;DKK1;IGFBP2;IGFBP5;PLAT
Diallyl-Phthalate,0.6181935483870967,1.4577151948177625,0.3636885460657597,9,,False,,,AXL;BMP6;DKK1;EREG;IL18;MMP1;MMP10;SERPINE1;TNFRSF11B
MS-023,0.6180276497695852,1.2803419271493617,0.8204400997670044,8,,False,,,AREG;C3;CXCL12;EGFR;GEM;IGFBP4;PLAT;SERPINB4
Aminoresveratrol,0.6179447004608294,0.4055638755166789,4.263841564275828,6,,False,,,AREG;BEX3;CXCL8;IGFBP4;IL6ST;SERPINE2
LY-379268,0.6178617511520738,0.65962214445798,2.7004016098047248,11,,False,,,CCL4;CCL5;CXCL10;DKK1;GDF15;GEM;IGFBP1;MMP1;MMP12;SPP1;TNFRSF1B
Propantheline,0.6174470046082949,0.9070207119320884,1.699763955354059,8,,False,,,CCL2;CCL20;CCL5;DKK1;GEM;IGFBP6;LCP1;SERPINB4
Linezolid,0.6172718894009217,0.456699416307859,3.6616893833665745,8,,False,,,CCL5;CSF2RB;DKK1;GEM;IGFBP5;RPS6KA5;SERPINE2;VEGFC
Bindarit,0.6172258064516128,1.2853686511985756,0.7859619879868305,8,,False,,,CCL8;CXCL2;CXCL8;IGFBP1;IGFBP5;IL7;VEGFA;VEGFC
TEPP-46,0.6171705069124424,1.106114885134426,1.1362326158218845,7,,False,,,BMP6;CCL20;CCL5;CD55;EDN1;IGFBP6;IL32
Senicapoc,0.6165622119815668,0.9070207119320884,1.675691113322996,8,,False,,,CD55;CSF2RB;CTNNB1;FGF1;IGF1;KITLG;MMP3;RPS6KA5
TCDD-dioxin,0.6156774193548387,0.4020856760771445,4.1606063002136215,7,,False,,,BEX3;C3;CCL20;CXCL2;CXCL8;IL32;IL6
Salicylic-Acid,0.6155023041474654,0.5813748375444847,2.8236204440444164,9,,False,,,BMP2;CCL2;CCL20;CCL8;CXCL10;CXCL2;CXCL3;IL7;TNF
Cinacalcet,0.6152534562211982,1.0106937693641955,1.4306072993935843,9,,False,,,CD55;CXCL1;CXCL12;CXCL3;JUN;MMP10;MMP3;PLAU;PTGES
Saquinavir,0.6150783410138249,0.6720537122988701,2.495466182443415,6,,False,,,CCL5;IGFBP2;IL32;MMP1;MMP10;MMP9
KU-C104253,0.6149769585253456,1.0977196509600682,1.1428720528633165,7,,False,,,CD9;CTSB;HGF;IGFBP2;IGFBP4;SPP1;TNFRSF11B
Metyrapone,0.6144700460829493,0.0248826205968242,8.278291238666265,7,,False,,,CCL8;CXCL10;ETS2;IL32;LCP1;MMP12;RPS6KA5
Cyclohexanone,0.6144239631336406,1.0893752119658229,1.1551484794574385,7,,False,,,C3;CCL4;CCL5;CD9;CSF2RB;MMP9;RPS6KA5
Phenamil,0.6142764976958525,1.4936920894366137,0.1234513950553547,9,,False,,,CD55;CXCL12;EGF;GEM;IGFBP2;IGFBP5;PGF;PTGES;SPP1
EPZ-005687,0.6140276497695852,1.202422100043418,0.8888770658175731,10,,False,,,C3;CCL2;CCL4;CCL5;FGF2;IGFBP2;MMP1;MMP12;SERPINE2;TNFRSF11B
Azithromycin,0.6139539170506911,0.2905240058292774,5.808778675676577,5,senolytic,False,,,DKK1;EREG;IL15;MMP12;VEGFC
Cinepazide,0.6134930875576037,0.7835254830996915,2.106751653329535,7,,False,,,CCL8;CD55;DKK1;IL1B;SPP1;VEGFA;VEGFC
Ginkgetin,0.6131244239631336,1.3413213046363268,0.4236812907870472,7,,False,,,BEX3;CCL20;CD55;IGFBP3;IL32;JUN;PGF
MD-II-051,0.612552995391705,0.7683401643194376,2.13407598515499,7,,False,,,AREG;CCL20;EREG;GDF15;IGFBP2;IGFBP3;SERPINE2
Fomocaine,0.6115760368663594,0.6826417400826603,2.295612212775046,6,,False,,,C3;CCL20;CD9;CXCL1;CXCL8;MIF
Mometasone,0.6112811059907834,1.095663700598783,1.0553974916339917,10,,False,,,BMP2;CXCL1;CXCL8;EREG;GDF15;IGFBP3;IQGAP2;MMP10;SERPINE2;TIMP2
Benzene,0.6110967741935484,1.0810811445766064,1.117232319318247,7,,False,,,AREG;BMP2;C3;CCL20;CCL5;DKK1;SERPINE2
MNITMT,0.6110230414746542,1.0187306079780007,1.313400122656088,6,,False,,,CCL5;CSF2RB;GEM;HGF;MMP12;MMP9
SR-95639A,0.6108571428571428,0.3733212152172734,4.260360800411056,6,,False,,,AXL;CCL5;CD55;CXCL10;GMFG;IL32
Lobenzarit,0.610700460829493,0.0101585947310401,9.214630245841825,5,,False,,,C3;CD9;CTSB;CXCL2;MMP9
Hyperin,0.6106728110599078,1.2982834315991618,0.5549236040323549,11,,False,,,C3;CCL5;CXCL12;CXCL2;CXCL3;EREG;ETS2;ICAM3;IGFBP2;IGFBP4;IGFBP6
Chlorobenzene,0.6101198156682028,0.5488977301886558,2.6862308972056645,5,,False,,,CXCL8;DKK1;MMP3;SPP1;VEGFA
Anethole,0.6096589861751152,0.4471558588236641,3.3681514525131133,7,,False,,,AREG;CCL5;CXCL12;IGFBP6;JUN;MMP1;RPS6KA5
Ethoprop,0.6096313364055299,1.2802766418632645,0.6473217417777272,8,,False,,,C3;CXCL1;HMGB1;IL1A;IL6;MMP9;SERPINE2;VEGFA
Prednisolone,0.6095852534562212,0.6688719450957645,2.361423596502944,6,,False,,,BEX3;CD55;CXCL3;IGFBP5;MMP12;SERPINE2
SDZ-205-557,0.6093640552995391,0.3483033133666834,4.6717531726628465,6,,False,,,ANG;CXCL1;CXCL8;IL1A;MMP9;PLAU
MW-STK33-2C,0.6091797235023041,0.3666263505672192,4.3281300150872895,6,,False,,,CD55;CSF2RB;CTSB;IGFBP5;IQGAP2;RPS6KA5
TFMPP,0.6088940092165899,1.2702578402542586,0.654523187221768,8,,False,,,CCL5;CST4;CTSB;CXCL12;CXCL8;MMP10;SCAMP4;VEGFA
SA-103021,0.6088755760368663,0.0149765299357167,8.190203391671398,5,,False,,,CCL20;DKK1;GDF15;IGFBP1;TNFRSF11B
Nefazodone,0.6087373271889401,0.4351628710783424,3.4660787212773574,7,,False,,,BMP2;CTNNB1;CXCL2;CXCL3;CXCL8;MIF;MMP12
Toloxatone,0.6084239631336406,1.1095906524058476,0.9211412006090568,7,,False,,,ANGPTL4;AREG;CXCL1;CXCL10;CXCL2;CXCL8;EREG
GSK-1059615,0.6078341013824885,0.6608497618047914,2.404932003749332,5,,False,,,CXCL8;IL32;LCP1;MMP12;SPP1
Clonazepam,0.6078341013824884,0.0202268226152897,7.39655670660145,8,,False,,,ACVR1B;BMP2;CD9;CSF2RB;CXCL2;CXCL8;IGFBP5;IGFBP6
Metoxibutropate,0.6074009216589862,1.0190382083584408,1.2501900852989758,9,,False,,,AREG;CXCL1;CXCL12;CXCL2;CXCL3;CXCL8;GEM;IGFBP5;VEGFA
Farnesylthioacetic-Acid,0.6072258064516128,1.4290774916830866,0.1676398007296142,9,,False,,,ANG;CCL20;CD55;CXCL1;CXCL8;ETS2;IGFBP2;MMP12;MMP9
Anpirtoline,0.6068663594470046,0.4334278416621664,3.404216098471794,7,,False,,,AREG;CCL20;CTNNB1;CXCL10;CXCL2;EREG;VEGFA
SL-0101-1,0.6065253456221198,0.0256639780448861,6.897297389867086,5,,False,,,ANGPT1;CD9;CTSB;GDF15;IL1B
STK-064652,0.6063963133640553,0.0084464581607848,8.60673961961063,7,,False,,,CCL20;CXCL8;GDF15;IGF1;MMP12;PLAU;VEGFA
Fingolimod,0.6062857142857143,1.05229586858498,1.1000372449293423,7,,False,,,AXL;CXCL12;GEM;IGFBP4;SERPINE1;SERPINE2;SPP1
Cyclopenthiazide,0.6061013824884792,0.0507161401940901,6.197277376680199,8,,False,,,AREG;BMP2;CD9;CXCL12;DKK1;GEM;PLAT;VEGFC
ML-213,0.6060829493087557,1.285422991458704,0.537943835172602,8,,False,,,C3;CTSB;CXCL8;DKK1;IGFBP4;IL32;SERPINE2;TNFRSF11B
YO-2,0.6060460829493087,1.3477857285186163,0.238172236882554,7,,False,,,CD55;CXCL1;CXCL8;EDN1;GDF15;IGFBP6;IL32
Proxymetacaine,0.6059539170506911,0.3351715087613556,4.546491939374633,5,,False,,,AREG;CSF1;CTNNB1;DKK1;LCP1
Azacitidine,0.6058801843317971,0.2409934882505735,5.376354297879162,5,,False,,,CCL5;CD9;IGFBP5;SEMA3F;SPP1
L-161982,0.6057235023041474,1.061901582165787,1.0564305169210968,6,,False,,,DKK1;IL1A;IL1B;IQGAP2;MMP14;MMP9
WAY-405,0.6057142857142856,1.255170244505312,0.639448204813071,8,,False,,,BEX3;C3;CCL8;CST4;CXCL1;CXCL12;IGFBP5;LCP1
Theobromine,0.6055023041474653,0.383508350248853,3.787639119422694,6,,False,,,ACVR1B;BEX3;CXCL1;IGFBP2;MMP12;MMP9
Ipriflavone,0.6054193548387097,0.5158175065461755,2.758510390346783,5,,False,,,CD55;CXCL1;CXCL10;CXCL3;MMP2
P-Nitroaniline,0.6051428571428571,1.2893687249104204,0.4925403863631566,7,,False,,,CCL20;CCL4;CCL5;CD9;CXCL2;GEM;IL7
MW-A1-18,0.6044331797235023,0.4417722806564117,3.1983091320088324,7,,False,,,ACVR1B;CD55;CD9;EREG;GDF15;IGFBP2;IL18
MW-STK33-2B,0.604110599078341,0.2791797886310384,5.094845957171536,5,,False,,,BMP2;CCL2;CXCL1;CXCL8;PLAU
PHTPP,0.6039354838709677,0.4334278416621664,3.2589201228608773,7,,False,,,BMP6;CCL4;CD9;CTSB;CXCL10;CXCL3;MMP12
SA-103123,0.603741935483871,1.1145613432952108,0.8029004469467966,7,,False,,,AREG;DKK1;GDF15;PLAT;SERPINE2;SPP1;VEGFA
LM-1685,0.6036682027649769,0.0468691805782262,6.039568850936008,6,,False,,,BEX3;EREG;IGFBP2;IGFBP5;SERPINE2;TNFRSF11B
RN-1,0.6036405529953917,0.9641502917085796,1.2250479554012264,8,,False,,,C3;CTNNB1;CXCL12;CXCL8;GDF15;IGF1;IL7;RPS6KA5
Penciclovir,0.6033548387096774,0.3432063900464877,4.318097367386226,6,,False,,,CD55;CXCL2;CXCL3;CXCL8;DKK1;SPP1
ARG-CSC-22,0.6031520737327188,0.4018176692912315,3.5480649085803986,6,,False,,,CCL20;DKK1;FAS;IL6ST;SERPINB4;SPP1
Buddleoflavonoloside,0.6029677419354839,0.0327604141014792,6.23321482390099,4,,False,,,BEX3;C3;CCL8;CXCL8
Syringic-Acid,0.6025990783410138,0.0682021674658051,5.691803343864318,7,,False,,,AXL;CD9;GEM;ICAM1;IGFBP3;SERPINE1;VEGFA
N-Methylphenothiazine,0.602516129032258,1.3329587414128306,0.1892508737812094,7,,False,,,ANGPT1;CCL5;CSF2RB;EDN1;GDF15;HMGB1;IGFBP4
VU-0414833-2,0.6020829493087558,1.3002421298776192,0.3570535867302672,8,,False,,,C3;CCL20;CTSB;CXCL10;HGF;IL32;TNFRSF11B;VEGFA
1-HYDROXYANTHRAQUINONE,0.6020184331797235,1.2955113869187622,0.3675541449380355,8,,False,,,CCL20;CCL8;CXCL1;CXCL10;CXCL2;ICAM1;MMP10;SERPINE2
NGB-2904,0.6019354838709676,0.7632076808057858,1.8469860886979856,7,,False,,,ANG;AXL;BMP6;CD55;GDF15;GEM;SERPINE2
Ro-04-6790,0.6018986175115206,0.3866498141717759,3.6117363279754335,4,,False,,,AREG;CD55;CXCL8;HGF
KU-C104137,0.6017972350230415,0.8874705811626085,1.4163693792228522,6,,False,,,ANGPT1;AREG;BMP2;CCL4;IGF1;MMP3
REV-5901,0.6016958525345621,0.0041804101394307,8.727072066446885,3,,False,,,IL18;PLAUR;PTGES
Octreotide,0.6016682027649769,1.2802766418632645,0.4715957324006266,8,,False,,,CCL20;CD9;EGF;GDF15;IGFBP2;MMP12;MMP9;SCAMP4
Meticrane,0.6009032258064516,0.7966878795243902,1.669658471760163,7,,False,,,ANGPT1;AXL;CXCL10;CXCL8;IGFBP2;IL18;PTGES
SA-1919345,0.600847926267281,0.9098589686724792,1.2759658889213417,6,,False,,,BMP6;CXCL12;ICAM1;IGFBP2;IL6ST;TNFRSF11B
ML-193,0.6008294930875575,0.3783758667352012,3.669813329516046,6,,False,,,BMP6;CTSB;CXCL10;IL32;MMP9;SERPINE2
NVP-DPP728,0.6007465437788018,0.006651956211622,8.148910541820397,6,,False,,,AREG;CD55;CXCL2;DKK1;GEM;RPS6KA5
Ascorbic-Acid,0.6006543778801843,0.3932214179455308,3.4833724872328395,6,,False,,,GDF15;GEM;GMFG;IGF1;IGFBP5;PLAT
GSK-0660,0.6005345622119815,0.0361829142062298,5.87862870774658,5,,False,,,AREG;CXCL3;IGF1;IL1A;IL1B
Altanserin,0.6004147465437788,0.4582788824851764,2.900868735077769,8,,False,,,BEX3;BMP2;C3;CD55;IGFBP4;IL32;SERPINE2;TNFRSF11B
Phenyl-Aminosalicylate,0.6001013824884792,0.5302342481753813,2.4767369763979072,5,,False,,,CD9;CXCL10;IQGAP2;MIF;SPP1
Vicriviroc,0.5994746543778802,0.3599743943555972,3.929222411451128,6,,False,,,AREG;CTSB;DKK1;GDF15;PLAT;SPP1
Morin,0.5990967741935483,0.5036750668973933,2.6360185863343064,5,,False,,,ACVR1B;CD55;IGFBP2;IL18;SERPINE2
WAY-100635,0.5989308755760369,1.330841154085976,0.122795786719406,7,,False,,,CCL4;CD9;CXCL1;CXCL8;MMP3;PGF;PLAUR
KIN001-269,0.5987465437788018,0.0108689124778212,6.885206265513691,3,,False,,,CD55;IL32;MMP2
Tetradecylthioacetic-Acid,0.5987465437788018,0.6923833992413468,1.8667361550227684,5,,False,,,AREG;CXCL2;CXCL8;DKK1;IL32
Zosuquidar,0.5985253456221198,1.2598824931149253,0.4687718645474321,8,,False,,,BMP2;CCL20;CD55;CXCL1;CXCL2;CXCL8;IGFBP1;IL32
Orphenadrine,0.5984516129032258,0.4768094275410643,2.699114965819544,8,,False,,,AREG;C3;CCL20;CD55;CXCL8;GDF15;IGF1;IL32
Mibampator,0.5979907834101381,0.6793793680148237,1.9173716794031637,6,,False,,,CXCL2;CXCL8;IL32;IQGAP2;PLAUR;SPP1
CMAP-PRISM-TP7,0.5978894009216589,0.0537393870657982,5.347783066038344,6,,False,,,AREG;CD9;CXCL10;FAS;ICAM1;IGFBP2
Isofloxythepin,0.5974193548387097,0.4369061490410781,2.935606374939918,7,,False,,,ANG;IGFBP2;IL1B;IQGAP2;JUN;LCP1;SPP1
JMV-431,0.5973456221198157,1.3541998647202904,0.0100613944069576,7,,False,,,CD55;CXCL1;EREG;IGFBP2;IQGAP2;MMP9;VEGFA
Salbutamol,0.5973271889400921,0.4497807662133211,2.833133082815055,8,,False,,,BEX3;CD55;CD9;GDF15;IGFBP2;IGFBP5;TNFRSF11B;VEGFA
TC-1,0.5972073732718894,0.0100883954600581,6.884658706595152,5,,False,,,AREG;CXCL12;EREG;IGFBP5;TNFRSF11B
YL-53,0.5969861751152074,1.3329587414128306,0.0617604594337248,7,,False,,,AXL;C3;CD9;IGFBP2;IGFBP5;PLAUR;PTGES
Tenofovir,0.5967926267281106,0.8964990965563892,1.2643218057494543,6,,False,,,BEX3;GDF15;IGF1;IGFBP6;MMP10;PLAT
ML-130,0.5965990783410138,0.22472626895155,4.833086882204691,4,,False,,,IGFBP5;JUN;SERPINB4;VEGFA
Thioproperazine,0.5964976958525345,0.8897609572171309,1.2776726650869936,6,,False,,,BEX3;BMP2;CD55;MMP3;PTGES;TNFRSF11B
Apramycin,0.5964700460829493,0.4751205748203191,2.6657774066214732,8,,False,,,ACVR1B;CCL2;CCL5;CTSB;IGFBP1;IGFBP2;IL6ST;PLAT
Trazodone,0.5963963133640553,0.6801221142211165,1.8653366311148316,5,,False,,,AREG;BEX3;CXCL10;DKK1;MMP9
KB188-III-56,0.596073732718894,0.4319196032125505,2.963851458141853,7,,False,,,CCL20;CD9;EREG;IGFBP6;IL18;PTGES;SERPINE2
Dalargin,0.5960460829493087,0.675903600743402,1.8861175394956715,6,,False,,,ACVR1B;CSF2RB;CXCL1;CXCL2;CXCL3;IGFBP4
Dibutyrylcyclic-Gmp,0.5956497695852534,0.4734390894764622,2.6538244429473092,8,,False,,,CCL4;CCL5;CCL8;CSF2RB;CXCL12;IL32;MMP9;SERPINB4
Mocimycin,0.5954009216589862,1.3350580155450882,0.0230963605119045,7,,False,,,CCL1;CCL4;EREG;IGF1;LCP1;PLAT;PLAU
Danazol,0.5951612903225806,0.5136248727838963,2.47334224724605,5,,True,13.0,False,CD9;IGFBP2;MMP12;SERPINE2;VEGFC
620 7033 4251,0.594884792626728,0.383508350248853,3.2915746716250736,6,,False,,,BMP2;CCL20;CCL5;CXCL10;IL15;PTGES
CT-200783,0.5948571428571429,0.3817794679446703,3.3193427991471913,6,,False,,,AREG;C3;CCL2;CCL20;CXCL2;ETS2
Sulfaguanidine,0.5948571428571429,1.282904301028131,0.2783611048611548,7,,False,,,ANG;CCL20;CXCL2;CXCL8;IQGAP2;MMP12;VEGFA
SA-1921996,0.5947465437788018,0.692899292153065,1.7238344004889563,6,,False,,,CCL20;CXCL8;ICAM1;IL15;MMP12;WNT2
7-Hydroxystaurosporine,0.5942672811059907,0.9168928554767308,1.0968582851229134,8,,False,,,CCL4;CXCL8;DKK1;IGFBP5;IL1B;PLAT;PLAUR;RPS6KA5
Pifithrin,0.5942488479262673,1.0650575716378985,0.8076213042371305,10,,False,,,C3;CCL20;CD55;CXCL8;DKK1;GDF15;IGF1;IGFBP5;MMP12;VEGFA
KU-C103881,0.5939447004608294,0.0210969020779734,5.646643208123307,4,,False,,,AREG;CXCL8;GDF15;MMP9
ST-019386,0.5937695852534561,0.7867928264396943,1.5435680520257646,7,,False,,,AREG;CD55;CTSB;IGFBP4;IL32;MMP12;PLAT
SB-705498,0.5935391705069124,0.890198485697727,1.2243576125862017,8,,False,,,C3;CCL20;CXCL1;CXCL10;CXCL2;CXCL8;IL1B;MMP10
N-MPPP,0.5934654377880184,1.2752845643034725,0.2909310474557344,8,,False,,,AREG;BMP2;CCL4;IGFBP2;MMP1;MMP3;PGF;VEGFA
Ponalrestat,0.5934101382488479,0.3699931959646028,3.4433014604545686,6,,False,,,AREG;CD55;CTNNB1;HGF;IGFBP5;MMP12
Zibotentan,0.5933456221198157,0.3650011184048108,3.5600284716265453,6,,False,,,ANGPTL4;CD55;GDF15;IGFBP1;IGFBP3;SEMA3F
Isosilybin-A,0.5932165898617511,0.2905240058292774,4.216604101478648,5,,False,,,BMP2;CCL13;DKK1;EREG;SERPINB4
Clomipramine,0.5931889400921658,0.3969334296198419,3.1452479717263544,7,,False,,,CCL5;DKK1;FGF1;IGFBP2;JUN;MMP9;SPP1
VU-0405172-2,0.5931428571428571,0.3533649847775278,3.687847158931416,6,,False,,,AREG;BMP6;CXCL1;CXCL8;FGF1;SERPINE1
W-9,0.5927465437788018,0.7900755940230951,1.493644527287267,7,,False,,,CXCL12;DKK1;EREG;ETS2;MMP1;MMP12;SERPINE2
SR-144528,0.592479262672811,0.9203675327937646,1.0320066385378217,8,,False,,,CXCL12;CXCL8;DKK1;GDF15;IGFBP2;IL7;MMP12;MMP9
Ergometrine,0.5921290322580646,0.3717885720545013,3.3077755774444646,4,,False,,,CXCL12;GDF15;PLAT;SERPINE2
Kinetin,0.5918894009216589,0.2457812539822904,4.2911774671502485,3,,True,80.0,False,ESM1;IGFBP6;MMP9
Rufinamide,0.591778801843318,0.3918678634047284,3.1121176369121533,6,,False,,,BMP2;CD9;CXCL2;DKK1;IL1B;SPP1
Curcumin,0.5917142857142856,0.5201458527153232,2.3392033413275404,5,senolytic,True,49.0,False,CCL5;CSF2RB;CXCL1;IL32;RPS6KA5
YM-976,0.5912534562211982,1.0994923357152138,0.6019941492086693,9,,False,,,ANGPT1;AREG;BEX3;CD55;CXCL2;EREG;IL32;MMP2;TIMP2
Cantharidin,0.5912350230414747,0.0203446125639645,5.460499487882236,8,,False,,,ACVR1B;CCL2;CCL20;CCL8;CST4;CXCL10;IL6;RPS6KA5
MK-8245,0.5908571428571427,0.4417722806564117,2.6640035752380795,7,,False,,,CXCL1;CXCL8;IGFBP5;ITGA2;MMP12;MMP3;PLAUR
Clocortolone,0.5906359447004608,0.8798047756818965,1.2293913871641318,8,,False,,,C3;CCL20;CXCL1;CXCL8;IL1A;MMP1;MMP10;PLAT
MSX-122,0.5902672811059907,0.3886052735690487,3.0616924800501284,6,,False,,,CCL2;CCL5;IGFBP5;PLAT;PTGES;TNFRSF1A
MDL-28170,0.5902488479262673,0.0064644238822895,6.592004502218001,3,,False,,,CCL4;IGFBP1;MMP10
HO-013,0.5902119815668203,0.8290272879557535,1.2806294553183786,7,,False,,,BEX3;BMP6;CXCL8;GDF15;GEM;IGFBP4;PGF
Kavain,0.5901751152073733,0.2990799913592957,3.903583022323198,5,,False,,,CD55;CXCR2;GEM;IGFBP6;LCP1
Nicardipine,0.5897695852534561,0.3518244884508806,3.562220009139625,6,,False,,,ANG;AREG;CXCL8;MMP1;SPP1;VEGFA
ASC-J9,0.5895668202764976,0.9238583123023292,0.9533763972455688,8,,False,,,AREG;BMP6;CD9;CXCL12;CXCL2;CXCL3;SERPINE2;SPP1
PSH-010,0.5894562211981567,1.1744227262855669,0.3532302428535132,10,,False,,,CXCL12;CXCL8;DKK1;IGF1;MMP1;MMP10;MMP3;PLAT;PLAU;SELPLG
Flecainide,0.5891889400921658,0.2890611897502901,3.973634888666683,5,,False,,,C3;CCL20;CD9;EDN1;IGFBP2
Metoclopramide,0.5890691244239631,0.7817311550288498,1.4287032276905751,7,,False,,,BMP6;C3;CD55;CXCL10;MMP1;MMP10;MMP3
SA-1939938,0.5888663594470045,0.6581205084517849,1.881527034272556,6,,False,,,AREG;CCL20;IGFBP1;IL6ST;PAPPA;PLAT
Phenformin,0.5887834101382488,0.0356827796538917,4.8796892127897,5,,True,29.0,True,ANG;BEX3;CCL5;MMP12;SPP1
Roflumilast,0.588774193548387,0.015291078244692,5.535608572366923,5,,False,,,AXL;CD9;CTSB;PLAUR;SPP1
INCA-6,0.5887649769585253,0.0050267240492136,6.495114720389446,5,,False,,,ANGPT1;C3;CCL20;IGFBP5;PLAT
Adiphenine,0.5887281105990783,0.0070316556476375,6.2302496081317,4,,False,,,BEX3;CCL20;CSF2RB;VGF
JDTic,0.5885990783410138,0.8932343961065776,1.0837264474864836,8,,False,,,AREG;CCL20;CXCL2;ETS2;IGFBP3;MMP12;MMP9;SERPINE1
Fraxetin,0.5885437788018433,0.0165381816025789,5.481220543021729,7,,False,,,C3;CD55;CXCL10;ETS2;GMFG;LCP1;MMP10
Anadamide,0.588442396313364,1.2803419271493617,0.114594839764447,8,,False,,,CXCL2;DKK1;IGFBP2;IGFBP3;IGFBP4;PLAT;SERPINE1;VEGFA
SA-440968,0.5883594470046083,0.3655529120938025,3.2790909969892885,4,,False,,,CTSB;CXCL10;ETS2;IL6ST
MW-SHH-61,0.588073732718894,0.3127409802571688,3.6641206926491057,5,,False,,,CD55;CXCL1;CXCL8;DKK1;SERPINE1
VU-0415012,0.588,1.2932724741540795,0.0417378455485824,7,,False,,,AREG;CXCL2;IGFBP4;IGFBP5;IL32;MMP10;MMP12
GW-7647,0.5876958525345621,0.3882977451529902,2.9624772496737473,6,,False,,,CD55;CXCL10;GDF15;IL6;PLAT;SERPINB4
Maribavir,0.5876129032258064,0.8984937919818103,1.0309555555052146,6,,False,,,ANGPTL4;BEX3;CD55;IGFBP4;IGFBP5;IL32
Bicalutamide,0.5875852534562211,0.006651956211622,6.247506737449258,6,,False,,,AREG;CXCL2;CXCL8;IL32;JUN;SPP1
SA-1462738,0.5873087557603687,0.4386577425518088,2.5799177734484378,7,,False,,,BMP2;CXCL12;EREG;MMP3;MMP9;PLAU;PLAUR
PD-160170,0.5872995391705068,1.286694386836973,0.064348726545127,7,,False,,,AREG;ETS2;ICAM1;IGF1;IGFBP2;IL1A;PLAT
Leu-Enkephalin,0.5872626728110599,0.3549127229447527,3.39861018703684,6,,False,,,AREG;CCL4;CXCL3;CXCL8;FAS;PTGER2
Docebenone,0.5871705069124424,1.1230594595670662,0.3756682058333537,7,,False,,,C3;CXCL12;IGF1;IGFBP3;IGFBP4;SERPINE2;TNFRSF11B
Enilconazole,0.5871612903225806,0.3800593545565317,3.044059400292423,6,,False,,,ACVR1B;CXCL12;GDF15;IGFBP5;PTGES;SERPINE2
Aceclofenac,0.5870599078341013,0.399959557284789,2.8566128381303457,6,,False,,,BMP6;CCL8;CXCL1;CXCL2;CXCL3;GEM
FU-JMBII105B,0.5864147465437788,0.4082961260784248,2.762052740362397,7,,False,,,AREG;CCL2;CCL20;IGF1;IGFBP2;IGFBP5;VEGFA
PF-02545920,0.5850414746543778,0.0502224292038222,4.455635957779696,7,,False,,,AXL;CCL2;CCL8;CXCL10;IL18;SEMA3F;SPP1
1-NITROSOAZOCANE,0.5847004608294931,1.08587281779899,0.5284502055069904,7,,False,,,CCL5;FGF1;MMP10;MMP13;MMP9;PLAT;SPP1
YL-59,0.5846359447004608,0.8035324996082974,1.2499512099182313,7,,False,,,CCL20;CXCL8;GMFG;IGFBP3;IQGAP2;PLAT;PLAU
Teneligliptin,0.5846359447004608,0.4717649147483704,2.337566325990018,8,,False,,,CCL8;CST4;CTSB;IL18;MMP1;MMP12;PTGER2;SERPINB4
Nomilin,0.5843502304147465,0.522281930428465,2.0897979460751785,5,,False,,,C3;IGFBP2;IGFBP6;IL1A;MMP9
Rifampicin,0.5842027649769586,0.0035023941668329,6.159705543651578,4,,True,56.1,False,AREG;EREG;ETS2;IQGAP2
Purvalanol-B,0.584073732718894,0.670868563413797,1.6071686749623568,5,,False,,,C3;CTSB;PTGES;SERPINE2;VEGFA
Delphinidin,0.5838986175115207,0.5119859038190706,2.1348504107599244,8,,False,,,CCL13;CCL2;CD9;CXCL10;DKK1;EREG;PTGES;SERPINE1
RS-56812,0.5837235023041474,0.6882772487877631,1.4565185812932426,5,,False,,,CCL20;CCL5;CXCL12;CXCL8;MMP9
Eicosatetraynoic-Acid,0.5829769585253456,0.009949805886503,5.394115705034537,5,,False,,,AREG;BMP2;GEM;IL6ST;SERPINB4
Pinaverium,0.5824331797235023,0.3999516870841795,2.6887620093898152,7,,False,,,CCL20;CD55;CXCL1;CXCL3;CXCL8;IL18;SPP1
VU-0424182-2,0.5821013824884793,0.4651811933674152,2.284077129256681,7,,False,,,ANG;CCL13;CTNNB1;CXCL12;ETS2;GDF15;MMP2
Mavoglurant,0.5816497695852534,1.1403109270840202,0.1704385706150224,10,,False,,,ANGPT1;CCL20;CD9;CXCL2;CXCL3;GMFG;IGF1;LCP1;MMP9;TNFRSF1B
Fluperlapine,0.5812165898617512,0.3025823855261286,3.4614998409546067,5,,False,,,AREG;DKK1;EREG;IGFBP6;VEGFA
LIVF001-002,0.5811612903225807,1.029446608071602,0.6087772598860559,6,,False,,,DKK1;GMFG;IGFBP2;PLAT;PLAU;SPP1
Droperidol,0.580626728110599,0.4965395392716001,2.0978611624066392,5,,False,,,CCL20;EDN1;GDF15;IGFBP4;MMP3
BI-D1870,0.5804608294930875,1.0242203495758542,0.6181008099349968,6,,False,,,CXCL12;GMFG;IGFBP2;IGFBP4;IGFBP6;SERPINB4
Acepromazine,0.580258064516129,0.6524449761368236,1.6579660997163108,6,,False,,,CSF2RB;CTSB;CXCL10;DKK1;GDF15;ICAM1
MDL-29951,0.5802027649769584,0.4134716112224208,2.5721029268027165,7,,False,,,ANG;BEX3;CCL5;CXCL2;CXCL3;EREG;SERPINE1
KU-C103676,0.5790875576036866,0.3932214179455308,2.6290438267677496,6,,False,,,CCL4;CXCL2;FGF2;MMP12;MMP9;VEGFA
Atazanavir,0.5789677419354838,1.112471431783276,0.2412632565933092,7,,False,,,BEX3;C3;CCL4;CXCL8;IQGAP2;PTGES;SERPINE2
PNU-22394,0.5787557603686635,0.0066948646500542,5.344429233650838,6,,False,,,CCL20;CXCL8;GDF15;IGFBP1;IL6;TNFRSF11B
YL-57,0.5786820276497695,0.3599743943555972,2.9766297177754724,6,,False,,,AREG;CD55;CXCL12;ETS2;GDF15;MMP3
AZD-1981,0.5782488479262672,1.0704931167928162,0.4185521781173452,7,,False,,,CD55;CD9;CTSB;CXCL8;DKK1;IGFBP2;PLAU
Isobutyl-Nitrite,0.5780645161290322,0.7817311550288498,1.1967502411156707,7,,False,,,AREG;CD55;CD9;EREG;IGFBP1;PLAUR;SERPINE1
VU-0415374-1,0.5779723502304147,0.7065953042650155,1.2835411957115177,6,,False,,,AXL;BMP2;CTSB;CXCL10;IGFBP6;LCP1
Isoreserpine,0.5777050691244239,0.6621770804457103,1.533089578675965,6,,False,,,CCL4;CCL5;CD9;CXCL3;IL18;IL6
BAY-598,0.5773640552995392,1.1331807744219462,0.0821539342008714,7,,False,,,ANG;CST4;CTSB;CXCL10;ESM1;IQGAP2;MMP12
Rivastigmine,0.5768847926267281,1.0141570895650622,0.5578511869975828,9,,False,,,CCL4;CCL5;CD9;CTNNB1;CXCL12;IL1B;MMP10;MMP12;SERPINE2
Ledipasvir,0.5763410138248848,0.4717649147483704,2.0904197055188187,8,,False,,,ANGPT1;CXCL10;CXCL8;DKK1;IGF1;IGFBP4;IGFBP5;MMP12
CP-94253,0.576331797235023,0.8676419949970562,0.9041346786219376,6,,False,,,CD9;CXCL3;GDF15;IGFBP3;IL1A;VEGFA
Oxantel,0.5762396313364055,1.0252978283538616,0.5320607535374668,6,,False,,,ANG;CSF2RB;CXCL10;CXCL12;EREG;IGFBP1
Cyproterone,0.5760829493087558,0.3446833161109052,2.971486455057314,6,,False,,,AREG;CXCL10;ICAM1;IL32;MMP9;PGF
AZD-7762,0.5760184331797235,1.0369911647166044,0.4787432380827092,10,,False,,,AXL;CTNNB1;DKK1;EGFR;MMP1;MMP12;PLAT;SERPINE1;SERPINE2;SPP1
2-AMINOANTHRACENE,0.5751797235023041,0.4404177194844059,2.187575742372529,7,,False,,,AREG;IL18;IL6ST;MMP3;PLAT;PTGER2;PTGES
KU-C104123,0.5750230414746543,0.4483395010322726,2.14112621850826,7,,False,,,CD9;CXCL10;LCP1;MMP10;MMP2;PLAT;TNFRSF11B
Voglibose,0.5748755760368663,0.9436868984678816,0.6069072992610385,8,,False,,,BEX3;CD55;CTSB;GEM;MMP1;MMP2;SERPINE2;SPP1
Cefaclor,0.5747557603686636,0.3108418081231831,3.0874455567568453,5,,False,,,BMP2;CCL20;GEM;MMP12;TNFRSF11B
U-0124,0.574700460829493,0.0168416923351426,4.3447337895453115,7,,False,,,BEX3;CXCL12;CXCL8;GDF15;IGF1;MMP3;PLAT
Oxaliplatin,0.574552995391705,0.665706341926515,1.406384840268167,6,,False,,,CCL4;CXCL8;IL32;IL6ST;MMP10;TNFRSF11B
Sotagliflozin,0.5745437788018433,1.0704931167928162,0.3440199743270974,7,,False,,,AREG;AXL;CCL2;CSF2RB;CXCL12;PGF;PLAU
O6-benzylguanine,0.5743502304147465,0.890198485697727,0.7799789565088122,8,,False,,,AXL;BEX3;CCL8;CD55;IGFBP5;MMP1;PLAU;SPP1
Sulpiride,0.5742764976958525,0.3417360929908225,2.9306421711726114,6,,False,,,BEX3;BMP2;CXCL1;CXCL2;CXCL3;MMP3
AM-92016,0.5741382488479262,0.3683415147132446,2.677059576292931,6,,False,,,CCL4;CD9;CXCL10;MMP12;SERPINB4;VEGFA
5-Methoxytryptamine,0.5736958525345621,1.116027803919429,0.0738485894154702,7,,False,,,CD9;CXCL12;ETS2;IGFBP4;IGFBP5;PGF;VEGFA
Prostaglandin,0.5732903225806452,0.9073680090342104,0.6598113726306264,6,,False,,,CCL20;CXCL2;ICAM1;IGFBP3;IL1A;SPP1
Naringin,0.5730691244239631,0.356467755836179,2.8004843240250743,6,,True,23.0,False,ANG;CCL4;CD55;IGFBP2;TNFRSF11B;VEGFA
Tyramine,0.5729124423963133,0.6625567798817258,1.3982167169778028,6,,False,,,C3;CXCL12;IGF1;IGFBP5;IGFBP6;SERPINE2
Ro-60-0175,0.572884792626728,0.8001639894831533,0.9722715499101788,7,,False,,,CCL20;CCL4;CXCL1;CXCL3;CXCL8;GDF15;IL32
Estramustine,0.5728663594470046,0.6679594464938574,1.338130538014871,5,,False,,,ANGPTL4;BMP2;CD55;MMP10;SPP1
Hexylcaine,0.5727557603686636,0.2160692113069813,3.560990877493999,4,,False,,,BMP2;GDF15;IGFBP6;IL6
Itdac-1,0.5723778801843318,0.9679047319460904,0.5188464993219815,8,,False,,,CD9;CTSB;IL32;JUN;MMP13;MMP9;PLAU;SERPINE1
Aklomide,0.571889400921659,0.6608497618047914,1.3981650679296471,5,,False,,,AREG;GMFG;IGFBP2;IL6ST;MMP10
Tamoxifen,0.5716221198156681,0.4185243646948806,2.2665443186474685,7,,False,,,AREG;BMP6;CCL4;CCL5;DKK1;IL18;SERPINB4
Ipsapirone,0.5712073732718894,0.4150779108774078,2.2816208901333708,7,,False,,,AREG;CD9;CXCL8;EREG;IGFBP1;MMP12;TNFRSF1B
Daphnetin,0.5710875576036867,0.2346072006784683,3.290916620478842,4,,False,,,AREG;CCL13;CSF2RB;PLAUR
SA-427604,0.5710414746543778,0.5055492742793868,1.798460667972034,8,,False,,,AREG;EGF;IGFBP1;IGFBP2;IGFBP5;IGFBP6;LCP1;SERPINE2
Ampicillin,0.5708571428571428,0.4650946504822169,1.9521223306149016,8,,True,34.0,False,C3;CXCL10;CXCL8;IGFBP2;IL32;MMP9;PLAU;VEGFA
Ibudilast,0.5707557603686636,0.5425997327223707,1.571921059761734,5,,False,,,CD55;IGFBP4;IGFBP5;SERPINE2;VEGFA
Marimastat,0.5705990783410138,0.3672108231236487,2.589134556217931,4,,False,,,AREG;CXCL2;GEM;PLAT
Butylated-Hydroxytoluene,0.5704331797235023,0.7867928264396943,0.978056578079521,7,,False,,,CCL2;CXCL10;ETS2;GEM;IGFBP3;IGFBP5;SPP1
SJB-shh-31,0.5691244239631336,0.3158927342542659,2.8028991602006705,6,,False,,,ACVR1B;BMP2;CD55;EREG;IGFBP5;VEGFA
Metixene,0.5685806451612903,0.7900755940230951,0.9240305469773684,7,,False,,,AREG;CCL5;CXCL8;FGF1;IL1A;MMP1;PLAU
SA-432137,0.5685345622119816,0.7049336943218327,1.0710784091929804,5,,False,,,ANGPT1;BEX3;CXCL8;PLAT;PLAUR
Trimetozine,0.5681566820276498,1.0464694880267016,0.2534673362352402,9,,False,,,ANGPTL4;AREG;AXL;CXCL2;CXCL3;DKK1;IGFBP2;IGFBP4;VEGFA
Nystatin,0.5677050691244239,0.9203675327937646,0.495030940531096,8,,False,,,AREG;CCL2;CD9;CXCL8;EREG;IL32;PLAU;TIMP2
Cefprozil,0.5671889400921659,0.6411344934832447,1.3656918916840757,6,,False,,,CCL5;IGFBP1;IGFBP4;IGFBP6;SERPINE1;SERPINE2
Adoprazine,0.5669308755760369,0.4351628710783424,1.986074678543212,7,,False,,,AREG;CXCL2;CXCL3;CXCL8;GEM;IGFBP6;VEGFA
Succinylsulfathiazole,0.5667741935483871,0.5425997327223707,1.4554851589011153,5,,False,,,CSF2RB;IGFBP2;IL1B;SERPINE2;TIMP2
Larixinic-Acid,0.5664700460829493,0.2431148872982947,3.060210654451055,4,,False,,,CD55;CXCL10;IL32;PLAUR
Dexchlorpheniramine,0.5659170506912442,0.6684699831950277,1.1973838379305224,6,,False,,,AREG;CXCL2;CXCL3;EREG;IL1A;MMP9
Ioversol,0.5658064516129032,0.5391299802810035,1.4424610172475154,9,,False,,,AREG;BMP2;CTNNB1;EREG;IGFBP6;MMP9;PLAUR;SERPINE2;VEGFA
PACOCF3,0.5656405529953917,0.0844261038385334,3.284536997895669,9,,False,,,C3;CD9;IL32;JUN;MMP1;MMP13;PLAT;SERPINE1;SERPINE2
Coumestrol,0.5653548387096774,0.9009035851519208,0.5354118366914207,6,,False,,,ANG;BMP2;CD9;CTSB;ICAM1;SERPINB4
Etoricoxib,0.5651981566820277,0.4993347322998271,1.6526899267122963,10,,False,,,AREG;BEX3;CXCL12;CXCL2;CXCL3;CXCL8;DKK1;EREG;IL18;SPP1
Quinapril,0.5650875576036866,0.4700979945643282,1.756500517179562,8,,False,,,BMP2;CCL4;CD55;CD9;LCP1;SERPINE2;SPP1;VEGFA
Icilin,0.564700460829493,0.0354359639701532,3.486009820001743,5,,False,,,CD55;CD9;CSF2RB;GDF15;MMP12
Nikethamide,0.5643870967741935,0.3666263505672192,2.4118983858507943,6,,False,,,C3;CD55;CXCL1;CXCL2;MMP9;SPP1
CGP-55845,0.5636497695852535,0.0266943697790038,3.5506989945328513,6,,False,,,C3;CCL20;CCL5;GDF15;IL1A;PLAT
Linoleamide,0.5632258064516129,0.0475683233234502,3.2859384241307596,9,,False,,,AREG;BMP6;CCL5;CXCL12;DKK1;IL6ST;MMP12;PGF;VEGFA
L-732138,0.5631705069124424,0.0107746449714231,3.887069833167999,3,,False,,,ANGPT1;IGFBP4;IGFBP5
Fursultiamine,0.5626543778801842,0.654481314344921,1.2268708333962786,6,,False,,,CCL20;CCL4;CCL5;CD9;MMP12;VEGFA
TC-H-106,0.562589861751152,0.4538507234737183,1.7495919637662445,7,,False,,,BEX3;CCL5;CSF2RB;CXCL10;IL6;MMP12;PLAT
Moxidectin,0.5617880184331796,0.6453593425198663,1.2441475407581517,6,,False,,,CD55;CXCL10;CXCL2;IL18;MMP12;SPP1
Cortisone,0.5615115207373271,0.2955507298784911,2.694895090698766,5,,True,20.8,False,AREG;CD9;CXCL3;EREG;MMP10
Otilonium,0.5614838709677419,0.893500787793847,0.4793389914348369,8,,False,,,ANGPTL4;AXL;IGFBP3;IL6;MMP3;PLAT;PTGES;VEGFA
CGP-12177,0.560700460829493,1.0420278715254023,0.0767331339245822,6,,False,,,AREG;CXCL2;CXCL8;IGFBP2;IL15;IL18
Prazosin,0.559852534562212,0.4768094275410643,1.588109921301194,8,,False,,,CCL4;CXCL1;CXCL12;DKK1;IGFBP4;IL32;IL6;SERPINB4
JAS07-006,0.5595299539170506,0.6625567798817258,1.076293119983594,6,,False,,,AREG;CXCL12;CXCL8;GDF15;IL6ST;MMP3
Sulfamerazine,0.5594285714285714,0.5221877806628485,1.4095615863476691,8,,True,36.21,False,CSF2RB;CXCL1;DKK1;EREG;IGFBP5;MMP3;MMP9;SERPINE2
GW-0742,0.5593179723502304,0.801820363038042,0.6657326084951283,7,,False,,,BEX3;CCL4;DKK1;IL1A;LCP1;PGF;SPP1
Remimazolam,0.5592350230414747,0.4174709452157543,1.8981483347752404,6,,False,,,CCL20;DKK1;FAS;IGF1;MMP1;TNF
Diflorasone,0.5590783410138248,0.5555673609992868,1.2624903814069368,9,,False,,,CST4;CTSB;CXCL12;CXCL2;CXCL8;GDF15;IL6ST;SERPINE2;TNFRSF11B
Indoramin,0.5589769585253456,0.8801725613596247,0.5184420796320637,8,,False,,,AREG;CXCL1;CXCL10;CXCL2;CXCL8;ETS2;MMP10;MMP3
Acetylcholine,0.5588018433179723,0.2256978186499952,2.8683018313933673,3,,False,,,ACVR1B;CD55;CTSB
Carmustine,0.5585806451612902,0.9068669311386286,0.350885704889599,8,,False,,,CD55;CXCL1;GDF15;IGFBP2;IGFBP4;IL32;SPP1;VEGFA
Basimglurant,0.5581013824884793,0.4989690983411643,1.4584524903468918,8,,False,,,ANGPT1;AREG;CXCL10;CXCL2;IGFBP4;IL18;IL6ST;MMP2
Flucytosine,0.5580092165898618,0.6700337187610583,0.9744999072942648,5,,False,,,BEX3;CXCL12;CXCL8;DKK1;SERPINB4
SA-1457415,0.5578064516129032,0.9203675327937646,0.2495080374017717,8,,False,,,AREG;C3;CD55;CXCL12;DKK1;IL32;SERPINE1;SERPINE2
Argatroban,0.5576866359447005,0.3699931959646028,2.162192966173751,6,,False,,,CCL20;CXCL10;CXCL2;GDF15;IL1A;IL1B
Deoxycorticosterone-Acetate,0.5576774193548386,0.4736793096392706,1.545020742045483,7,,False,,,BMP2;CSF2RB;DKK1;IGFBP2;IL15;SERPINB4;TNFRSF11B
YM-298198,0.5575668202764976,0.0199562304397455,3.409480672614932,6,,False,,,CD55;CD9;GDF15;MMP1;VEGFA;VEGFC
Furaltadone,0.5574009216589861,0.7651929734262709,0.7696960591788741,7,,False,,,AXL;BEX3;BMP2;EREG;MMP9;SERPINE1;SERPINE2
Carmoxirole,0.5573179723502304,0.9612953223680212,0.1462312995325302,8,,False,,,BMP6;CCL5;CCL8;CXCL10;CXCL12;IGFBP4;SERPINE2;VEGFC
Oxalomalic-Acid,0.5571428571428572,0.4623863975818034,1.579927105971273,9,,False,,,BEX3;BMP2;CCL20;CXCL8;IL1A;IL1B;MMP10;SPP1;VEGFA
Matrine,0.5571152073732718,0.2195716054738142,2.840043210878646,4,,False,,,CCL8;IL32;TNFRSF11B;TNFRSF1A
ICI-89406,0.5569493087557604,0.22472626895155,2.7973129983115506,4,,False,,,ANG;ANGPT1;IGFBP6;SERPINE2
SDZ-NKT-343,0.5564147465437788,0.7798461871892476,0.7014737493450471,7,,False,,,BMP2;BMP6;C3;CD9;IGFBP5;MMP1;SPP1
SA-96816,0.556258064516129,0.791819550488908,0.6488290132347482,7,,False,,,ANGPT1;AREG;CCL5;CD55;GEM;LCP1;SERPINE2
Manidipine,0.556147465437788,0.8765908952743655,0.4461808860655064,8,,False,,,AREG;AXL;BMP6;CSF2RB;DKK1;EREG;IL18;MMP2
Debrisoquin,0.5560921658986175,0.2910816228618335,2.5794257976566244,5,,False,,,BEX3;CTSB;IL32;MMP9;TNFRSF11B
Oxfendazole,0.5559631336405529,0.420166475872475,1.7968123519514658,7,,False,,,ANG;ANGPT1;C3;CXCL10;IGFBP2;IL15;SPP1
Isotretinoin,0.5555391705069124,0.0085076866198263,3.660928090300328,3,,False,,,CCL8;CXCL10;CXCL8
SA-424764,0.5555299539170506,0.4567347352066304,1.5605896993959585,7,,False,,,AREG;CCL4;CD55;CSF2RB;CXCL10;IGFBP1;TNFRSF1B
WR-216174,0.5551705069124424,0.6647664846005636,0.953812360810302,5,,False,,,AREG;CCL20;CCL5;IQGAP2;PTGER2
Guggulsterone,0.5549400921658987,0.6586207083095577,1.0241121865647562,6,,False,,,AREG;CCL8;CXCL10;CXCL12;IGF1;IGFBP4
Erythromycin-Estolate,0.5549400921658986,0.6590543857148929,1.0123586594221974,6,,False,,,CXCL10;EDN1;GEM;HGF;IGFBP5;PGF
Exemestane,0.5549308755760368,0.0249618741391017,3.194348136024006,5,,False,,,CXCL8;EREG;IGFBP5;MMP12;PLAT
LY-255283,0.5543778801843318,0.8526065744791719,0.4501926128070783,7,,False,,,ANGPTL4;BMP6;CXCL3;GEM;IGFBP2;IGFBP5;IQGAP2
Veliparib,0.5542396313364055,0.228228663118383,2.6804162765085673,4,,False,,,CXCL8;DKK1;JUN;PLAUR
Cilnidipine,0.5541843317972349,0.4251337742729499,1.7029213253626874,7,,False,,,ANGPT1;BEX3;CTNNB1;DKK1;ETS2;IL18;PGF
ARG-CSC2-40,0.5539078341013824,0.2919943577423383,2.4980781551629394,5,,False,,,BMP2;C3;CSF2RB;IGFBP5;SERPINE2
Haematoxylin-Pentaacetate,0.5535576036866359,0.2374318840621947,2.6243276924173218,4,,False,,,AREG;CCL2;DKK1;VEGFA
Moroxydine,0.5531336405529954,0.9679047319460904,0.0404899275580086,8,,False,,,AREG;AXL;CCL2;CXCL12;EREG;ESM1;SPP1;VEGFA
LUC M617,0.5526820276497695,0.3404125608638705,2.2513441416089295,5,,False,,,CCL20;CXCL1;CXCL2;CXCR2;IGFBP5
Levocabastine-Hcl,0.552258064516129,0.6483850229940932,0.9942830966029492,6,,False,,,CCL8;CXCL12;EGF;IGFBP2;MMP12;PLAT
LACZ M617,0.552110599078341,0.8808186249509864,0.3429174933477037,6,,False,,,AREG;DKK1;HGF;IGFBP2;IQGAP2;LCP1
SA-1456102,0.5518341013824885,0.893581046299561,0.2393348695896695,6,,False,,,DKK1;HMGB1;IGFBP2;MMP2;PLAU;SERPINB4
STK-721917,0.5518248847926266,0.665706341926515,0.8863751850797397,6,,False,,,CCL2;CCL20;DKK1;MMP13;MMP2;PLAU
Etidronic-Acid,0.5517695852534562,0.8829922236725615,0.3291405609836147,6,,False,,,C3;EREG;ETS2;IGF1;IL18;SERPINB4
Lumicolchicine,0.5517142857142857,0.0083952341743578,3.492790214864858,7,,False,,,BMP2;BMP6;CCL20;GDF15;IL15;MMP12;MMP3
SA-247592,0.5516129032258064,0.5736372249909145,1.0477996998215064,10,,False,,,BMP2;CCL4;CXCL1;CXCL8;ICAM1;IL32;MMP10;PLAUR;PTGES;SERPINB4
Fentiazac,0.5506912442396313,0.0359317541966147,2.865983771523704,5,,False,,,CD55;IGF1;PLAT;SERPINB4;VEGFA
Baeomycesic-Acid,0.5505714285714285,0.4935491007096675,1.2935391029498644,8,,False,,,AREG;C3;CXCL8;IGF1;IGFBP5;IQGAP2;PLAT;RPS6KA5
Amidopyrine,0.5502488479262673,0.2556291322700308,2.474325662438865,4,,False,,,CD9;GEM;IL1B;MMP1
ST-014075,0.5502488479262673,0.9191887483005752,0.0648268818697112,6,,False,,,C3;CD55;DKK1;EGF;IGFBP6;TNF
Erythromycin,0.5501290322580645,0.6555251242340883,0.9177941776047678,6,,True,37.0,False,ANGPT1;AXL;BEX3;MMP10;MMP2;TNFRSF1A
EMF-sumo1-8,0.5496958525345622,0.5709241999505832,1.0181769712262327,5,,False,,,GDF15;MMP1;MMP12;MMP3;MMP9
Ribostamycin,0.5495023041474654,0.2156650460480674,2.621964675119025,4,,False,,,ETS2;IGFBP5;MMP9;PLAU
Clavulanic-Acid,0.5489032258064517,0.3655529120938025,1.9668925767820264,4,,False,,,CCL2;CCL5;IGF1;SERPINE2
KI-20227,0.5479907834101382,0.4582788824851764,1.3584042853834948,8,,False,,,C3;CCL5;CD9;CXCL3;FGF1;MMP12;PLAU;VEGFA
Timonacic,0.5473917050691244,0.2317579245991876,2.4671929945190327,4,,False,,,CXCL2;CXCL3;DKK1;IGFBP5
SA-1457169,0.5473548387096774,0.0430160361364171,2.68443527722142,7,,False,,,AREG;C3;CCL20;CD9;GMFG;IGF1;SERPINE2
Bongkrek-Acid,0.5471889400921659,0.3783479392664871,1.801506246720762,6,,False,,,BEX3;CCL4;CST4;DKK1;SERPINE2;VEGFC
Macitentan,0.5470967741935484,0.033910800900246,2.7411975957989596,6,,False,,,AREG;AXL;CXCL12;CXCL2;CXCL8;SERPINE2
VU-0415108-1,0.5467096774193548,0.7600960501060752,0.5521930146316154,7,,False,,,CTSB;CXCL8;IGFBP2;IL6;JUN;MMP12;SPP1
Oleylethanolamide,0.5462488479262673,0.3783479392664871,1.7823385959725198,6,,False,,,AREG;CXCL2;CXCL3;IGFBP2;IGFBP5;SPP1
Tacrine,0.5462119815668203,0.0177830922916172,2.947029028243683,4,,False,,,CXCL1;IL32;IL6;MMP3
Rathyronine,0.5461751152073733,0.0199562304397455,2.929477683708218,6,,False,,,CTSB;CXCL2;CXCL3;CXCL8;IGFBP1;SERPINB4
Epibatidine,0.5459170506912442,0.2783918270294904,2.3263398786088128,5,,False,,,C3;CCL20;CD55;MMP12;MMP9
SA-427137,0.5457880184331797,0.8869876546239157,0.1220544458309184,8,,False,,,CSF2RB;CXCL1;CXCL12;ICAM1;IGFBP2;IL32;MMP9;SERPINE2
Beta-Funaltrexamine,0.5453271889400921,0.0082441142133624,3.245700529475928,7,,False,,,CCL8;DKK1;GEM;IL1B;LCP1;RPS6KA5;TNF
Artemisinin,0.5450875576036867,0.4302112843910239,1.433271442303915,7,,False,,,C3;CD9;ICAM1;IGFBP2;MMP9;PLAT;PLAU
Prunetin,0.5445253456221197,0.7951372654339396,0.3652722796010138,7,,True,5.19,False,CCL5;CXCL10;CXCL3;EREG;IGF1;IL15;IL18
L-750667,0.5443594470046083,0.3900781561655373,1.6203179537436772,6,,False,,,CCL20;CTNNB1;DKK1;IL6ST;JUN;MMP13
SR-1001,0.5442764976958525,0.6688719450957645,0.6801060542043742,6,,False,,,AXL;CCL20;CXCL1;MMP12;PLAT;SERPINB4
Adaprev,0.5441382488479263,0.6621770804457103,0.7591310561344653,6,,False,,,CTSB;CXCL3;IQGAP2;MMP1;PTGER2;VEGFA
Apomorphine,0.5437511520737327,0.5273086544776787,0.9792502911163904,5,,False,,,C3;CCL20;IGF1;IGFBP5;SPP1
LIVF001-008,0.5436129032258065,0.5955534407993048,0.8679786164821885,10,,False,,,CCL2;CSF2RB;CXCL1;CXCL10;CXCL3;CXCL8;DKK1;FAS;IL32;PGF
Methyl-Salicylate,0.5430046082949308,0.886910700698883,0.0612569777726975,8,,False,,,C3;DKK1;IGFBP2;MMP13;PTGES;SERPINE1;TIMP2;VEGFA
Heraclenol,0.542147465437788,0.0050267240492136,3.2407534441529733,5,,False,,,ANG;ANGPT1;CCL5;CD9;CXCL10
Zolmitriptan,0.5418617511520737,0.8101137953696563,0.2342310256411814,7,,False,,,AREG;CD9;CXCL3;GDF15;MMP12;MMP9;VEGFA
KU-C104219,0.5416589861751152,0.6729051483519606,0.6054638526302738,6,,False,,,BMP2;CCL5;CXCL12;HGF;IGFBP5;IL32
Diprotin-A,0.5416589861751152,0.0065672203758608,3.2114285417132393,6,,False,,,BMP2;CCL20;CD9;LCP1;MMP10;SPP1
5-Methylhydantoin,0.5415299539170506,0.8185090295440142,0.1856921090475529,7,,False,,,CSF2RB;DKK1;EREG;IL32;MMP12;MMP9;SERPINB4
Sumatriptan,0.5412995391705069,0.3006124012893356,2.0674524995621346,5,,False,,,CCL20;CCL4;CXCL8;IGFBP2;MMP12
SA-1938421,0.5409400921658986,0.6895668852730013,0.4936671087751887,6,,False,,,CD55;CXCL8;ICAM1;MMP9;PLAT;VEGFA
Azelastine,0.5406543778801843,0.2990799913592957,2.0587656440241133,5,,False,,,CD55;GEM;MMP2;SERPINE2;VGF
Isoflupredone,0.540589861751152,0.0132613657896913,2.8608951208690327,6,,False,,,C3;CTNNB1;CXCL10;IL6;MMP9;SERPINE2
Oxyquinoline,0.5405529953917051,0.5251725767645369,0.9265721445499626,5,,False,,,EGF;EREG;IGFBP2;MMP12;SERPINB4
Ficz,0.5397880184331797,0.4334278416621664,1.2889123362486157,7,,False,,,ANG;BEX3;CCL20;CXCL2;CXCL8;DKK1;TNFRSF11B
Arofylline,0.5394654377880184,0.7445906667922292,0.392355683108852,7,,False,,,BEX3;BMP2;CD55;CXCL1;FGF1;MMP10;PLAU
ICI-162846,0.5384239631336405,0.0306907020940998,2.515207823020906,5,,False,,,CD55;CXCL2;CXCL3;IGFBP5;MMP12
KU-C103428N,0.5383410138248848,0.216959676519414,2.279893377004249,4,,False,,,ACVR1B;EREG;HMGB1;IGFBP5
RS-102221,0.5383041474654378,0.6856613027222316,0.4442241315285613,6,,False,,,BMP2;CD9;CTNNB1;IL1B;PTGES;TNFRSF1A
STO-609,0.5381198156682027,0.4166913602527826,1.345659566113591,7,,False,,,ANG;BEX3;CD55;MMP1;PGF;PLAT;VEGFA
Rufloxacin,0.5380092165898618,0.2324336019568932,2.169811435803579,4,,False,,,IGF1;IL6;MMP12;RPS6KA5
Docosatrienoic-Acid,0.5379539170506913,0.2125934440355597,2.2882103192067857,4,,False,,,BEX3;CD55;IGFBP2;MMP10
MLN-2480,0.5374930875576036,0.6388495317416902,0.69233286316265,10,,False,,,AXL;CCL8;CD55;CST4;CXCL10;GDF15;MMP1;MMP3;MMP9;RPS6KA5
SA-1944378,0.5369400921658986,0.0136599972049706,2.6947958000198664,10,,False,,,AREG;AXL;CCL8;CXCL10;DKK1;GDF15;IGFBP2;IGFBP5;IGFBP6;IL6ST
Methyllidocaine,0.536921658986175,0.0066094095780693,2.980039869781128,6,,False,,,CCL13;CCL8;CSF2RB;CXCL12;IGFBP5;PLAT
Progesterone,0.536516129032258,0.4887549078564379,0.9797742096660248,7,,False,,,CCL4;CCL8;CXCL2;CXCL8;GEM;JUN;MMP12
BMY-7378,0.5364884792626728,0.0203446125639645,2.565578884355606,8,,False,,,ACVR1B;CCL20;CD55;CD9;GDF15;IGFBP2;IGFBP5;IL6ST
Iloperidone,0.53636866359447,0.3127409802571688,1.8378608533860492,5,,False,,,BEX3;IL6;JUN;MMP9;VEGFA
Pamidronate,0.5362857142857143,0.7900755940230951,0.1780711854408578,7,,False,,,ANGPT1;AXL;CD9;EREG;MMP1;SERPINB4;TIMP2
GSK-J2,0.5361751152073733,0.3092385860903359,1.8588559201936767,5,,False,,,AREG;CXCL12;CXCL8;DKK1;GMFG
Prasugrel,0.5360552995391705,0.4317009946488108,1.239796916958077,7,,False,,,CCL13;CD9;CTNNB1;CXCL3;IGF1;MMP12;SERPINE2
Probenecid,0.535594470046083,0.3528617811828369,1.6882632550514558,6,,False,,,CD55;CXCL2;ETS2;IGFBP2;IGFBP6;MMP2
Eserine,0.534958525345622,0.0082940673892164,2.8124058133964325,7,,False,,,AREG;HGF;ICAM1;MMP12;SERPINE2;TIMP2;VEGFC
Oseltamivir-Phosphate,0.5348663594470046,0.8035324996082974,0.0733648497008336,7,,False,,,ANG;AREG;CCL4;IQGAP2;MMP9;SERPINE2;SPP1
Thioperamide,0.5342672811059908,0.3568165660106726,1.6477569426967555,6,,False,,,CD55;CTSB;CXCL8;EREG;ICAM1;VEGFC
ORG-25935,0.5336036866359447,0.2303462504452373,2.0586002801178496,4,,False,,,CCL8;CXCL12;GDF15;SPP1
2-Aminobenzenesulfonamide,0.5332258064516129,0.4234731450517657,1.2233757645634875,7,,False,,,CCL2;CCL8;CD55;CXCL10;IL6;MMP12;MMP9
Hydrocotarnine,0.5328294930875576,0.3611771613106286,1.5797256505898545,6,,False,,,CCL5;IGFBP2;IGFBP6;IL32;MMP12;SERPINE2
GTP-14564,0.5326728110599078,0.6756100844350228,0.3716937924404034,6,,False,,,AREG;CCL20;CD55;IGFBP1;SERPINE1;VEGFA
XMD-892,0.5313732718894009,0.6676087818165153,0.403409137018059,5,,False,,,ICAM3;IGFBP6;PLAT;TNFRSF11B;VEGFA
AG-957,0.5313456221198156,0.3366391696706268,1.637555787074344,6,,False,,,AREG;C3;CCL2;CTNNB1;IGF1;IGFBP5
APD-668,0.5312350230414746,0.0067381393392582,2.70656218130692,6,,False,,,ANGPT1;CCL4;CD55;CSF2RB;MMP12;SPP1
Tetramisole,0.5309308755760368,0.3195394253937322,1.6532489945490427,5,,False,,,CTNNB1;IGFBP5;IGFBP6;MMP3;TIMP2
Balicatib,0.5307465437788018,0.4471558588236641,0.9966010777801853,7,,False,,,ANG;BEX3;CXCL3;CXCL8;JUN;LCP1;MMP12
LY-2811376,0.5306175115207372,0.3683415147132446,1.4207565372061823,6,,False,,,AREG;BMP2;CXCL10;MMP2;SERPINE2;VEGFC
VU-0413807-2,0.5299907834101383,0.6724012065765692,0.3527858481127486,6,,False,,,CD55;CD9;GDF15;GEM;IL6;SPP1
GBR-13069,0.5292165898617511,0.5365147671214479,0.6282280440818283,8,,False,,,CCL13;CCL2;CSF2RB;IGFBP5;IL18;MMP12;MMP9;PLAU
Pargyline,0.5285161290322581,0.2990799913592957,1.6968715751492418,5,,False,,,BMP2;CD55;GDF15;MMP2;SERPINE2
Methandriol,0.528442396313364,0.7620194212611308,0.0863147350421216,5,,False,,,AREG;CXCL8;IGFBP3;IGFBP5;IL6
CMAP-CRCGN-CB7950998,0.5282764976958525,0.3010314287483366,1.6741707004029172,5,,False,,,CD9;CTNNB1;CTSB;GDF15;IL6ST
GSK-1904529A,0.5280921658986175,0.0270405944126739,2.2223674533778253,6,,False,,,CCL4;CCL8;IL18;IL1B;MMP13;MMP3
JFD02227,0.5277050691244239,0.0199562304397455,2.328696382399397,6,,False,,,CD55;CD9;CXCL10;IL6ST;LCP1;TNFRSF11B
Tirapazamine,0.5271244239631336,0.6590543857148929,0.3836556549203052,6,,False,,,ANGPTL4;CD9;CTSB;CXCL1;CXCL2;VEGFC
RAN-30,0.5267926267281106,0.6393523714586113,0.4554693001356431,6,,False,,,BEX3;BMP2;ETS2;IGFBP2;MMP9;TIMP2
TUL-XIX029,0.5265069124423962,0.5324492970597687,0.589991461835039,8,,False,,,ACVR1B;C3;CD9;GDF15;MMP1;MMP9;PTGES;VEGFA
Taranabant,0.5263963133640552,0.0307850538540699,2.139609803992584,8,,False,,,CXCL3;CXCL8;IGFBP5;JUN;MMP9;SERPINB4;SPP1;VEGFA
Furafylline,0.5262672811059907,0.3707132172904817,1.2865710310675855,4,,False,,,EGF;IGFBP4;MMP10;SERPINB4
Todralazine,0.5261751152073733,0.030478235643442,2.142354900140852,5,,False,,,DKK1;IGF1;MMP1;MMP10;PGF
VU-0400193-3,0.5258248847926267,0.6793793680148237,0.1734251375139251,6,,False,,,CCL20;DKK1;IGFBP6;IL32;MMP3;VEGFA
GW-9508,0.5255023041474655,0.0050267240492136,2.6094134099806108,5,,False,,,CXCL1;CXCL8;GDF15;IGFBP2;VEGFA
Hydroxyfasudil,0.5254101382488479,0.4435581052527002,0.9000617111250133,7,,False,,,CCL5;CCL8;CXCL12;CXCL8;FGF1;IQGAP2;SERPINE2
BI-78D3,0.52436866359447,0.3162167475285904,1.4723559159837554,5,,False,,,AREG;CXCL1;ETS2;IGFBP5;MMP3
PETCM,0.5237788018433179,0.0199562304397455,2.1935238868303424,6,,False,,,AREG;CXCL10;ETS2;GMFG;IGF1;IGFBP2
Levcromakalim,0.5237603686635944,0.4369061490410781,0.8970894228711263,7,,False,,,C3;CCL20;CD55;CD9;CXCL2;DKK1;IL6ST
Desoxycortone,0.5229124423963134,0.0409238317564066,1.9774258484105895,5,,False,,,CXCL10;GDF15;MMP12;PLAU;SPP1
Fluprostenol,0.5226175115207373,0.2503654168091431,1.6675009426017535,4,,False,,,BEX3;BMP2;CD55;MMP3
Tolperisone,0.5223410138248847,0.0083444389942453,2.405900629620352,7,,False,,,AREG;CXCL12;GEM;IGFBP4;JUN;MMP1;SPP1
Lawsone,0.5212073732718894,0.0403019602023653,1.948924766321984,6,,False,,,BMP2;CD55;GDF15;IGFBP1;IGFBP5;LCP1
LDN-57444,0.5206543778801843,0.2225901912384082,1.7056431918604735,4,,False,,,EGFR;PLAT;TNFRSF11B;VEGFC
DBPR-108,0.52,0.2143779004813152,1.7352577073475337,4,,False,,,EREG;ETS2;IL32;VEGFA
L-733060,0.5193271889400921,0.6393523714586113,0.2845785883071813,6,,False,,,CCL2;CXCL10;CXCL8;GMFG;MMP12;SERPINE1
ETP-46464,0.5192442396313364,0.3850860786057454,1.033656677969899,6,,False,,,BMP2;CCL20;CXCL3;CXCL8;MMP12;MMP3
SA-1459256,0.5192073732718894,0.0624294554291209,1.799973348012951,11,,False,,,AREG;AXL;C3;CD55;EGF;EREG;ETS2;IGFBP5;PLAT;SEMA3F;SERPINE2
BP-897,0.5174377880184331,0.5108254289863836,0.5252926365644518,5,,False,,,GDF15;IGFBP1;PLAT;SPP1;VEGFA
Nitrobenzene,0.5174101382488479,0.3006124012893356,1.4121101603942017,5,,False,,,AXL;CCL20;CD55;IGFBP1;IGFBP6
Hydralazine,0.5170506912442396,0.0131766299539302,2.1246662887698236,6,,True,23.29,False,AREG;CXCL10;GEM;ICAM1;PLAU;VEGFA
Goserelin-Acetate,0.5168571428571429,0.5511220905910927,0.2978342342849489,9,,False,,,ACVR1B;CCL5;CCL8;CD55;CXCL10;CXCL2;HGF;IL32;SPP1
Laudanosine,0.5167741935483872,0.4351628710783424,0.7675507714353501,7,,False,,,CD55;CXCL8;FGF2;IGFBP5;SERPINE2;TNFRSF11B;VEGFA
EMD-41000,0.5167465437788018,0.6726845033647695,0.0127245827548906,6,,False,,,CCL20;CXCL1;CXCL8;GDF15;ICAM1;TNFRSF11B
NM-PP1,0.515926267281106,0.4285109148667203,0.796950141265627,7,,False,,,AREG;C3;CD55;CXCL8;GMFG;IL6ST;PLAT
WY-14-054,0.5156497695852534,0.3650011184048108,1.1219544392514391,6,,False,,,C3;CCL13;CD9;GDF15;PIGF;PLAT
Endecaphyllin-X,0.5155115207373272,0.4334278416621664,0.7577646706417657,7,,False,,,CCL4;CTNNB1;CXCL3;FGF1;MMP12;PLAU;VEGFA
BRL-52537,0.5150599078341014,0.3615646791563748,1.1409787555198188,6,,False,,,CCL5;CD55;CXCL12;GDF15;IGFBP5;SERPINB4
PRT-062607,0.5149032258064515,0.5201458527153232,0.4063315382745388,5,,False,,,CCL4;CXCL8;GMFG;IGFBP5;MMP9
Silibinin,0.514,0.0165381816025789,1.970239163318539,7,,False,,,AREG;CCL20;CXCL2;CXCL3;CXCL8;EREG;GDF15
Pivampicillin,0.5138433179723503,0.5251725767645369,0.3429235152643196,5,,False,,,AXL;CXCL10;IGFBP4;MMP12;SERPINB4
KM-04644SC,0.5134930875576037,0.3631626204862332,1.084648301042361,6,,False,,,CCL20;CTNNB1;IGFBP5;IGFBP6;IL1A;MMP2
Treprostinil,0.5131612903225806,0.3631626204862332,1.0751909071858543,6,,False,,,BEX3;GMFG;IL15;IL1B;MMP1;SERPINB4
JX-401,0.5131244239631336,0.3160101639129276,1.233315088938302,5,,False,,,CCL20;CXCL3;CXCL8;IL32;VEGFA
SB-258585,0.5129585253456221,0.5067415330631131,0.406470145921407,9,,False,,,AREG;AXL;CCL4;CXCL3;CXCL8;DKK1;EREG;MMP9;PLAUR
Beclometasone,0.511926267281106,0.3887388552154682,0.8622484667574215,7,,False,,,BMP2;DKK1;EDN1;LCP1;MMP2;TNFRSF1B;VEGFA
Eflornithine,0.5115299539170506,0.4948829786878885,0.4074497785952033,9,,False,,,AREG;C3;CCL4;CD55;CD9;CXCL2;DKK1;EREG;GDF15
Esomeprazole,0.5111336405529954,0.3876709946555782,0.8594804697696692,4,,False,,,CST4;IGFBP4;RPS6KA5;TIMP2
SA-88642,0.5109308755760369,0.3813825800112813,0.8970683941873727,4,,False,,,CXCL8;GEM;IL6;MMP12
IWP-L6,0.5108202764976958,0.3299850215066968,1.144574241062593,5,,False,,,AXL;BMP2;CCL5;IGFBP5;SERPINE2
Tofisopam,0.5091428571428571,0.0043283461691476,2.1334344618370116,3,,False,,,BMP2;CD55;IGFBP5
ZSTK-474,0.5091059907834101,0.0686208396400196,1.514805885553899,7,,False,,,CCL20;CXCL8;GDF15;IL32;LCP1;MMP12;SPP1
ABC-294640,0.5090138248847926,0.0206023066340417,1.7126018523644797,5,,False,,,AREG;CXCL8;EREG;MMP10;PLAT
MH-2075,0.5089032258064516,0.4671120892634097,0.4500847125071217,7,,False,,,AREG;CCL4;CXCL3;CXCL8;MMP12;MMP9;SERPINB4
SA-423862,0.508884792626728,0.6421595804559144,0.0119199380965406,11,,False,,,CD55;CD9;CSF2RB;CXCL10;GDF15;ICAM1;IL15;LCP1;MMP12;PLAT;TNFRSF11B
Dichloroacetic-Acid,0.50836866359447,0.0505285289052757,1.542147421492874,7,,False,,,BEX3;C3;IGF1;IGFBP6;IL32;IL6ST;PTGES
VU-0447127-2,0.5073732718894008,0.5404636550092289,0.0791117799467637,5,,False,,,CD9;IGFBP5;IQGAP2;MMP10;MMP3
Nocodazole,0.5064147465437787,0.1435599089361182,1.4177543589761044,3,,True,9.03,False,C3;CXCL10;IGFBP5
Etifenin,0.5063594470046082,0.4014703204540464,0.6771299423694442,7,,False,,,BMP2;CCL8;CD9;CXCL10;IGFBP2;IQGAP2;VEGFA
SA-433965,0.5058341013824885,0.0239171642872815,1.6306958553873845,9,,False,,,BEX3;CCL5;CD55;EREG;IL1A;IL32;PTGES;SERPINB4;TNF
BG-1006,0.5057419354838709,0.3599743943555972,0.9288115988307062,6,,False,,,BEX3;CXCL8;GDF15;IGFBP2;MMP12;TNFRSF11B
Lysergol,0.5043502304147466,0.010084086895103,1.808298074541765,8,,False,,,AREG;CCL4;CD9;CST4;CXCL10;ICAM1;MMP12;MMP9
Kasugamycin,0.5038709677419355,0.5486818073618505,0.0032046623299719,5,,False,,,ANG;ANGPTL4;CXCL12;CXCL8;IL18
Potassium-Canrenoate,0.5037142857142857,0.2970560291531828,1.1096607759776276,5,,False,,,C3;CCL20;GDF15;IGFBP6;PTGES
Vismodegib,0.5034654377880184,0.1594410530062872,1.3213737759417024,3,,False,,,CXCL2;CXCL8;SPP1
Rhamnetin,0.5032073732718894,0.0199562304397455,1.6189024944643755,6,,False,,,CCL20;CCL5;CXCL8;IGFBP1;IL6ST;IQGAP2
DFB,0.5026359447004608,0.0140637950552119,1.6747166964451343,4,,False,,,CCL4;DKK1;IGFBP5;IL1B
Tyrphostin-47,0.5019723502304148,0.0786642876292815,1.3139547758632468,11,,False,,,BEX3;CD9;CXCL12;ETS2;IL32;IL6ST;PTGER2;RPS6KA5;SELPLG;SPP1;TNFRSF1B
Rutaecarpine,0.5017880184331798,0.381602880502936,0.6756206614935204,6,,False,,,AREG;CSF2RB;CXCL2;CXCL3;IL32;MMP9
Sitaxentan,0.5006451612903225,0.4118724084832585,0.5397585941412031,7,,False,,,CCL20;CD55;EDN1;IL6ST;PTGES;SERPINE1;SPP1
Iodoform,0.49953917050691243,0.4150779108774078,0.4921252349202478,7,,False,,,CXCL1;CXCL8;CXCR2;IGFBP2;MMP1;PTGES;SERPINE2
2-PMDQ,0.4993824884792626,0.2288498728530508,1.1660970343151578,4,,False,,,BEX3;GEM;IGF1;IGFBP2
Pentetic-Acid,0.4983594470046082,0.2275484991464136,1.1464953300975282,4,,False,,,CCL2;FGF1;HGF;TIMP2
Tienilic-Acid,0.4983041474654378,0.3647682763118397,0.7409427649727915,6,,False,,,AXL;CCL2;CCL20;CSF1;CXCL10;IL1B
Primaquine,0.4979539170506912,0.452004563413485,0.2396539096952985,7,,False,,,ANG;BEX3;CD9;CXCL2;CXCL3;IGFBP2;MMP12
Mianserin,0.49734562211981564,0.0167396731686031,1.5012521440698567,7,,True,32.0,False,CD9;CXCL12;CXCL2;IGFBP2;IGFBP6;JUN;SERPINE2
Ergocornine,0.4972995391705069,0.3830660850679336,0.5754448649436705,4,,False,,,CCL4;CD9;CXCL2;IL32
Gangaleoidin,0.4969032258064515,0.025339808606998,1.385515338435103,7,,False,,,AREG;BMP2;CCL20;ICAM1;IGFBP5;IL6ST;SERPINE1
8-bromo-cGMP,0.49642396313364057,0.3385947320412496,0.8204317231290836,5,,False,,,C3;CCL20;CXCL8;IL6;TNF
Azimilide,0.4958156682027649,0.2191144239669866,1.1237253139225745,4,,False,,,EREG;ESM1;MMP9;SERPINE2
Candesartan-Cilextil,0.4953917050691244,0.3583917088267415,0.7212203949573507,6,,False,,,C3;CD9;CXCL10;PLAT;SERPINE2;VEGFA
Taurocholic-Acid,0.4946912442396313,0.3631626204862332,0.662501505625361,6,,False,,,CCL20;CD9;IGFBP2;MMP1;MMP3;VEGFA
KU-C104223,0.4945069124423963,0.0083952341743578,1.5904608176691786,7,,False,,,C3;CCL8;CD55;CXCL12;IGF1;SERPINE2;VEGFA
Tubastatin-A,0.4943502304147465,0.4234731450517657,0.3387226524491649,7,,False,,,CD55;CD9;ETS2;IGFBP3;IL1B;SERPINE1;VEGFA
Triphenylphosphine-Oxide,0.49417511520737323,0.4632601195089818,0.0863569180539389,7,,False,,,AREG;CXCL2;IGFBP2;SERPINE2;SPP1;TNF;VEGFA
Ticagrelor,0.49408294930875574,0.0049920775597919,1.6816132180335872,5,,False,,,CD9;JUN;MIF;MMP12;SPP1
Levallorphan-Tartrate,0.49386175115207376,0.4412305522985051,0.1746447049040064,8,,False,,,C3;CCL4;CSF2RB;CTNNB1;DKK1;EREG;HMGB1;IGFBP4
L-694247,0.49376958525345616,0.2819755561333327,0.933241596295596,5,,False,,,CD9;CXCL10;GDF15;MMP12;PTGES
O-Toluidinehcl,0.49326267281105984,0.0050267240492136,1.6603277817146735,5,,False,,,CCL5;CXCL12;IGFBP3;IGFBP4;RPS6KA5
U-69,0.49253456221198155,0.3432063900464877,0.7043937510220146,6,,False,,,CXCL2;CXCL3;GEM;MMP1;MMP10;PLAT
JNJ-16259685,0.4917788018433179,0.0081945744043736,1.5526365067894583,7,,False,,,CCL5;CD55;GEM;HGF;IGFBP2;IL32;SERPINB4
Talampicillin,0.4915576036866359,0.2955507298784911,0.8541512976332071,5,,False,,,AREG;CCL20;CXCL8;IGFBP2;PLAT
Arvanil,0.4915299539170506,0.2195716054738142,1.0240309534410297,4,,False,,,AREG;GEM;IGF1;IGFBP5
CMAP-PRISM-1B-PARENT,0.48993548387096775,0.3178734637708206,0.6811413001440778,5,,False,,,CCL8;CXCL10;FAS;ICAM1;PLAU
O-3M3FBS,0.48988940092165895,0.0176475241590542,1.292970295501343,4,,False,,,AREG;CCL4;CD55;TIMP2
RS-67333,0.4888847926267281,0.0199562304397455,1.2688118439917615,6,,False,,,BMP2;CCL20;CXCL2;ETS2;IGFBP6;TNFRSF1A
CTPB,0.48829493087557607,0.2847992932345114,0.8257845129694382,5,,False,,,BMP6;CTSB;IL32;SERPINB4;SERPINE2
EMF-sumo1-1,0.48788018433179714,0.4055638755166789,0.240465400756171,6,,False,,,CSF2RB;CXCL1;IGFBP1;MMP1;PTGES;VEGFA
Bigsaas,0.48774193548387096,0.4234568804354484,0.160242310571107,7,,False,,,CXCL2;CXCL3;EREG;GDF15;IL7;MMP12;VEGFA
Ciglitazone,0.48756682027649767,0.0082940673892164,1.420988655355807,7,,False,,,CCL5;CSF2RB;CXCL10;DKK1;GEM;IGFBP2;SERPINE2
Dimenhydrinate,0.4875115207373271,0.3969334296198419,0.2848265383583069,7,,False,,,CD55;ICAM3;IGFBP5;IL6;SERPINE2;SPP1;TNFRSF11B
KDM-103,0.4873732718894009,0.418312012789189,0.1638827851429032,7,,False,,,CCL8;FGF2;IGFBP6;MMP1;MMP10;MMP3;TNFRSF11B
Rilpivirine,0.4869400921658986,0.0100188016090055,1.368183401998183,5,,False,,,CD55;CXCL2;CXCL8;IGFBP5;VEGFA
ST-208960,0.48634101382488476,0.3143710696039877,0.6317992679441327,5,,False,,,ANGPT1;CXCL8;ICAM1;IGFBP6;PLAU
Sulfaquinoxaline,0.48552995391705067,0.3783479392664871,0.3529032374334194,6,,False,,,CCL20;ICAM1;IL1B;MMP10;TIMP2;VEGFA
Trelagliptin,0.483963133640553,0.0206023066340417,1.1110141125810544,5,,False,,,BEX3;CCL8;CXCL1;SERPINE2;SPP1
6-Nitronorepinephrine,0.4834746543778802,0.0083952341743578,1.2997504277613576,7,,False,,,BEX3;CCL4;CCL8;CXCL10;CXCL8;IGFBP5;TIMP2
CP-945598,0.4833732718894008,0.4134716112224208,0.0987389390036224,7,,False,,,AREG;GEM;IGF1;IGFBP6;PLAU;RPS6KA5;SPP1
SA-1456570,0.4824147465437788,0.3143710696039877,0.5505978280494235,5,,False,,,EDN1;EREG;ETS2;IL32;IL6ST
Antazoline,0.48219354838709677,0.3700234704965239,0.3075753395863577,4,,False,,,CCL20;DKK1;IGFBP1;SERPINE2
VU-0011562,0.4811612903225806,0.4134716112224208,0.0516923436600116,7,,False,,,C3;CXCL8;DKK1;IL32;IQGAP2;SELPLG;SERPINE2
SA-419083,0.48073732718894,0.0300587974592975,0.9732357605780196,5,,False,,,CXCL2;CXCL3;IGFBP2;MMP12;MMP9
Netupitant,0.4790506912442396,0.3076440569369731,0.5161658904607149,5,,False,,,CCL4;CCL5;CD55;IL18;SPP1
SA-1456576,0.4787281105990783,0.3615646791563748,0.3304412848344206,6,,False,,,ACVR1B;CCL20;CCL5;DKK1;IL32;MMP12
SA-1457305,0.47793548387096774,0.0698454079061705,0.7966954247023366,6,,False,,,AREG;CCL5;CSF2RB;CXCL12;GDF15;IGFBP1
SA-1459830,0.4776405529953917,0.0251351246667569,0.9268191449248826,5,,False,,,BMP2;DKK1;ICAM1;IGFBP4;SERPINB4
FPL-12495,0.4768847926267281,0.2425093612431673,0.6235472712263791,4,,False,,,CCL2;CD9;IL32;SPP1
CS-1657,0.47651612903225804,0.3817794679446703,0.0700242108106342,6,,False,,,BMP2;CCL20;CD55;MMP9;PLAUR;VEGFA
Dihydrorobustic-Acid,0.47645161290322574,0.3900781561655373,0.0252283648509311,6,,False,,,CCL5;CD55;IGFBP2;IGFBP5;SERPINE2;VEGFA
ZD-7155,0.475963133640553,0.0143906307508436,1.0287833539959153,4,,False,,,CD55;CD9;CTSB;IGFBP5
Chlorothiazide,0.47541013824884787,0.2239378379576685,0.6498657744494161,4,,False,,,GEM;IGFBP4;LCP1;VEGFA
KU-C104233,0.4753917050691243,0.0471721666899374,0.7882349928363954,6,,False,,,CXCL10;CXCL12;HGF;IL18;IL32;TNFRSF11B
TAK-220,0.47493087557603675,0.3483033133666834,0.2935312299218154,6,,False,,,ANG;CCL13;CD9;CXCL12;CXCL8;MMP1
DNQX,0.4727281105990784,0.0334801987186044,0.7873758911290376,7,,False,,,CCL5;CXCL8;IGFBP2;IL32;LCP1;PTGES;VEGFA
PP-3,0.4726912442396313,0.3699931959646028,0.0648835325801638,6,,False,,,CSF2RB;IL1B;MMP10;MMP9;PTGES;VEGFA
AG-490,0.47037788018433174,0.3533649847775278,0.1521749080880125,6,,True,17.5,False,CCL2;ESM1;HGF;ICAM1;IGFBP1;IGFBP3
Crenolanib,0.46910599078341014,0.0513101054060256,0.6264467536303198,8,,False,,,BMP2;CCL4;IGFBP5;IQGAP2;MMP1;MMP9;PGF;SPP1
SA-90153,0.4687004608294931,0.0142806981247842,0.8813649859288153,4,,False,,,CXCL1;EREG;IL15;IL32
Methoxypyruvic-Acid,0.4673917050691244,0.3265175868319868,0.1448082821480734,5,,False,,,CTSB;CXCL10;GDF15;IGFBP6;IL32
SA-1456227,0.4665714285714285,0.006781784798983,0.956410265669319,6,,False,,,CCL20;CXCL3;CXCL8;ICAM1;MMP12;SERPINE2
Odanacatib,0.4660092165898617,0.292563583917123,0.2817369297322303,5,,False,,,AXL;CXCL2;DKK1;IGFBP2;SERPINB4
LY-2886721,0.46505069124423964,0.0071950645078269,0.9162694385075864,4,,False,,,BMP2;CTSB;EREG;IGFBP6
Diphenhydramine,0.46415668202764976,0.0100883954600581,0.8477487963733525,5,,False,,,AXL;CXCL8;SERPINE2;TNFRSF11B;VEGFA
CC-930,0.4635207373271889,0.0100188016090055,0.8469139768135516,5,,False,,,AREG;CCL13;CCL8;CXCL8;PLAUR
L-165041,0.46208294930875576,0.01508047301985,0.7127306977921982,5,,False,,,CCL4;CCL5;CCL8;CD55;IGFBP1
Dacarbazine,0.46068202764976957,0.0270405944126739,0.5501107755557111,6,,False,,,CXCL1;CXCL2;CXCL3;MMP12;MMP3;RPS6KA5
BL-074,0.458626728110599,0.0249618741391017,0.5369507933603261,5,,False,,,ANG;CXCL10;CXCL12;ETS2;GEM
Amperozide,0.458479262672811,0.3076440569369731,0.0083681179497675,5,,False,,,CXCL10;FAS;IGFBP2;MMP1;RPS6KA5
A-443654,0.45627649769585255,0.216959676519414,0.2302295537915294,4,,False,,,CD55;ETS2;GDF15;IGFBP4
Itraconazole,0.4536497695852535,0.0409277895742565,0.3118201299824462,8,,False,,,C3;CCL2;IGFBP2;IL32;IQGAP2;LCP1;SERPINB4;SPP1
Procaine,0.45338248847926266,0.2855319282694855,0.0054808688027461,5,,True,21.2,False,CD55;CD9;IGFBP2;SERPINE2;SPP1
Pranidipine,0.4525345622119815,0.0035563721361527,0.7273653249753854,4,,False,,,ANGPT1;CXCL2;HGF;MMP10
LIVF001-019,0.4524976958525345,0.0132613657896913,0.5455545634917696,6,,False,,,CTSB;GDF15;IGFBP4;IGFBP6;MMP10;SERPINB4
GALR3 FBS,0.4448294930875576,0.0199941664554104,0.2416003342693383,8,,False,,,BEX3;CTNNB1;CXCL1;CXCL12;CXCL8;IGFBP2;PLAT;SERPINB4
Esculin,0.44450691244239626,0.006781784798983,0.4823493153431566,6,,False,,,AREG;CD55;ETS2;GDF15;IL1B;SPP1
Monoethylhexylphthalate,0.4435576036866359,0.0139568008379783,0.3190995765154054,4,,False,,,CXCL12;MMP9;PLAT;VEGFC
Dihydroptaeroxylin,0.4411612903225806,0.0083444389942453,0.3657320488227493,7,,False,,,ANGPT1;CD9;CXCL1;DKK1;IGFBP6;MMP3;SERPINB4
MW-STK33-3A,0.434036866359447,0.010084086895103,0.1307943710683728,8,,False,,,AREG;CXCL1;EDN1;IGFBP6;IL1A;IL1B;IL32;MMP3
ST-638,0.42874654377880184,0.0070316556476375,0.0722738774818625,4,,False,,,DKK1;IL1A;MMP10;PLAT
Danoprevir,0.426221198156682,0.006651956211622,0.0558517249400079,6,,False,,,AREG;CD9;CSF1;CXCL1;ICAM1;IGFBP2
Ciprofibrate,0.4224700460829493,0.0049920775597919,0.0089417554691798,5,,False,,,CXCL12;DKK1;EGF;GMFG;IL32
